timestamp,value,gesture
1780322273.970472,527,relax
1780322273.990895,493,relax
1780322274.011258,496,relax
1780322274.027195,477,relax
1780322274.047195,499,relax
1780322274.068194,539,relax
1780322274.088199,520,relax
1780322274.108999,513,relax
1780322274.129194,522,relax
1780322274.150497,532,relax
1780322274.170920,518,relax
1780322274.191503,508,relax
1780322274.211926,516,relax
1780322274.232490,526,relax
1780322274.252929,517,relax
1780322274.273518,525,relax
1780322274.289199,528,relax
1780322274.310195,563,relax
1780322274.330522,528,relax
1780322274.351525,536,relax
1780322274.371527,536,relax
1780322274.391950,524,relax
1780322274.412533,541,relax
1780322274.432199,521,relax
1780322274.452965,529,relax
1780322274.473961,526,relax
1780322274.494201,530,relax
1780322274.510967,544,relax
1780322274.531549,548,relax
1780322274.551973,522,relax
1780322274.572555,545,relax
1780322274.592201,522,relax
1780322274.613561,509,relax
1780322274.633984,516,relax
1780322274.654566,532,relax
1780322274.670568,533,relax
1780322274.690992,541,relax
1780322274.711574,511,relax
1780322274.731997,529,relax
1780322274.752580,540,relax
1780322274.772990,540,relax
1780322274.793586,545,relax
1780322274.814001,536,relax
1780322274.834591,561,relax
1780322274.851205,550,relax
1780322274.871596,530,relax
1780322274.892019,537,relax
1780322274.912195,523,relax
1780322274.932202,541,relax
1780322274.952992,532,relax
1780322274.973620,516,relax
1780322274.994613,539,relax
1780322275.010249,548,relax
1780322275.031038,535,relax
1780322275.051558,535,relax
1780322275.072044,536,relax
1780322275.092551,538,relax
1780322275.113050,535,relax
1780322275.133481,538,relax
1780322275.153993,547,relax
1780322275.174638,556,relax
1780322275.195058,522,relax
1780322275.215641,568,relax
1780322275.232066,542,relax
1780322275.252649,545,relax
1780322275.272557,549,relax
1780322275.293654,544,relax
1780322275.313657,546,relax
1780322275.334660,550,relax
1780322275.354232,523,relax
1780322275.375085,528,relax
1780322275.395668,521,relax
1780322275.412091,529,relax
1780322275.432192,504,relax
1780322275.452992,507,relax
1780322275.473679,533,relax
1780322275.494102,533,relax
1780322275.514685,548,relax
1780322275.535008,544,relax
1780322275.555690,529,relax
1780322275.571692,536,relax
1780322275.592695,526,relax
1780322275.612698,555,relax
1780322275.633193,545,relax
1780322275.652991,516,relax
1780322275.674127,512,relax
1780322275.694710,515,relax
1780322275.715132,548,relax
1780322275.735715,522,relax
1780322275.752138,510,relax
1780322275.772720,536,relax
1780322275.793143,534,relax
1780322275.813392,529,relax
1780322275.834149,524,relax
1780322275.854194,518,relax
1780322275.874995,520,relax
1780322275.895558,524,relax
1780322275.911274,522,relax
1780322275.932251,509,relax
1780322275.952761,536,relax
1780322275.972765,520,relax
1780322275.993750,543,relax
1780322276.014174,533,relax
1780322276.034756,530,relax
1780322276.055194,529,relax
1780322276.075171,537,relax
1780322276.096182,524,relax
1780322276.116765,525,relax
1780322276.133051,527,relax
1780322276.152991,528,relax
1780322276.174196,542,relax
1780322276.194756,529,relax
1780322276.214781,517,relax
1780322276.235784,537,relax
1780322276.255576,543,relax
1780322276.275993,562,relax
1780322276.292579,547,relax
1780322276.313215,545,relax
1780322276.333576,528,relax
1780322276.354192,538,relax
1780322276.374606,525,relax
1780322276.394869,554,relax
1780322276.415808,506,relax
1780322276.436232,557,relax
1780322276.456615,523,relax
1780322276.473062,530,relax
1780322276.493646,542,relax
1780322276.513074,530,relax
1780322276.534560,527,relax
1780322276.554572,545,relax
1780322276.575251,550,relax
1780322276.595685,543,relax
1780322276.616143,530,relax
1780322276.632509,526,relax
1780322276.653032,536,relax
1780322276.673844,544,relax
1780322276.694008,532,relax
1780322276.714746,529,relax
1780322276.735273,531,relax
1780322276.755560,533,relax
1780322276.776278,538,relax
1780322276.796861,559,relax
1780322276.812189,531,relax
1780322276.833866,526,relax
1780322276.852992,531,relax
1780322276.874292,524,relax
1780322276.894871,543,relax
1780322276.915260,535,relax
1780322276.935263,526,relax
1780322276.955950,540,relax
1780322276.972735,555,relax
1780322276.992740,535,relax
1780322277.017746,543,relax
1780322277.034315,548,relax
1780322277.054897,545,relax
1780322277.074914,534,relax
1780322277.095902,518,relax
1780322277.116325,537,relax
1780322277.136229,526,relax
1780322277.156909,516,relax
1780322277.177186,499,relax
1780322277.193916,515,relax
1780322277.214394,526,relax
1780322277.234871,542,relax
1780322277.255262,516,relax
1780322277.275976,508,relax
1780322277.296350,515,relax
1780322277.316932,512,relax
1780322277.336874,519,relax
1780322277.357180,502,relax
1780322277.374361,545,relax
1780322277.394943,501,relax
1780322277.415366,527,relax
1780322277.435949,539,relax
1780322277.455952,551,relax
1780322277.476955,513,relax
1780322277.496957,507,relax
1780322277.517184,508,relax
1780322277.533962,538,relax
1780322277.554386,520,relax
1780322277.574968,524,relax
1780322277.595410,484,relax
1780322277.615974,519,relax
1780322277.636397,510,relax
1780322277.656374,523,relax
1780322277.677464,494,relax
1780322277.697356,496,relax
1780322277.714408,520,relax
1780322277.734867,511,relax
1780322277.754993,504,relax
1780322277.775996,496,relax
1780322277.795536,494,relax
1780322277.816422,503,relax
1780322277.837005,503,relax
1780322277.857377,497,relax
1780322277.874009,518,relax
1780322277.894433,483,relax
1780322277.915015,549,relax
1780322277.935438,506,relax
1780322277.956021,513,relax
1780322277.976444,553,relax
1780322277.996226,517,relax
1780322278.017475,515,relax
1780322278.037187,518,relax
1780322278.057996,535,relax
1780322278.078181,512,relax
1780322278.095040,502,relax
1780322278.115463,490,relax
1780322278.135408,507,relax
1780322278.156468,497,relax
1780322278.177051,536,relax
1780322278.197191,494,relax
1780322278.217218,517,relax
1780322278.238183,506,relax
1780322278.255062,531,relax
1780322278.275485,511,relax
1780322278.296067,519,relax
1780322278.316490,513,relax
1780322278.336573,511,relax
1780322278.357566,528,relax
1780322278.377359,502,relax
1780322278.397186,523,relax
1780322278.418373,500,relax
1780322278.434860,483,relax
1780322278.455546,504,relax
1780322278.476092,508,relax
1780322278.496516,502,relax
1780322278.517184,515,relax
1780322278.537182,502,relax
1780322278.558181,498,relax
1780322278.578378,506,relax
1780322278.599109,494,relax
1780322278.615531,537,relax
1780322278.636114,531,relax
1780322278.656537,516,relax
1780322278.677181,514,relax
1780322278.697179,548,relax
1780322278.718184,516,relax
1780322278.738183,544,relax
1780322278.758183,507,relax
1780322278.775133,498,relax
1780322278.795367,504,relax
1780322278.816139,525,relax
1780322278.836562,510,relax
1780322278.856417,542,relax
1780322278.877354,503,relax
1780322278.898184,531,relax
1780322278.918381,517,relax
1780322278.938377,536,relax
1780322278.959578,535,relax
1780322278.980162,503,relax
1780322278.995998,502,relax
1780322279.017186,495,relax
1780322279.037179,497,relax
1780322279.056996,487,relax
1780322279.077470,485,relax
1780322279.098380,465,relax
1780322279.119184,487,relax
1780322279.139603,509,relax
1780322279.156186,530,relax
1780322279.176609,528,relax
1780322279.196997,532,relax
1780322279.217184,546,relax
1780322279.238185,541,relax
1780322279.258018,522,relax
1780322279.278833,539,relax
1780322279.299626,494,relax
1780322279.320208,513,relax
1780322279.336211,526,relax
1780322279.356546,507,relax
1780322279.377190,525,relax
1780322279.397190,490,relax
1780322279.418184,480,relax
1780322279.438183,498,relax
1780322279.459227,511,relax
1780322279.479181,486,relax
1780322279.495895,505,relax
1780322279.516656,499,relax
1780322279.537180,519,relax
1780322279.557055,517,relax
1780322279.577965,514,relax
1780322279.598181,520,relax
1780322279.618768,505,relax
1780322279.638993,547,relax
1780322279.660038,540,relax
1780322279.675874,529,relax
1780322279.696680,528,relax
1780322279.717182,507,relax
1780322279.737180,522,relax
1780322279.758181,484,relax
1780322279.778180,516,relax
1780322279.799274,482,relax
1780322279.819183,492,relax
1780322279.840277,492,relax
1780322279.860002,490,relax
1780322279.881005,478,relax
1780322279.896425,502,relax
1780322279.918185,502,relax
1780322279.938164,522,relax
1780322279.958633,514,relax
1780322279.978637,536,relax
1780322279.999642,518,relax
1780322280.019648,522,relax
1780322280.040651,512,relax
1780322280.056655,519,relax
1780322280.077660,530,relax
1780322280.097664,520,relax
1780322280.118669,498,relax
1780322280.138673,521,relax
1780322280.159678,502,relax
1780322280.179682,534,relax
1780322280.200687,469,relax
1780322280.220691,487,relax
1780322280.237298,485,relax
1780322280.258304,508,relax
1780322280.278308,513,relax
1780322280.298313,504,relax
1780322280.319317,518,relax
1780322280.339321,543,relax
1780322280.360326,532,relax
1780322280.380330,540,relax
1780322280.397334,545,relax
1780322280.417339,516,relax
1780322280.438343,493,relax
1780322280.458348,467,relax
1780322280.479352,471,relax
1780322280.499357,464,relax
1780322280.520350,477,relax
1780322280.540355,527,relax
1780322280.561360,482,relax
1780322280.577363,509,relax
1780322280.596877,531,relax
1780322280.618173,532,relax
1780322280.638810,524,relax
1780322280.659025,503,relax
1780322280.679608,521,relax
1780322280.700312,467,relax
1780322280.720316,466,relax
1780322280.741320,464,relax
1780322280.761824,470,relax
1780322280.778408,479,relax
1780322280.798412,516,relax
1780322280.819416,515,relax
1780322280.839421,548,relax
1780322280.860426,525,relax
1780322280.880004,519,relax
1780322280.901425,521,relax
1780322280.921427,482,relax
1780322280.941851,494,relax
1780322280.958351,454,relax
1780322280.978857,460,relax
1780322280.999439,483,relax
1780322281.019862,499,relax
1780322281.040445,504,relax
1780322281.060868,505,relax
1780322281.081311,552,relax
1780322281.101312,542,relax
1780322281.118313,532,relax
1780322281.138350,527,relax
1780322281.159461,484,relax
1780322281.179464,490,relax
1780322281.200467,447,relax
1780322281.220449,458,relax
1780322281.240893,444,relax
1780322281.261475,458,relax
1780322281.281312,493,relax
1780322281.298311,489,relax
1780322281.318313,510,relax
1780322281.339486,500,relax
1780322281.359884,524,relax
1780322281.380316,502,relax
1780322281.400914,499,relax
1780322281.421497,496,relax
1780322281.441920,477,relax
1780322281.458350,476,relax
1780322281.478350,488,relax
1780322281.498335,487,relax
1780322281.519511,490,relax
1780322281.539934,495,relax
1780322281.560516,496,relax
1780322281.580319,499,relax
1780322281.601498,496,relax
1780322281.621945,508,relax
1780322281.642525,482,relax
1780322281.662948,478,relax
1780322281.679533,479,relax
1780322281.699734,449,relax
1780322281.720538,486,relax
1780322281.740961,472,relax
1780322281.761311,494,relax
1780322281.781325,514,relax
1780322281.802550,500,relax
1780322281.822551,521,relax
1780322281.843554,516,relax
1780322281.859557,505,relax
1780322281.879313,504,relax
1780322281.900563,495,relax
1780322281.920987,489,relax
1780322281.941569,483,relax
1780322281.961992,472,relax
1780322281.982574,469,relax
1780322282.002997,479,relax
1780322282.019579,499,relax
1780322282.040002,513,relax
1780322282.060585,505,relax
1780322282.080328,514,relax
1780322282.101493,514,relax
1780322282.121593,506,relax
1780322282.142596,499,relax
1780322282.162599,478,relax
1780322282.183022,471,relax
1780322282.199604,474,relax
1780322282.220027,494,relax
1780322282.240610,486,relax
1780322282.260621,499,relax
1780322282.281774,503,relax
1780322282.302039,508,relax
1780322282.322340,505,relax
1780322282.343044,519,relax
1780322282.359626,486,relax
1780322282.379630,506,relax
1780322282.400312,504,relax
1780322282.420635,486,relax
1780322282.441637,502,relax
1780322282.461311,514,relax
1780322282.481345,484,relax
1780322282.502646,492,relax
1780322282.523069,514,relax
1780322282.539651,486,relax
1780322282.560074,531,relax
1780322282.580657,498,relax
1780322282.601080,500,relax
1780322282.621662,492,relax
1780322282.642085,483,relax
1780322282.662668,497,relax
1780322282.683091,490,relax
1780322282.703672,495,relax
1780322282.724096,504,relax
1780322282.740099,492,relax
1780322282.760682,495,relax
1780322282.780316,512,relax
1780322282.801486,503,relax
1780322282.822110,525,relax
1780322282.842693,500,relax
1780322282.862544,503,relax
1780322282.883579,508,relax
1780322282.903763,502,relax
1780322282.920765,499,relax
1780322282.941126,506,relax
1780322282.961486,482,relax
1780322282.982132,509,relax
1780322283.002715,504,relax
1780322283.023138,513,relax
1780322283.043720,499,relax
1780322283.063724,493,relax
1780322283.084726,500,relax
1780322283.100728,471,relax
1780322283.121151,488,relax
1780322283.141734,503,relax
1780322283.162157,498,relax
1780322283.182739,499,relax
1780322283.203163,492,relax
1780322283.223745,522,relax
1780322283.244168,518,relax
1780322283.260750,509,relax
1780322283.280666,516,relax
1780322283.301756,500,relax
1780322283.321759,521,relax
1780322283.342762,474,relax
1780322283.362764,504,relax
1780322283.383767,475,relax
1780322283.403770,475,relax
1780322283.424193,503,relax
1780322283.440775,502,relax
1780322283.460959,501,relax
1780322283.481321,530,relax
1780322283.502204,499,relax
1780322283.522786,505,relax
1780322283.543210,505,relax
1780322283.563792,506,relax
1780322283.584215,512,relax
1780322283.604796,513,relax
1780322283.625218,493,relax
1780322283.641803,502,relax
1780322283.661483,501,relax
1780322283.681500,512,relax
1780322283.702811,512,relax
1780322283.723234,513,relax
1780322283.743816,520,relax
1780322283.764240,532,relax
1780322283.784811,502,relax
1780322283.805245,517,relax
1780322283.821827,496,relax
1780322283.842250,492,relax
1780322283.862833,496,relax
1780322283.883256,523,relax
1780322283.903839,500,relax
1780322283.924262,512,relax
1780322283.944844,496,relax
1780322283.965267,502,relax
1780322283.981317,506,relax
1780322284.001852,525,relax
1780322284.022275,498,relax
1780322284.042857,507,relax
1780322284.063281,509,relax
1780322284.083863,508,relax
1780322284.104287,502,relax
1780322284.124869,513,relax
1780322284.145292,516,relax
1780322284.161482,502,relax
1780322284.181500,534,relax
1780322284.202880,534,relax
1780322284.223303,525,relax
1780322284.243885,513,relax
1780322284.263898,525,relax
1780322284.284806,522,relax
1780322284.304894,515,relax
1780322284.321316,530,relax
1780322284.341899,495,relax
1780322284.362322,519,relax
1780322284.382904,508,relax
1780322284.403311,504,relax
1780322284.423910,526,relax
1780322284.444333,527,relax
1780322284.464916,527,relax
1780322284.485339,519,relax
1780322284.505924,506,relax
1780322284.526310,506,relax
1780322284.542926,507,relax
1780322284.562929,514,relax
1780322284.583566,505,relax
1780322284.603935,511,relax
1780322284.624938,524,relax
1780322284.644315,511,relax
1780322284.665363,524,relax
1780322284.685946,521,relax
1780322284.706340,519,relax
1780322284.722951,519,relax
1780322284.743375,508,relax
1780322284.763746,504,relax
1780322284.784380,522,relax
1780322284.804634,520,relax
1780322284.825231,503,relax
1780322284.845313,520,relax
1780322284.866311,518,relax
1780322284.882973,513,relax
1780322284.902717,527,relax
1780322284.923399,506,relax
1780322284.943982,532,relax
1780322284.964209,528,relax
1780322284.984715,531,relax
1780322285.005411,535,relax
1780322285.026050,519,relax
1780322285.046020,532,relax
1780322285.062922,509,relax
1780322285.083421,518,relax
1780322285.103715,515,relax
1780322285.124506,519,relax
1780322285.145040,526,relax
1780322285.165290,525,relax
1780322285.185687,518,relax
1780322285.206241,527,relax
1780322285.222168,516,relax
1780322285.242759,522,relax
1780322285.263275,525,relax
1780322285.283772,505,relax
1780322285.304101,498,relax
1780322285.325047,513,relax
1780322285.345487,526,relax
1780322285.366040,526,relax
1780322285.386440,506,relax
1780322285.406407,533,relax
1780322285.427312,528,relax
1780322285.444050,535,relax
1780322285.464473,529,relax
1780322285.484795,535,relax
1780322285.505059,510,relax
1780322285.525316,498,relax
1780322285.546064,526,relax
1780322285.566311,521,relax
1780322285.586432,537,relax
1780322285.603492,524,relax
1780322285.624075,542,relax
1780322285.644498,517,relax
1780322285.665081,532,relax
1780322285.685434,531,relax
1780322285.705321,535,relax
1780322285.726323,530,relax
1780322285.746311,520,relax
1780322285.767515,547,relax
1780322285.784097,524,relax
1780322285.804100,523,relax
1780322285.825103,529,relax
1780322285.845106,525,relax
1780322285.865529,526,relax
1780322285.885379,518,relax
1780322285.906379,535,relax
1780322285.926325,535,relax
1780322285.943540,540,relax
1780322285.964123,515,relax
1780322285.984545,529,relax
1780322286.005128,528,relax
1780322286.025187,547,relax
1780322286.046133,523,relax
1780322286.066311,508,relax
1780322286.086312,513,relax
1780322286.107585,521,relax
1780322286.124196,531,relax
1780322286.144147,534,relax
1780322286.164313,528,relax
1780322286.185153,531,relax
1780322286.205575,529,relax
1780322286.225751,535,relax
1780322286.246634,524,relax
1780322286.266321,518,relax
1780322286.287312,527,relax
1780322286.308167,523,relax
1780322286.328345,521,relax
1780322286.345174,527,relax
1780322286.365313,536,relax
1780322286.386180,546,relax
1780322286.406317,526,relax
1780322286.426311,534,relax
1780322286.446316,527,relax
1780322286.468313,515,relax
1780322286.488193,532,relax
1780322286.504617,535,relax
1780322286.525200,519,relax
1780322286.545623,525,relax
1780322286.566310,527,relax
1780322286.586312,528,relax
1780322286.606723,523,relax
1780322286.627312,528,relax
1780322286.648312,527,relax
1780322286.668315,530,relax
1780322286.685222,538,relax
1780322286.705350,530,relax
1780322286.725343,520,relax
1780322286.746309,535,relax
1780322286.767309,520,relax
1780322286.787311,519,relax
1780322286.807658,524,relax
1780322286.828311,522,relax
1780322286.844663,533,relax
1780322286.865314,523,relax
1780322286.885669,532,relax
1780322286.905360,531,relax
1780322286.926323,533,relax
1780322286.946320,540,relax
1780322286.967680,524,relax
1780322286.988263,533,relax
1780322287.008715,525,relax
1780322287.025268,530,relax
1780322287.045271,520,relax
1780322287.066309,527,relax
1780322287.086309,518,relax
1780322287.106457,529,relax
1780322287.127311,517,relax
1780322287.147706,516,relax
1780322287.168312,523,relax
1780322287.184711,524,relax
1780322287.208538,547,relax
1780322287.225716,512,relax
1780322287.246310,525,relax
1780322287.266310,526,relax
1780322287.286781,532,relax
1780322287.307727,521,relax
1780322287.328313,552,relax
1780322287.348716,523,relax
1780322287.369318,529,relax
1780322287.389317,530,relax
1780322287.405307,526,relax
1780322287.426311,532,relax
1780322287.446326,530,relax
1780322287.467329,530,relax
1780322287.487752,528,relax
1780322287.508334,520,relax
1780322287.528758,511,relax
1780322287.549340,517,relax
1780322287.569326,512,relax
1780322287.586312,517,relax
1780322287.606344,518,relax
1780322287.627311,509,relax
1780322287.647774,519,relax
1780322287.668108,527,relax
1780322287.688107,532,relax
1780322287.708659,537,relax
1780322287.728663,530,relax
1780322287.745667,526,relax
1780322287.765671,525,relax
1780322287.786676,526,relax
1780322287.807443,528,relax
1780322287.827799,520,relax
1780322287.848343,536,relax
1780322287.868804,524,relax
1780322287.889387,532,relax
1780322287.909317,530,relax
1780322287.926320,522,relax
1780322287.946548,521,relax
1780322287.967311,532,relax
1780322287.986774,512,relax
1780322288.008343,521,relax
1780322288.028311,516,relax
1780322288.048829,526,relax
1780322288.069277,541,relax
1780322288.085847,533,relax
1780322288.106380,535,relax
1780322288.126310,519,relax
1780322288.147422,534,relax
1780322288.167313,544,relax
1780322288.188343,521,relax
1780322288.208851,518,relax
1780322288.228716,523,relax
1780322288.249857,530,relax
1780322288.270437,526,relax
1780322288.290861,519,relax
1780322288.307445,523,relax
1780322288.327311,528,relax
1780322288.347315,533,relax
1780322288.368314,537,relax
1780322288.388876,521,relax
1780322288.409458,522,relax
1780322288.429312,523,relax
1780322288.450464,523,relax
1780322288.466311,536,relax
1780322288.487469,512,relax
1780322288.507892,521,relax
1780322288.528311,532,relax
1780322288.548311,529,relax
1780322288.569480,537,relax
1780322288.589903,563,relax
1780322288.610486,521,relax
1780322288.630909,527,relax
1780322288.646310,529,relax
1780322288.667497,525,relax
1780322288.687917,546,relax
1780322288.708317,521,relax
1780322288.728923,529,relax
1780322288.748715,534,relax
1780322288.769928,545,relax
1780322288.790511,554,relax
1780322288.806382,531,relax
1780322288.827312,519,relax
1780322288.847939,514,relax
1780322288.868097,528,relax
1780322288.888944,521,relax
1780322288.909552,501,relax
1780322288.929530,516,relax
1780322288.950533,524,relax
1780322288.970536,520,relax
1780322288.986367,520,relax
1780322289.007541,527,relax
1780322289.027312,522,relax
1780322289.048311,518,relax
1780322289.068969,527,relax
1780322289.089552,518,relax
1780322289.109349,528,relax
1780322289.130317,511,relax
1780322289.150979,522,relax
1780322289.171350,524,relax
1780322289.191984,514,relax
1780322289.208342,523,relax
1780322289.228342,524,relax
1780322289.248714,533,relax
1780322289.269577,519,relax
1780322289.290000,516,relax
1780322289.310583,521,relax
1780322289.330550,535,relax
1780322289.351492,522,relax
1780322289.368011,521,relax
1780322289.388341,521,relax
1780322289.409016,520,relax
1780322289.428992,541,relax
1780322289.450022,534,relax
1780322289.470604,537,relax
1780322289.491029,529,relax
1780322289.511610,528,relax
1780322289.531311,517,relax
1780322289.548341,519,relax
1780322289.568091,524,relax
1780322289.589041,529,relax
1780322289.609623,516,relax
1780322289.630046,538,relax
1780322289.650629,524,relax
1780322289.670493,528,relax
1780322289.691635,532,relax
1780322289.708057,544,relax
1780322289.728729,538,relax
1780322289.748312,548,relax
1780322289.769645,536,relax
1780322289.790069,535,relax
1780322289.809837,521,relax
1780322289.831074,518,relax
1780322289.851422,525,relax
1780322289.871660,518,relax
1780322289.887314,537,relax
1780322289.908341,541,relax
1780322289.928313,539,relax
1780322289.949317,524,relax
1780322289.970093,532,relax
1780322289.990676,533,relax
1780322290.011099,521,relax
1780322290.031500,522,relax
1780322290.052102,530,relax
1780322290.072685,520,relax
1780322290.089109,521,relax
1780322290.109692,521,relax
1780322290.129313,523,relax
1780322290.150698,534,relax
1780322290.170701,534,relax
1780322290.191703,551,relax
1780322290.211706,517,relax
1780322290.231843,520,relax
1780322290.252712,516,relax
1780322290.269135,538,relax
1780322290.289717,505,relax
1780322290.310140,515,relax
1780322290.330317,505,relax
1780322290.351146,521,relax
1780322290.370896,533,relax
1780322290.392151,523,relax
1780322290.412734,523,relax
1780322290.428311,521,relax
1780322290.449311,518,relax
1780322290.469742,521,relax
1780322290.490745,519,relax
1780322290.510747,516,relax
1780322290.530484,521,relax
1780322290.551753,539,relax
1780322290.572176,524,relax
1780322290.592758,514,relax
1780322290.609181,522,relax
1780322290.629753,517,relax
1780322290.650187,515,relax
1780322290.670769,526,relax
1780322290.691193,535,relax
1780322290.711484,517,relax
1780322290.731498,495,relax
1780322290.752781,511,relax
1780322290.773204,525,relax
1780322290.789786,509,relax
1780322290.809789,523,relax
1780322290.830212,508,relax
1780322290.850794,513,relax
1780322290.871324,524,relax
1780322290.891800,515,relax
1780322290.912223,526,relax
1780322290.932805,497,relax
1780322290.952640,511,relax
1780322290.973808,515,relax
1780322290.990233,504,relax
1780322291.010816,499,relax
1780322291.031319,518,relax
1780322291.051822,510,relax
1780322291.072311,507,relax
1780322291.092827,517,relax
1780322291.112830,512,relax
1780322291.133313,503,relax
1780322291.153835,512,relax
1780322291.170259,502,relax
1780322291.190841,507,relax
1780322291.211309,498,relax
1780322291.231863,511,relax
1780322291.252270,516,relax
1780322291.272852,517,relax
1780322291.292506,516,relax
1780322291.313858,522,relax
1780322291.330281,528,relax
1780322291.350863,509,relax
1780322291.371324,502,relax
1780322291.391869,510,relax
1780322291.411871,493,relax
1780322291.432875,509,relax
1780322291.452877,529,relax
1780322291.473300,507,relax
1780322291.493883,520,relax
1780322291.509717,518,relax
1780322291.530327,514,relax
1780322291.551322,519,relax
1780322291.571893,518,relax
1780322291.592316,517,relax
1780322291.612899,516,relax
1780322291.633322,538,relax
1780322291.653905,497,relax
1780322291.669907,493,relax
1780322291.690910,514,relax
1780322291.710773,505,relax
1780322291.731339,511,relax
1780322291.751918,499,relax
1780322291.772341,519,relax
1780322291.792924,519,relax
1780322291.813347,510,relax
1780322291.833618,509,relax
1780322291.854350,503,relax
1780322291.874724,514,relax
1780322291.891384,519,relax
1780322291.911940,484,relax
1780322291.932337,498,relax
1780322291.952351,507,relax
1780322291.973109,506,relax
1780322291.993738,516,relax
1780322292.014373,504,relax
1780322292.034866,500,relax
1780322292.054891,500,relax
1780322292.071382,521,relax
1780322292.091717,491,relax
1780322292.112172,496,relax
1780322292.133044,488,relax
1780322292.153177,503,relax
1780322292.173698,520,relax
1780322292.194164,518,relax
1780322292.214982,487,relax
1780322292.231069,496,relax
1780322292.251713,513,relax
1780322292.272410,511,relax
1780322292.293086,514,relax
1780322292.313143,507,relax
1780322292.334065,495,relax
1780322292.354017,502,relax
1780322292.374997,499,relax
1780322292.395006,483,relax
1780322292.411429,490,relax
1780322292.431313,492,relax
1780322292.452435,496,relax
1780322292.473017,498,relax
1780322292.493519,504,relax
1780322292.514023,512,relax
1780322292.533717,513,relax
1780322292.555028,504,relax
1780322292.571451,490,relax
1780322292.591310,492,relax
1780322292.612046,472,relax
1780322292.633039,513,relax
1780322292.653042,485,relax
1780322292.674045,478,relax
1780322292.694048,492,relax
1780322292.714471,494,relax
1780322292.735054,503,relax
1780322292.751395,505,relax
1780322292.776056,498,relax
1780322292.792481,508,relax
1780322292.813064,488,relax
1780322292.833488,494,relax
1780322292.854070,512,relax
1780322292.874493,483,relax
1780322292.895076,484,relax
1780322292.915496,491,relax
1780322292.935198,480,relax
1780322292.951310,493,relax
1780322292.972507,503,relax
1780322292.993089,499,relax
1780322293.013339,506,relax
1780322298.895901,513,relax
1780322298.916324,491,relax
1780322298.936907,500,relax
1780322298.953173,504,relax
1780322298.973911,507,relax
1780322298.994335,530,relax
1780322299.014917,541,relax
1780322299.035155,539,relax
1780322299.055923,532,relax
1780322299.075926,541,relax
1780322299.096929,543,relax
1780322299.116176,530,relax
1780322299.137185,523,relax
1780322299.157152,536,relax
1780322299.174359,524,relax
1780322299.194942,524,relax
1780322299.215365,505,relax
1780322299.235948,512,relax
1780322299.256371,506,relax
1780322299.276953,517,relax
1780322299.297162,524,relax
1780322299.317212,525,relax
1780322299.338082,531,relax
1780322299.358155,520,relax
1780322299.379181,542,relax
1780322299.399969,526,relax
1780322299.419981,555,relax
1780322299.436396,537,relax
1780322299.456338,544,relax
1780322299.477161,543,relax
1780322299.497161,545,relax
1780322299.518028,534,relax
1780322299.538189,542,relax
1780322299.559412,539,relax
1780322299.579176,562,relax
1780322299.596175,544,relax
1780322299.617000,555,relax
1780322299.637165,548,relax
1780322299.657150,555,relax
1780322299.678152,554,relax
1780322299.698152,545,relax
1780322299.718151,548,relax
1780322299.740017,539,relax
1780322299.760020,560,relax
1780322299.776442,538,relax
1780322299.797149,539,relax
1780322299.817152,541,relax
1780322299.837167,538,relax
1780322299.858154,528,relax
1780322299.878228,531,relax
1780322299.899459,529,relax
1780322299.920152,543,relax
1780322299.936464,556,relax
1780322299.957149,553,relax
1780322299.977164,552,relax
1780322299.998154,562,relax
1780322300.018152,564,relax
1780322300.039191,554,relax
1780322300.059152,569,relax
1780322300.079172,563,relax
1780322300.099655,563,relax
1780322300.116489,566,relax
1780322300.137155,565,relax
1780322300.157150,547,relax
1780322300.178151,555,relax
1780322300.198152,535,relax
1780322300.219153,547,relax
1780322300.239506,544,relax
1780322300.260089,547,relax
1780322300.280509,535,relax
1780322300.301092,548,relax
1780322300.321515,548,relax
1780322300.337905,562,relax
1780322300.358186,552,relax
1780322300.378192,549,relax
1780322300.399171,565,relax
1780322300.419530,565,relax
1780322300.440113,570,relax
1780322300.460536,568,relax
1780322300.481118,576,relax
1780322300.497207,569,relax
1780322300.518171,564,relax
1780322300.538171,554,relax
1780322300.559172,565,relax
1780322300.579171,556,relax
1780322300.600135,563,relax
1780322300.620558,566,relax
1780322300.641141,583,relax
1780322300.661564,578,relax
1780322300.677161,559,relax
1780322300.698228,560,relax
1780322300.718171,570,relax
1780322300.739179,562,relax
1780322300.759578,554,relax
1780322300.780151,558,relax
1780322300.800583,543,relax
1780322300.821193,558,relax
1780322300.836816,547,relax
1780322300.858170,553,relax
1780322300.878180,553,relax
1780322300.899169,554,relax
1780322300.919599,553,relax
1780322300.940182,562,relax
1780322300.960340,568,relax
1780322300.981188,569,relax
1780322301.001190,559,relax
1780322301.017161,563,relax
1780322301.038157,557,relax
1780322301.058151,565,relax
1780322301.079150,555,relax
1780322301.099512,559,relax
1780322301.120207,556,relax
1780322301.140630,539,relax
1780322301.161212,537,relax
1780322301.181149,541,relax
1780322301.202216,544,relax
1780322301.218510,539,relax
1780322301.239158,549,relax
1780322301.259226,553,relax
1780322301.280229,557,relax
1780322301.300231,561,relax
1780322301.320655,569,relax
1780322301.341237,563,relax
1780322301.361659,568,relax
1780322301.382196,574,relax
1780322301.397564,569,relax
1780322301.419248,574,relax
1780322301.439395,568,relax
1780322301.460253,573,relax
1780322301.480814,567,relax
1780322301.501203,572,relax
1780322301.521682,566,relax
1780322301.542156,561,relax
1780322301.558100,561,relax
1780322301.579151,561,relax
1780322301.599272,551,relax
1780322301.619696,562,relax
1780322301.640278,575,relax
1780322301.660701,563,relax
1780322301.681283,559,relax
1780322301.701313,556,relax
1780322301.722008,565,relax
1780322301.738242,554,relax
1780322301.759295,564,relax
1780322301.779148,568,relax
1780322301.800300,566,relax
1780322301.820337,561,relax
1780322301.840907,567,relax
1780322301.861729,566,relax
1780322301.882168,561,relax
1780322301.898148,567,relax
1780322301.918399,562,relax
1780322301.938678,562,relax
1780322301.959770,572,relax
1780322301.980170,570,relax
1780322302.000748,573,relax
1780322302.021331,575,relax
1780322302.041754,577,relax
1780322302.062336,567,relax
1780322302.082183,571,relax
1780322302.103055,560,relax
1780322302.119765,560,relax
1780322302.140347,560,relax
1780322302.160770,555,relax
1780322302.181354,551,relax
1780322302.201308,557,relax
1780322302.222358,553,relax
1780322302.242361,556,relax
1780322302.262784,572,relax
1780322302.283366,558,relax
1780322302.299151,568,relax
1780322302.320261,573,relax
1780322302.340795,563,relax
1780322302.361377,561,relax
1780322302.381800,559,relax
1780322302.402160,552,relax
1780322302.422807,551,relax
1780322302.443389,566,relax
1780322302.459812,557,relax
1780322302.480224,545,relax
1780322302.500396,560,relax
1780322302.521399,534,relax
1780322302.541402,545,relax
1780322302.561825,548,relax
1780322302.582149,543,relax
1780322302.602415,549,relax
1780322302.623413,541,relax
1780322302.639836,561,relax
1780322302.659552,540,relax
1780322302.680842,550,relax
1780322302.701303,546,relax
1780322302.721752,555,relax
1780322302.742430,548,relax
1780322302.762853,553,relax
1780322302.783435,568,relax
1780322302.799149,557,relax
1780322302.820452,538,relax
1780322302.840443,554,relax
1780322302.860866,539,relax
1780322302.881449,544,relax
1780322302.901872,555,relax
1780322302.922135,553,relax
1780322302.942878,551,relax
1780322302.963460,529,relax
1780322302.983881,547,relax
1780322303.004450,546,relax
1780322303.020889,555,relax
1780322303.041471,536,relax
1780322303.061509,542,relax
1780322303.082131,537,relax
1780322303.102900,540,relax
1780322303.123542,535,relax
1780322303.143548,543,relax
1780322303.164271,535,relax
1780322303.180520,548,relax
1780322303.200883,551,relax
1780322303.221351,535,relax
1780322303.241746,533,relax
1780322303.262260,548,relax
1780322303.282754,534,relax
1780322303.303193,539,relax
1780322303.323647,541,relax
1780322303.344620,521,relax
1780322303.360788,535,relax
1780322303.381059,533,relax
1780322303.401875,524,relax
1780322303.421808,526,relax
1780322303.442109,534,relax
1780322303.463126,525,relax
1780322303.483152,527,relax
1780322303.503641,541,relax
1780322303.524154,520,relax
1780322303.540960,531,relax
1780322303.561543,515,relax
1780322303.581819,526,relax
1780322303.602296,519,relax
1780322303.622667,525,relax
1780322303.643170,521,relax
1780322303.663977,540,relax
1780322303.684559,513,relax
1780322303.700982,529,relax
1780322303.721565,517,relax
1780322303.741567,547,relax
1780322303.762570,523,relax
1780322303.782173,535,relax
1780322303.802996,528,relax
1780322303.823171,527,relax
1780322303.844002,517,relax
1780322303.864584,506,relax
1780322303.881006,517,relax
1780322303.905587,495,relax
1780322303.922012,501,relax
1780322303.942595,495,relax
1780322303.963018,519,relax
1780322303.983149,511,relax
1780322304.004024,515,relax
1780322304.024606,503,relax
1780322304.045218,520,relax
1780322304.065610,509,relax
1780322304.081614,512,relax
1780322304.102037,514,relax
1780322304.122620,527,relax
1780322304.143043,509,relax
1780322304.163625,506,relax
1780322304.184048,517,relax
1780322304.204631,496,relax
1780322304.225054,510,relax
1780322304.245637,512,relax
1780322304.262183,502,relax
1780322304.282195,508,relax
1780322304.303170,518,relax
1780322304.323344,512,relax
1780322304.344071,514,relax
1780322304.364653,498,relax
1780322304.384621,507,relax
1780322304.405659,499,relax
1780322304.421661,505,relax
1780322304.442084,492,relax
1780322304.462667,516,relax
1780322304.483178,506,relax
1780322304.503673,491,relax
1780322304.524096,497,relax
1780322304.544678,491,relax
1780322304.565101,501,relax
1780322304.585684,496,relax
1780322304.602106,508,relax
1780322304.622689,501,relax
1780322304.643184,498,relax
1780322304.663694,497,relax
1780322304.683150,493,relax
1780322304.704700,490,relax
1780322304.724702,496,relax
1780322304.745126,493,relax
1780322304.761708,498,relax
1780322304.782175,485,relax
1780322304.802175,482,relax
1780322304.823181,490,relax
1780322304.843719,484,relax
1780322304.864142,490,relax
1780322304.884725,481,relax
1780322304.905190,491,relax
1780322304.925730,489,relax
1780322304.946151,494,relax
1780322304.966734,476,relax
1780322304.982173,509,relax
1780322305.003171,486,relax
1780322305.023744,491,relax
1780322305.044167,487,relax
1780322305.064749,492,relax
1780322305.085146,482,relax
1780322305.105206,497,relax
1780322305.126178,482,relax
1780322305.146540,470,relax
1780322305.163192,477,relax
1780322305.183765,495,relax
1780322305.203809,487,relax
1780322305.224771,483,relax
1780322305.245194,483,relax
1780322305.265455,481,relax
1780322305.286200,485,relax
1780322305.306782,490,relax
1780322305.322785,489,relax
1780322305.343170,484,relax
1780322305.363790,495,relax
1780322305.384213,476,relax
1780322305.404153,478,relax
1780322305.425219,472,relax
1780322305.445801,463,relax
1780322305.466225,467,relax
1780322305.486808,465,relax
1780322305.503230,469,relax
1780322305.523812,470,relax
1780322305.544235,499,relax
1780322305.564818,466,relax
1780322305.585241,480,relax
1780322305.605683,474,relax
1780322305.625198,487,relax
1780322305.646829,478,relax
1780322305.662832,482,relax
1780322305.683255,494,relax
1780322305.703156,483,relax
1780322305.724395,469,relax
1780322305.744843,478,relax
1780322305.765266,472,relax
1780322305.785849,472,relax
1780322305.806272,474,relax
1780322305.826269,479,relax
1780322305.847275,483,relax
1780322305.867144,470,relax
1780322305.883862,483,relax
1780322305.904941,464,relax
1780322305.924868,453,relax
1780322305.945871,455,relax
1780322305.965873,474,relax
1780322305.986296,465,relax
1780322306.006878,467,relax
1780322306.027301,463,relax
1780322306.043884,478,relax
1780322306.064192,464,relax
1780322306.084165,473,relax
1780322306.105313,460,relax
1780322306.125752,459,relax
1780322306.146196,455,relax
1780322306.166901,463,relax
1780322306.187157,460,relax
1780322306.207144,466,relax
1780322306.223909,465,relax
1780322306.243441,452,relax
1780322306.264914,469,relax
1780322306.285229,465,relax
1780322306.305920,466,relax
1780322306.326343,460,relax
1780322306.346926,457,relax
1780322306.367143,465,relax
1780322306.383931,465,relax
1780322306.404354,460,relax
1780322306.424937,464,relax
1780322306.445359,479,relax
1780322306.465176,463,relax
1780322306.486417,462,relax
1780322306.506948,463,relax
1780322306.527154,471,relax
1780322306.547953,472,relax
1780322306.563956,464,relax
1780322306.584379,471,relax
1780322306.604961,475,relax
1780322306.625384,458,relax
1780322306.645967,455,relax
1780322306.666390,461,relax
1780322306.686602,465,relax
1780322306.706635,465,relax
1780322306.727978,467,relax
1780322306.748171,473,relax
1780322306.768144,472,relax
1780322306.785406,470,relax
1780322306.805989,468,relax
1780322306.826206,466,relax
1780322306.846995,468,relax
1780322306.866997,460,relax
1780322306.887898,465,relax
1780322306.907143,465,relax
1780322306.928145,463,relax
1780322306.945008,470,relax
1780322306.965431,460,relax
1780322306.986014,459,relax
1780322307.006437,455,relax
1780322307.026175,455,relax
1780322307.047154,463,relax
1780322307.068143,462,relax
1780322307.087600,467,relax
1780322307.108150,483,relax
1780322307.125032,477,relax
1780322307.146036,467,relax
1780322307.166039,468,relax
1780322307.187141,471,relax
1780322307.207156,459,relax
1780322307.227269,455,relax
1780322307.248147,459,relax
1780322307.268146,458,relax
1780322307.285055,460,relax
1780322307.305049,454,relax
1780322307.326061,460,relax
1780322307.346483,471,relax
1780322307.367157,469,relax
1780322307.387489,464,relax
1780322307.408146,470,relax
1780322307.428146,478,relax
1780322307.449172,479,relax
1780322307.465080,474,relax
1780322307.485503,483,relax
1780322307.506187,483,relax
1780322307.526509,481,relax
1780322307.547144,471,relax
1780322307.567158,470,relax
1780322307.588170,470,relax
1780322307.608149,473,relax
1780322307.629107,472,relax
1780322307.649523,485,relax
1780322307.666107,475,relax
1780322307.686530,479,relax
1780322307.706204,471,relax
1780322307.727152,474,relax
1780322307.748145,464,relax
1780322307.768142,473,relax
1780322307.789217,475,relax
1780322307.808220,467,relax
1780322307.830128,492,relax
1780322307.846132,472,relax
1780322307.866555,483,relax
1780322307.887141,472,relax
1780322307.907141,473,relax
1780322307.928173,456,relax
1780322307.948180,468,relax
1780322307.969158,478,relax
1780322307.989593,470,relax
1780322308.010154,475,relax
1780322308.026577,464,relax
1780322308.047154,472,relax
1780322308.067144,459,relax
1780322308.088144,452,relax
1780322308.108171,463,relax
1780322308.129172,470,relax
1780322308.149173,464,relax
1780322308.169597,478,relax
1780322308.186179,474,relax
1780322308.206602,477,relax
1780322308.227156,470,relax
1780322308.247607,479,relax
1780322308.268174,474,relax
1780322308.288172,476,relax
1780322308.309196,469,relax
1780322308.329619,486,relax
1780322308.350201,476,relax
1780322308.366203,469,relax
1780322308.387144,477,relax
1780322308.407143,482,relax
1780322308.427143,484,relax
1780322308.448144,488,relax
1780322308.468144,484,relax
1780322308.489220,472,relax
1780322308.509644,490,relax
1780322308.526225,465,relax
1780322308.550646,484,relax
1780322308.567152,473,relax
1780322308.587654,479,relax
1780322308.608223,490,relax
1780322308.628144,476,relax
1780322308.649242,488,relax
1780322308.669661,489,relax
1780322308.690248,493,relax
1780322308.710259,485,relax
1780322308.731252,490,relax
1780322308.746399,484,relax
1780322308.767679,474,relax
1780322308.788170,456,relax
1780322308.808143,474,relax
1780322308.829194,470,relax
1780322308.849690,482,relax
1780322308.870273,491,relax
1780322308.890696,502,relax
1780322308.907143,476,relax
1780322308.927701,475,relax
1780322308.948143,479,relax
1780322308.968142,471,relax
1780322308.989289,493,relax
1780322309.009354,478,relax
1780322309.030295,494,relax
1780322309.050297,483,relax
1780322309.071146,488,relax
1780322309.086580,483,relax
1780322309.107153,489,relax
1780322309.128183,496,relax
1780322309.148171,484,relax
1780322309.169314,490,relax
1780322309.189737,479,relax
1780322309.210320,495,relax
1780322309.230743,505,relax
1780322309.247284,487,relax
1780322309.267158,510,relax
1780322309.288145,498,relax
1780322309.308143,470,relax
1780322309.329173,497,relax
1780322309.349339,487,relax
1780322309.370342,507,relax
1780322309.390344,537,relax
1780322309.410768,546,relax
1780322309.427142,530,relax
1780322309.447156,531,relax
1780322309.468166,524,relax
1780322309.488172,536,relax
1780322309.509361,517,relax
1780322309.529145,520,relax
1780322309.550366,498,relax
1780322309.570789,505,relax
1780322309.591370,484,relax
1780322309.611794,487,relax
1780322309.632283,477,relax
1780322309.648143,477,relax
1780322309.668169,487,relax
1780322309.689385,473,relax
1780322309.709844,496,relax
1780322309.730376,502,relax
1780322309.750814,512,relax
1780322309.771470,510,relax
1780322309.791820,514,relax
1780322309.808470,510,relax
1780322309.828162,528,relax
1780322309.849407,519,relax
1780322309.869830,526,relax
1780322309.890413,515,relax
1780322309.910632,529,relax
1780322309.931419,520,relax
1780322309.951236,506,relax
1780322309.972425,514,relax
1780322309.988170,498,relax
1780322310.008141,498,relax
1780322310.029140,482,relax
1780322310.049855,504,relax
1780322310.070095,491,relax
1780322310.090861,510,relax
1780322310.111444,501,relax
1780322310.131885,515,relax
1780322310.148140,505,relax
1780322310.168140,514,relax
1780322310.189454,520,relax
1780322310.209877,519,relax
1780322310.230177,512,relax
1780322310.250463,529,relax
1780322310.271466,533,relax
1780322310.291468,529,relax
1780322310.312471,534,relax
1780322310.328184,518,relax
1780322310.348185,534,relax
1780322310.369479,523,relax
1780322310.389903,539,relax
1780322310.410485,525,relax
1780322310.430908,528,relax
1780322310.451490,521,relax
1780322310.471914,526,relax
1780322310.492494,503,relax
1780322310.512917,509,relax
1780322310.529153,491,relax
1780322310.549166,509,relax
1780322310.570507,529,relax
1780322310.590509,525,relax
1780322310.610933,535,relax
1780322310.631515,533,relax
1780322310.651230,548,relax
1780322310.672520,539,relax
1780322310.692944,537,relax
1780322310.709526,534,relax
1780322310.729949,525,relax
1780322310.750532,525,relax
1780322310.770955,530,relax
1780322310.791537,522,relax
1780322310.811960,534,relax
1780322310.832216,530,relax
1780322310.852142,541,relax
1780322310.868932,523,relax
1780322310.889550,531,relax
1780322310.909974,546,relax
1780322310.930556,544,relax
1780322310.951060,554,relax
1780322310.971562,540,relax
1780322310.992048,556,relax
1780322311.012103,548,relax
1780322311.032245,559,relax
1780322311.049455,539,relax
1780322311.069995,551,relax
1780322311.090512,537,relax
1780322311.111001,546,relax
1780322311.131674,528,relax
1780322311.151225,549,relax
1780322311.172589,542,relax
1780322311.192505,545,relax
1780322311.213170,532,relax
1780322311.229137,538,relax
1780322311.250020,537,relax
1780322311.270247,533,relax
1780322311.291026,546,relax
1780322311.311653,545,relax
1780322311.331775,558,relax
1780322311.352614,546,relax
1780322311.372670,546,relax
1780322311.393085,548,relax
1780322311.413169,555,relax
1780322311.430342,547,relax
1780322311.450737,553,relax
1780322311.471631,536,relax
1780322311.491633,543,relax
1780322311.512401,524,relax
1780322311.532257,548,relax
1780322311.552708,563,relax
1780322311.573622,546,relax
1780322311.593938,556,relax
1780322311.610650,545,relax
1780322311.631137,560,relax
1780322311.651688,555,relax
1780322311.672078,556,relax
1780322311.692661,555,relax
1780322311.712731,565,relax
1780322311.733140,555,relax
1780322311.753171,561,relax
1780322311.770672,543,relax
1780322311.790725,537,relax
1780322311.811677,544,relax
1780322311.831680,536,relax
1780322311.851219,554,relax
1780322311.872686,536,relax
1780322311.893170,548,relax
1780322311.913691,554,relax
1780322311.934139,559,relax
1780322311.950696,558,relax
1780322311.971120,562,relax
1780322311.991702,559,relax
1780322312.012125,568,relax
1780322312.032175,565,relax
1780322312.053220,563,relax
1780322312.073713,565,relax
1780322312.094136,562,relax
1780322312.110719,553,relax
1780322312.130324,557,relax
1780322312.151145,550,relax
1780322312.171727,566,relax
1780322312.192177,567,relax
1780322312.212669,563,relax
1780322312.232609,563,relax
1780322312.253172,572,relax
1780322312.274203,563,relax
1780322312.294742,559,relax
1780322312.315164,566,relax
1780322312.331133,554,relax
1780322312.352173,563,relax
1780322312.372146,559,relax
1780322312.393351,561,relax
1780322312.413760,568,relax
1780322312.433763,565,relax
1780322312.454764,566,relax
1780322312.474767,557,relax
1780322312.495163,556,relax
1780322312.511774,558,relax
1780322312.532197,560,relax
1780322312.552779,558,relax
1780322312.573387,563,relax
1780322312.593785,557,relax
1780322312.614208,563,relax
1780322312.634545,560,relax
1780322312.655214,563,relax
1780322312.671796,561,relax
1780322312.692219,569,relax
1780322312.712801,558,relax
1780322312.732200,556,relax
1780322312.753173,554,relax
1780322312.773810,559,relax
1780322312.794233,555,relax
1780322312.814815,554,relax
1780322312.834952,555,relax
1780322312.851820,554,relax
1780322312.872244,556,relax
1780322312.892826,563,relax
1780322312.913249,565,relax
1780322312.933148,565,relax
1780322312.954141,565,relax
1780322312.974837,553,relax
1780322312.995260,561,relax
1780322313.011842,554,relax
1780322313.031845,559,relax
1780322313.052848,541,relax
1780322313.072851,547,relax
1780322313.093274,554,relax
1780322313.113857,554,relax
1780322313.133844,557,relax
1780322313.154172,558,relax
1780322313.175285,561,relax
1780322313.195865,558,relax
1780322313.216289,556,relax
1780322313.232354,550,relax
1780322313.253171,564,relax
1780322313.273879,559,relax
1780322313.293723,561,relax
1780322313.314884,556,relax
1780322313.335307,557,relax
1780322313.355888,563,relax
1780322313.375891,557,relax
1780322313.392315,553,relax
1780322313.412898,560,relax
1780322313.433322,550,relax
1780322313.453171,552,relax
1780322313.474327,553,relax
1780322313.494909,553,relax
1780322313.515332,543,relax
1780322313.535139,552,relax
1780322313.556174,549,relax
1780322313.572527,558,relax
1780322313.593348,566,relax
1780322313.613925,567,relax
1780322313.634349,559,relax
1780322313.654931,564,relax
1780322313.674933,559,relax
1780322313.695936,551,relax
1780322313.715940,560,relax
1780322313.732295,563,relax
1780322313.752386,556,relax
1780322313.772842,558,relax
1780322313.793950,561,relax
1780322313.814373,564,relax
1780322313.834956,560,relax
1780322313.855379,546,relax
1780322313.875961,558,relax
1780322313.896384,548,relax
1780322313.912312,547,relax
1780322313.932532,560,relax
1780322313.953171,550,relax
1780322313.974053,558,relax
1780322313.994977,564,relax
1780322314.014980,560,relax
1780322314.035404,553,relax
1780322314.055986,562,relax
1780322314.072409,553,relax
1780322314.096989,551,relax
1780322314.117143,547,relax
1780322314.133138,559,relax
1780322314.154172,548,relax
1780322314.175002,549,relax
1780322314.195426,556,relax
1780322314.216008,550,relax
1780322314.235687,550,relax
1780322314.257012,558,relax
1780322314.277312,543,relax
1780322314.294019,560,relax
1780322314.314022,549,relax
1780322314.334445,554,relax
1780322314.354172,558,relax
1780322314.375451,561,relax
1780322314.396033,551,relax
1780322314.416456,558,relax
1780322314.436708,561,relax
1780322314.457135,553,relax
1780322314.473171,573,relax
1780322314.494467,565,relax
1780322314.514861,561,relax
1780322314.535472,556,relax
1780322314.556055,560,relax
1780322314.576173,550,relax
1780322314.597144,557,relax
1780322314.617145,548,relax
1780322314.633486,558,relax
1780322314.653197,560,relax
1780322314.674492,573,relax
1780322314.695074,562,relax
1780322314.715497,558,relax
1780322314.736080,563,relax
1780322314.756503,556,relax
1780322314.777142,562,relax
1780322314.797509,548,relax
1780322314.814090,551,relax
1780322314.834557,535,relax
1780322314.855096,551,relax
1780322314.875519,554,relax
1780322314.896173,546,relax
1780322314.916105,559,relax
1780322314.937133,561,relax
1780322314.957132,559,relax
1780322314.973141,570,relax
1780322314.994115,564,relax
1780322315.014538,557,relax
1780322315.035213,538,relax
1780322315.055544,543,relax
1780322315.076162,549,relax
1780322315.096224,534,relax
1780322315.117134,541,relax
1780322315.137136,531,relax
1780322315.158143,539,relax
1780322315.178167,540,relax
1780322315.195143,548,relax
1780322315.215146,534,relax
1780322315.236148,541,relax
1780322315.256151,537,relax
1780322315.276180,542,relax
1780322315.297134,542,relax
1780322315.317137,552,relax
1780322315.338138,540,relax
1780322315.354173,546,relax
1780322315.375167,551,relax
1780322315.395591,530,relax
1780322315.416173,547,relax
1780322315.436596,537,relax
1780322315.457135,547,relax
1780322315.477149,543,relax
1780322315.498184,550,relax
1780322315.518137,539,relax
1780322315.535190,542,relax
1780322315.555219,541,relax
1780322315.575616,546,relax
1780322315.596198,528,relax
1780322315.616621,543,relax
1780322315.637309,532,relax
1780322315.657134,529,relax
1780322315.678172,541,relax
1780322315.698138,548,relax
1780322315.715214,527,relax
1780322315.735638,517,relax
1780322315.756220,540,relax
1780322315.776195,522,relax
1780322315.797134,523,relax
1780322315.817186,512,relax
1780322315.838136,533,relax
1780322315.858134,521,relax
1780322315.874656,531,relax
1780322315.895239,530,relax
1780322315.915662,542,relax
1780322315.936245,531,relax
1780322315.956668,534,relax
1780322315.977133,520,relax
1780322315.997134,537,relax
1780322316.018181,521,relax
1780322316.038136,514,relax
1780322316.059260,526,relax
1780322316.079172,515,relax
1780322316.096267,523,relax
1780322316.116690,508,relax
1780322316.137273,526,relax
1780322316.157180,527,relax
1780322316.178186,516,relax
1780322316.198185,516,relax
1780322316.218138,528,relax
1780322316.239286,509,relax
1780322316.255293,529,relax
1780322316.276291,523,relax
1780322316.296715,523,relax
1780322316.317135,510,relax
1780322316.337144,504,relax
1780322316.358198,503,relax
1780322316.378182,498,relax
1780322316.399136,504,relax
1780322316.419732,498,relax
1780322316.436314,518,relax
1780322316.456316,498,relax
1780322316.477197,507,relax
1780322316.497322,509,relax
1780322316.517149,517,relax
1780322316.537516,506,relax
1780322316.558549,514,relax
1780322316.579333,507,relax
1780322316.595756,517,relax
1780322316.616339,508,relax
1780322316.636762,513,relax
1780322316.657133,517,relax
1780322316.677196,503,relax
1780322316.698134,500,relax
1780322316.718180,490,relax
1780322316.739134,502,relax
1780322316.759778,498,relax
1780322316.775781,509,relax
1780322316.796363,490,relax
1780322316.816419,502,relax
1780322316.837369,495,relax
1780322316.857173,504,relax
1780322316.878204,488,relax
1780322316.898133,505,relax
1780322316.919380,507,relax
1780322316.939134,498,relax
1780322316.960383,498,relax
1780322316.980446,480,relax
1780322316.997132,489,relax
1780322317.017403,488,relax
1780322317.038493,483,relax
1780322317.058133,486,relax
1780322317.079132,493,relax
1780322317.099405,486,relax
1780322317.120395,488,relax
1780322317.139717,495,relax
1780322317.156720,506,relax
1780322317.177203,483,relax
1780322317.197719,497,relax
1780322317.218265,494,relax
1780322317.238800,494,relax
1780322317.259192,468,relax
1780322317.279723,488,relax
1780322317.300462,497,relax
1780322317.320712,514,relax
1780322317.337281,514,relax
1780322317.357339,504,relax
1780322317.378539,514,relax
1780322317.398134,498,relax
1780322317.419133,502,relax
1780322317.439452,491,relax
1780322317.459875,498,relax
1780322317.480157,499,relax
1780322317.496880,500,relax
1780322317.517131,482,relax
1780322317.537886,492,relax
1780322317.558528,494,relax
1780322317.578170,489,relax
1780322317.599474,493,relax
1780322317.619897,473,relax
1780322317.640328,490,relax
1780322317.660903,473,relax
1780322317.677130,493,relax
1780322317.697234,482,relax
1780322317.718131,489,relax
1780322317.738171,479,relax
1780322317.758179,478,relax
1780322317.779175,481,relax
1780322317.799922,477,relax
1780322317.820504,476,relax
1780322317.840925,467,relax
1780322317.861507,481,relax
1780322317.877130,474,relax
1780322317.898151,488,relax
1780322317.918652,482,relax
1780322317.939520,476,relax
1780322324.001775,506,relax
1780322324.018126,495,relax
1780322324.037915,488,relax
1780322324.059362,476,relax
1780322324.079146,478,relax
1780322324.100368,490,relax
1780322324.120371,505,relax
1780322324.141174,499,relax
1780322324.161179,494,relax
1780322324.181145,490,relax
1780322324.202382,477,relax
1780322324.222805,488,relax
1780322324.239126,486,relax
1780322324.259810,486,relax
1780322324.280393,496,relax
1780322324.300816,520,relax
1780322324.321399,500,relax
1780322324.341822,505,relax
1780322324.362181,501,relax
1780322324.382186,495,relax
1780322324.399409,492,relax
1780322324.419412,483,relax
1780322324.440172,505,relax
1780322324.460418,509,relax
1780322324.480841,517,relax
1780322324.500750,510,relax
1780322324.521846,522,relax
1780322324.542429,492,relax
1780322324.562158,523,relax
1780322324.583154,499,relax
1780322324.603858,523,relax
1780322324.620440,507,relax
1780322324.640863,504,relax
1780322324.661289,499,relax
1780322324.681500,491,relax
1780322324.702443,491,relax
1780322324.722447,494,relax
1780322324.743456,501,relax
1780322324.763459,466,relax
1780322324.784433,486,relax
1780322324.804463,502,relax
1780322324.824886,452,relax
1780322324.841470,467,relax
1780322324.861893,460,relax
1780322324.882172,461,relax
1780322324.902899,508,relax
1780322324.923481,490,relax
1780322324.943908,406,relax
1780322324.964486,321,relax
1780322324.984126,325,relax
1780322325.001129,270,relax
1780322325.021133,242,relax
1780322325.042139,221,relax
1780322325.061684,327,relax
1780322325.082686,341,relax
1780322325.102690,438,relax
1780322325.123695,493,relax
1780322325.144285,512,relax
1780322325.164290,548,relax
1780322325.181294,536,relax
1780322325.201298,566,relax
1780322325.222302,521,relax
1780322325.242388,617,relax
1780322325.263392,558,relax
1780322325.283397,582,relax
1780322325.304402,590,relax
1780322325.324406,623,relax
1780322325.341539,653,relax
1780322325.361542,662,relax
1780322325.382204,645,relax
1780322325.402427,637,relax
1780322325.422433,675,relax
1780322325.443436,657,relax
1780322325.463976,671,relax
1780322325.484427,672,relax
1780322325.504982,664,relax
1780322325.521564,648,relax
1780322325.541986,658,relax
1780322325.562569,610,relax
1780322325.582171,584,relax
1780322325.603575,597,relax
1780322325.623998,598,relax
1780322325.644581,594,relax
1780322325.665004,614,relax
1780322325.685584,586,relax
1780322325.705586,566,relax
1780322325.722012,573,relax
1780322325.742594,556,relax
1780322325.763017,520,relax
1780322325.783600,501,relax
1780322325.804023,491,relax
1780322325.824605,485,relax
1780322325.845029,454,relax
1780322325.865610,487,relax
1780322325.886034,507,relax
1780322325.902616,506,relax
1780322325.923039,503,relax
1780322325.943622,529,relax
1780322325.964045,497,relax
1780322325.984422,534,relax
1780322326.004630,554,relax
1780322326.025633,545,relax
1780322326.045636,550,relax
1780322326.066059,596,relax
1780322326.082176,569,relax
1780322326.103064,601,relax
1780322326.123646,581,relax
1780322326.144070,551,relax
1780322326.164652,522,relax
1780322326.185075,538,relax
1780322326.205657,515,relax
1780322326.226081,525,relax
1780322326.242663,517,relax
1780322326.262182,538,relax
1780322326.283669,553,relax
1780322326.303671,569,relax
1780322326.324674,544,relax
1780322326.344677,526,relax
1780322326.364714,547,relax
1780322326.385420,554,relax
1780322326.406106,523,relax
1780322326.422688,490,relax
1780322326.443169,531,relax
1780322326.463170,535,relax
1780322326.484128,551,relax
1780322326.504699,557,relax
1780322326.525122,581,relax
1780322326.545705,551,relax
1780322326.566128,562,relax
1780322326.586488,531,relax
1780322326.606593,548,relax
1780322326.623716,561,relax
1780322326.643718,557,relax
1780322326.664141,544,relax
1780322326.684724,551,relax
1780322326.705327,571,relax
1780322326.725729,540,relax
1780322326.746153,559,relax
1780322326.766734,564,relax
1780322326.787157,577,relax
1780322326.803740,528,relax
1780322326.824163,549,relax
1780322326.844746,523,relax
1780322326.865169,508,relax
1780322326.885751,520,relax
1780322326.906174,530,relax
1780322326.926757,530,relax
1780322326.946760,564,relax
1780322326.963128,527,relax
1780322326.983764,556,relax
1780322327.004188,565,relax
1780322327.024770,552,relax
1780322327.045193,553,relax
1780322327.065776,593,relax
1780322327.086199,578,relax
1780322327.106152,568,relax
1780322327.127205,595,relax
1780322327.143786,604,relax
1780322327.164210,580,relax
1780322327.184793,620,relax
1780322327.205208,583,relax
1780322327.225798,599,relax
1780322327.245801,615,relax
1780322327.266804,587,relax
1780322327.286807,572,relax
1780322327.303084,574,relax
1780322327.323186,589,relax
1780322327.344234,576,relax
1780322327.364817,595,relax
1780322327.385241,586,relax
1780322327.405823,592,relax
1780322327.426246,601,relax
1780322327.446829,590,relax
1780322327.467122,601,relax
1780322327.483131,560,relax
1780322327.508122,549,relax
1780322327.524839,572,relax
1780322327.544842,563,relax
1780322327.565845,566,relax
1780322327.585848,542,relax
1780322327.606238,543,relax
1780322327.626853,560,relax
1780322327.647130,557,relax
1780322327.667862,576,relax
1780322327.688172,560,relax
1780322327.704865,565,relax
1780322327.725287,575,relax
1780322327.745870,519,relax
1780322327.766293,503,relax
1780322327.786123,519,relax
1780322327.807127,541,relax
1780322327.827132,602,relax
1780322327.848137,607,relax
1780322327.865139,590,relax
1780322327.884405,535,relax
1780322327.905312,552,relax
1780322327.925894,551,relax
1780322327.946317,566,relax
1780322327.966900,575,relax
1780322327.987323,582,relax
1780322328.007120,559,relax
1780322328.028180,612,relax
1780322328.044911,615,relax
1780322328.065334,603,relax
1780322328.085917,586,relax
1780322328.106072,564,relax
1780322328.126922,542,relax
1780322328.147124,565,relax
1780322328.167736,533,relax
1780322328.187324,551,relax
1780322328.204353,540,relax
1780322328.224936,555,relax
1780322328.245359,558,relax
1780322328.265941,564,relax
1780322328.286365,557,relax
1780322328.306094,563,relax
1780322328.327119,555,relax
1780322328.347122,576,relax
1780322328.368121,552,relax
1780322328.384958,595,relax
1780322328.405097,600,relax
1780322328.425963,571,relax
1780322328.446387,605,relax
1780322328.466969,581,relax
1780322328.487118,590,relax
1780322328.508069,601,relax
1780322328.527081,537,relax
1780322328.548124,554,relax
1780322328.568180,553,relax
1780322328.585406,578,relax
1780322328.605210,556,relax
1780322328.626376,586,relax
1780322328.646993,564,relax
1780322328.667417,553,relax
1780322328.687999,590,relax
1780322328.708180,575,relax
1780322328.728121,570,relax
1780322328.749179,582,relax
1780322328.765848,537,relax
1780322328.786013,573,relax
1780322328.807117,564,relax
1780322328.827119,568,relax
1780322328.847125,565,relax
1780322328.867729,530,relax
1780322328.888171,568,relax
1780322328.909123,583,relax
1780322328.925452,542,relax
1780322328.946034,558,relax
1780322328.966458,596,relax
1780322328.986562,591,relax
1780322329.007493,577,relax
1780322329.027175,561,relax
1780322329.048145,630,relax
1780322329.068317,604,relax
1780322329.089475,594,relax
1780322329.105063,607,relax
1780322329.126060,580,relax
1780322329.146482,632,relax
1780322329.167128,604,relax
1780322329.187489,588,relax
1780322329.208118,588,relax
1780322329.228592,611,relax
1780322329.248182,585,relax
1780322329.269500,545,relax
1780322329.286082,598,relax
1780322329.306572,584,relax
1780322329.327125,548,relax
1780322329.347120,582,relax
1780322329.368039,564,relax
1780322329.388171,561,relax
1780322329.409119,568,relax
1780322329.428870,569,relax
1780322329.449972,559,relax
1780322329.470107,521,relax
1780322329.486537,554,relax
1780322329.506989,556,relax
1780322329.527388,551,relax
1780322329.548103,524,relax
1780322329.568554,549,relax
1780322329.588994,540,relax
1780322329.609233,559,relax
1780322329.629699,531,relax
1780322329.650120,507,relax
1780322329.667136,538,relax
1780322329.687232,512,relax
1780322329.708044,554,relax
1780322329.727902,549,relax
1780322329.748844,555,relax
1780322329.769129,562,relax
1780322329.789514,562,relax
1780322329.810118,568,relax
1780322329.826576,568,relax
1780322329.847122,564,relax
1780322329.867718,575,relax
1780322329.888118,553,relax
1780322329.908117,550,relax
1780322329.929170,551,relax
1780322329.949593,538,relax
1780322329.970176,529,relax
1780322329.990599,560,relax
1780322330.007116,531,relax
1780322330.027114,527,relax
1780322330.047606,573,relax
1780322330.068116,547,relax
1780322330.088295,523,relax
1780322330.109195,584,relax
1780322330.129618,553,relax
1780322330.150200,563,relax
1780322330.166623,545,relax
1780322330.187206,528,relax
1780322330.207115,553,relax
1780322330.228294,524,relax
1780322330.248164,542,relax
1780322330.269296,539,relax
1780322330.289640,542,relax
1780322330.310488,508,relax
1780322330.330646,544,relax
1780322330.351049,567,relax
1780322330.371229,535,relax
1780322330.387374,569,relax
1780322330.408295,521,relax
1780322330.428563,560,relax
1780322330.449242,557,relax
1780322330.469665,556,relax
1780322330.490247,526,relax
1780322330.510669,578,relax
1780322330.531252,534,relax
1780322330.551676,537,relax
1780322330.568183,541,relax
1780322330.588170,555,relax
1780322330.608582,533,relax
1780322330.629313,570,relax
1780322330.650269,520,relax
1780322330.670272,540,relax
1780322330.691180,557,relax
1780322330.711278,547,relax
1780322330.727119,538,relax
1780322330.748296,481,relax
1780322330.768580,490,relax
1780322330.788481,517,relax
1780322330.809495,510,relax
1780322330.829500,513,relax
1780322330.850505,527,relax
1780322330.870509,514,relax
1780322330.891514,522,relax
1780322330.907517,515,relax
1780322330.927522,487,relax
1780322330.949086,531,relax
1780322330.969092,557,relax
1780322330.989096,539,relax
1780322331.010102,549,relax
1780322331.030105,559,relax
1780322331.051111,533,relax
1780322331.067105,568,relax
1780322331.088109,558,relax
1780322331.108114,565,relax
1780322331.129119,557,relax
1780322331.149123,505,relax
1780322331.170128,549,relax
1780322331.190132,531,relax
1780322331.211137,543,relax
1780322331.231698,522,relax
1780322331.251702,511,relax
1780322331.271707,506,relax
1780322331.288711,504,relax
1780322331.308715,515,relax
1780322331.329720,503,relax
1780322331.349725,445,relax
1780322331.370729,497,relax
1780322331.390734,489,relax
1780322331.411738,562,relax
1780322331.431743,559,relax
1780322331.448747,519,relax
1780322331.468751,533,relax
1780322331.489756,572,relax
1780322331.509761,563,relax
1780322331.530811,564,relax
1780322331.551121,577,relax
1780322331.571126,561,relax
1780322331.592131,551,relax
1780322331.612137,500,relax
1780322331.628139,552,relax
1780322331.649406,561,relax
1780322331.669830,518,relax
1780322331.690412,513,relax
1780322331.710835,559,relax
1780322331.731418,517,relax
1780322331.751841,539,relax
1780322331.772446,527,relax
1780322331.788120,543,relax
1780322331.809429,513,relax
1780322331.829852,508,relax
1780322331.850434,479,relax
1780322331.870437,490,relax
1780322331.891440,527,relax
1780322331.911443,466,relax
1780322331.932121,512,relax
1780322331.952449,521,relax
1780322331.968122,490,relax
1780322331.989172,464,relax
1780322332.009876,490,relax
1780322332.030459,449,relax
1780322332.050882,463,relax
1780322332.071465,461,relax
1780322332.091888,508,relax
1780322332.111582,479,relax
1780322332.128398,467,relax
1780322332.153171,487,relax
1780322332.173171,476,relax
1780322332.190481,483,relax
1780322332.210484,517,relax
1780322332.230907,520,relax
1780322332.251031,485,relax
1780322332.271913,492,relax
1780322332.292495,496,relax
1780322332.312919,480,relax
1780322332.333491,472,relax
1780322332.349924,502,relax
1780322332.370506,512,relax
1780322332.390929,481,relax
1780322332.411512,493,relax
1780322332.431935,505,relax
1780322332.452031,497,relax
1780322332.472940,525,relax
1780322332.493523,496,relax
1780322332.513342,511,relax
1780322332.529295,483,relax
1780322332.550531,486,relax
1780322332.570954,499,relax
1780322332.591562,503,relax
1780322332.611960,529,relax
1780322332.632584,493,relax
1780322332.653032,510,relax
1780322332.673548,513,relax
1780322332.689970,493,relax
1780322332.710553,479,relax
1780322332.730976,521,relax
1780322332.751559,516,relax
1780322332.771981,485,relax
1780322332.792564,527,relax
1780322332.812577,498,relax
1780322332.833570,494,relax
1780322332.853027,522,relax
1780322332.869995,514,relax
1780322332.890577,515,relax
1780322332.911000,508,relax
1780322332.931252,515,relax
1780322332.952006,524,relax
1780322332.972589,502,relax
1780322332.993012,548,relax
1780322333.013594,513,relax
1780322333.030017,485,relax
1780322333.050600,484,relax
1780322333.070296,494,relax
1780322333.091605,507,relax
1780322333.111608,508,relax
1780322333.132469,477,relax
1780322333.152614,492,relax
1780322333.173037,515,relax
1780322333.193619,514,relax
1780322333.213763,483,relax
1780322333.234623,524,relax
1780322333.251022,500,relax
1780322333.271630,497,relax
1780322333.292053,488,relax
1780322333.312635,475,relax
1780322333.332310,494,relax
1780322333.353172,482,relax
1780322333.374064,485,relax
1780322333.394647,485,relax
1780322333.410649,492,relax
1780322333.431652,468,relax
1780322333.451655,471,relax
1780322333.472078,487,relax
1780322333.492660,495,relax
1780322333.513083,496,relax
1780322333.533666,504,relax
1780322333.554089,513,relax
1780322333.574672,481,relax
1780322333.591094,479,relax
1780322333.611677,466,relax
1780322333.632100,525,relax
1780322333.652683,468,relax
1780322333.673170,486,relax
1780322333.693688,527,relax
1780322333.714112,487,relax
1780322333.734694,506,relax
1780322333.755117,475,relax
1780322333.771119,490,relax
1780322333.791702,498,relax
1780322333.812125,488,relax
1780322333.832656,492,relax
1780322333.853170,468,relax
1780322333.873713,495,relax
1780322333.894136,492,relax
1780322333.914718,483,relax
1780322333.931141,506,relax
1780322333.951724,481,relax
1780322333.972147,474,relax
1780322333.992729,483,relax
1780322334.013153,511,relax
1780322334.033559,462,relax
1780322334.053171,449,relax
1780322334.074740,476,relax
1780322334.094172,443,relax
1780322334.115165,444,relax
1780322334.135747,481,relax
1780322334.152172,471,relax
1780322334.172298,475,relax
1780322334.193349,488,relax
1780322334.213760,460,relax
1780322334.234001,472,relax
1780322334.254765,495,relax
1780322334.275188,449,relax
1780322334.295445,438,relax
1780322334.312194,448,relax
1780322334.332601,408,relax
1780322334.352779,474,relax
1780322334.373342,414,relax
1780322334.393784,460,relax
1780322334.414207,415,relax
1780322334.434790,445,relax
1780322334.455213,457,relax
1780322334.475796,486,relax
1780322334.492218,508,relax
1780322334.512801,477,relax
1780322334.533298,473,relax
1780322334.553173,463,relax
1780322334.574230,462,relax
1780322334.594812,488,relax
1780322334.615235,467,relax
1780322334.635818,484,relax
1780322334.651820,492,relax
1780322334.672823,490,relax
1780322334.692826,495,relax
1780322334.713341,503,relax
1780322334.733314,485,relax
1780322334.754254,480,relax
1780322334.774837,474,relax
1780322334.795260,477,relax
1780322334.815843,504,relax
1780322334.832265,486,relax
1780322334.852848,496,relax
1780322334.873382,494,relax
1780322334.893853,517,relax
1780322334.914276,481,relax
1780322334.934859,472,relax
1780322334.955289,526,relax
1780322334.975865,475,relax
1780322334.995173,482,relax
1780322335.016766,477,relax
1780322335.036871,532,relax
1780322335.053170,482,relax
1780322335.073359,524,relax
1780322335.094301,514,relax
1780322335.114953,518,relax
1780322335.135307,494,relax
1780322335.155889,457,relax
1780322335.176276,534,relax
1780322335.196894,501,relax
1780322335.213340,502,relax
1780322335.233900,487,relax
1780322335.254173,484,relax
1780322335.274906,507,relax
1780322335.294944,463,relax
1780322335.315521,469,relax
1780322335.335914,496,relax
1780322335.356440,471,relax
1780322335.376684,498,relax
1780322335.393342,471,relax
1780322335.413925,503,relax
1780322335.434605,468,relax
1780322335.454529,508,relax
1780322335.475354,503,relax
1780322335.495599,459,relax
1780322335.516013,463,relax
1780322335.536268,474,relax
1780322335.552520,480,relax
1780322335.574038,512,relax
1780322335.593950,485,relax
1780322335.614971,491,relax
1780322335.634975,510,relax
1780322335.655028,494,relax
1780322335.675566,504,relax
1780322335.696460,495,relax
1780322335.716899,459,relax
1780322335.733114,486,relax
1780322335.753171,517,relax
1780322335.773979,416,relax
1780322335.795000,471,relax
1780322335.815485,489,relax
1780322335.835983,482,relax
1780322335.856406,490,relax
1780322335.876988,516,relax
1780322335.897109,466,relax
1780322335.917110,525,relax
1780322335.933996,501,relax
1780322335.954172,497,relax
1780322335.975002,510,relax
1780322335.995425,467,relax
1780322336.016008,507,relax
1780322336.036334,471,relax
1780322336.057013,526,relax
1780322336.077435,485,relax
1780322336.097108,476,relax
1780322336.114441,527,relax
1780322336.135024,489,relax
1780322336.155174,497,relax
1780322336.176029,507,relax
1780322336.196453,516,relax
1780322336.217110,482,relax
1780322336.236429,463,relax
1780322336.257593,531,relax
1780322336.274047,485,relax
1780322336.294466,505,relax
1780322336.315049,517,relax
1780322336.335472,464,relax
1780322336.355175,518,relax
1780322336.376477,483,relax
1780322336.397108,463,relax
1780322336.417483,469,relax
1780322336.438113,503,relax
1780322336.454553,479,relax
1780322336.475071,498,relax
1780322336.495494,506,relax
1780322336.516076,479,relax
1780322336.536080,468,relax
1780322336.557174,512,relax
1780322336.576219,503,relax
1780322336.597110,492,relax
1780322336.614090,495,relax
1780322336.634325,508,relax
1780322336.655160,538,relax
1780322336.675519,499,relax
1780322336.696101,522,relax
1780322336.716524,470,relax
1780322336.737109,497,relax
1780322336.757109,473,relax
1780322336.778209,532,relax
1780322336.798170,484,relax
1780322336.818171,519,relax
1780322336.835120,480,relax
1780322336.856174,474,relax
1780322336.875931,513,relax
1780322336.896549,525,relax
1780322336.917218,503,relax
1780322336.937555,505,relax
1780322336.958114,535,relax
1780322336.978114,541,relax
1780322336.999142,531,relax
1780322337.015566,503,relax
1780322337.036149,518,relax
1780322337.056571,513,relax
1780322337.077154,547,relax
1780322337.097110,545,relax
1780322337.118198,527,relax
1780322337.138670,538,relax
1780322337.159165,492,relax
1780322337.175168,493,relax
1780322337.195590,526,relax
1780322337.216173,489,relax
1780322337.236596,514,relax
1780322337.256542,483,relax
1780322337.277602,498,relax
1780322337.298112,502,relax
1780322337.318184,506,relax
1780322337.339174,508,relax
1780322337.355613,498,relax
1780322337.376195,523,relax
1780322337.396618,496,relax
1780322337.417201,487,relax
1780322337.437624,511,relax
1780322337.458173,485,relax
1780322337.478180,505,relax
1780322337.498334,489,relax
1780322337.515214,517,relax
1780322337.535637,502,relax
1780322337.556219,535,relax
1780322337.576643,489,relax
1780322337.597225,514,relax
1780322337.617649,500,relax
1780322337.638171,476,relax
1780322337.658134,486,relax
1780322337.679195,535,relax
1780322337.695659,497,relax
1780322337.720256,503,relax
1780322337.736317,511,relax
1780322337.757111,539,relax
1780322337.777250,500,relax
1780322337.798111,515,relax
1780322337.818183,496,relax
1780322337.838171,504,relax
1780322337.859174,484,relax
1780322337.879220,477,relax
1780322337.896266,486,relax
1780322337.916690,507,relax
1780322337.937110,511,relax
1780322337.957126,504,relax
1780322337.978186,512,relax
1780322337.998141,492,relax
1780322338.019283,496,relax
1780322338.039623,538,relax
1780322338.060289,537,relax
1780322338.076291,569,relax
1780322338.097294,557,relax
1780322338.117120,513,relax
1780322338.137390,540,relax
1780322338.158110,532,relax
1780322338.178129,551,relax
1780322338.199193,564,relax
1780322338.219731,557,relax
1780322338.240314,543,relax
1780322338.256737,533,relax
1780322338.277319,530,relax
1780322338.297123,501,relax
1780322338.318184,541,relax
1780322338.338171,519,relax
1780322338.359330,550,relax
1780322338.379112,507,relax
1780322338.400336,543,relax
1780322338.416338,502,relax
1780322338.436761,512,relax
1780322338.457124,467,relax
1780322338.477362,519,relax
1780322338.498129,514,relax
1780322338.518110,459,relax
1780322338.539162,508,relax
1780322338.559778,522,relax
1780322338.580360,526,relax
1780322338.596783,548,relax
1780322338.617108,551,relax
1780322338.637109,540,relax
1780322338.658111,572,relax
1780322338.678171,569,relax
1780322338.699368,555,relax
1780322338.719398,553,relax
1780322338.740383,549,relax
1780322338.760264,549,relax
1780322338.780138,544,relax
1780322338.797110,519,relax
1780322338.817110,548,relax
1780322338.838171,524,relax
1780322338.858113,519,relax
1780322338.879110,526,relax
1780322338.899110,537,relax
1780322338.920407,559,relax
1780322338.940830,539,relax
1780322338.961413,542,relax
1780322338.977116,555,relax
1780322338.998181,518,relax
1780322339.018128,540,relax
1780322339.039172,567,relax
1780322339.059426,568,relax
1780322339.079195,583,relax
1780322339.100432,531,relax
1780322339.120206,510,relax
1780322339.137220,528,relax
1780322339.157108,526,relax
1780322339.178125,514,relax
1780322339.198757,489,relax
1780322339.218761,532,relax
1780322339.239314,510,relax
1780322339.260454,510,relax
1780322339.280877,556,relax
1780322339.300967,505,relax
1780322339.317278,525,relax
1780322339.337277,534,relax
1780322339.358108,510,relax
1780322339.378171,513,relax
1780322339.399473,522,relax
1780322339.419897,521,relax
1780322339.440292,536,relax
1780322339.460902,543,relax
1780322339.477079,531,relax
1780322339.497116,553,relax
1780322339.518109,528,relax
1780322339.538110,532,relax
1780322339.559496,525,relax
1780322339.579312,511,relax
1780322339.600501,511,relax
1780322339.620924,518,relax
1780322339.641507,511,relax
1780322339.661508,516,relax
1780322339.682510,531,relax
1780322339.698362,522,relax
1780322339.718363,549,relax
1780322339.739136,520,relax
1780322339.759943,523,relax
1780322339.780131,581,relax
1780322339.800948,552,relax
1780322339.821114,529,relax
1780322339.841954,527,relax
1780322339.862536,572,relax
1780322339.878107,529,relax
1780322339.899542,534,relax
1780322339.919109,535,relax
1780322339.940548,548,relax
1780322339.960305,579,relax
1780322339.981144,552,relax
1780322340.001153,532,relax
1780322340.022153,514,relax
1780322340.038155,555,relax
1780322340.058160,552,relax
1780322340.079165,535,relax
1780322340.099169,523,relax
1780322340.120174,547,relax
1780322340.140178,554,relax
1780322340.161183,539,relax
1780322340.181789,502,relax
1780322340.201793,538,relax
1780322340.217797,490,relax
1780322340.239332,545,relax
1780322340.259337,517,relax
1780322340.279341,530,relax
1780322340.300346,509,relax
1780322340.320350,554,relax
1780322340.341356,498,relax
1780322340.361360,526,relax
1780322340.378109,531,relax
1780322340.398170,541,relax
1780322340.419109,563,relax
1780322340.439293,573,relax
1780322340.460297,540,relax
1780322340.480301,559,relax
1780322340.501625,551,relax
1780322340.522048,553,relax
1780322340.542109,539,relax
1780322340.562113,513,relax
1780322340.583634,519,relax
1780322340.599551,535,relax
1780322340.620061,505,relax
1780322340.640644,514,relax
1780322340.660988,555,relax
1780322340.681573,510,relax
1780322340.701955,535,relax
1780322340.722654,512,relax
1780322340.743104,533,relax
1780322340.759660,526,relax
1780322340.780105,516,relax
1780322340.800249,516,relax
1780322340.820872,477,relax
1780322340.841305,647,relax
1780322340.862095,702,relax
1780322340.882625,761,relax
1780322340.902673,708,relax
1780322340.923683,643,relax
1780322340.939105,556,relax
1780322340.959850,551,relax
1780322340.980685,555,relax
1780322341.000754,508,relax
1780322341.021696,562,relax
1780322341.041822,603,relax
1780322341.062614,722,relax
1780322341.083101,715,relax
1780322341.099498,651,relax
1780322341.120130,612,relax
1780322341.140105,552,relax
1780322341.160715,540,relax
1780322341.181171,516,relax
1780322341.201722,530,relax
1780322341.222724,519,relax
1780322341.242727,540,relax
1780322341.263170,526,relax
1780322341.279732,498,relax
1780322341.300155,499,relax
1780322341.320738,519,relax
1780322341.341106,551,relax
1780322341.361743,552,relax
1780322341.382107,576,relax
1780322341.402749,527,relax
1780322341.423171,553,relax
1780322341.443755,519,relax
1780322341.464175,520,relax
1780322341.484758,524,relax
1780322341.500762,530,relax
1780322341.521186,524,relax
1780322341.541768,553,relax
1780322341.562191,542,relax
1780322341.582201,506,relax
1780322341.603197,521,relax
1780322341.623778,470,relax
1780322341.644192,543,relax
1780322341.660785,508,relax
1780322341.681208,522,relax
1780322341.701791,527,relax
1780322341.722213,513,relax
1780322341.742199,494,relax
1780322341.763172,471,relax
1780322341.783801,449,relax
1780322341.804224,550,relax
1780322341.824807,561,relax
1780322341.840809,588,relax
1780322341.861232,582,relax
1780322341.881815,638,relax
1780322341.901945,613,relax
1780322341.922820,610,relax
1780322341.942815,594,relax
1780322341.963826,586,relax
1780322341.984249,584,relax
1780322342.000831,580,relax
1780322342.021254,542,relax
1780322342.041076,527,relax
1780322342.062260,543,relax
1780322342.082205,555,relax
1780322342.102209,530,relax
1780322342.123848,524,relax
1780322342.143080,529,relax
1780322342.164171,541,relax
1780322342.180856,527,relax
1780322342.201279,558,relax
1780322342.221861,524,relax
1780322342.242285,523,relax
1780322342.262867,552,relax
1780322342.283290,524,relax
1780322342.303873,536,relax
1780322342.324296,530,relax
1780322342.340183,558,relax
1780322342.365299,532,relax
1780322342.381179,550,relax
1780322342.401887,540,relax
1780322342.422889,556,relax
1780322342.442893,550,relax
1780322342.463315,558,relax
1780322342.483898,552,relax
1780322342.504321,558,relax
1780322342.524902,548,relax
1780322342.545325,526,relax
1780322342.561908,572,relax
1780322342.582219,545,relax
1780322342.602914,541,relax
1780322342.623337,519,relax
1780322342.643107,565,relax
1780322342.664343,534,relax
1780322342.684926,557,relax
1780322342.705182,536,relax
1780322342.725614,504,relax
1780322342.741933,560,relax
1780322342.762356,545,relax
1780322342.782155,550,relax
1780322342.803362,519,relax
1780322342.823944,563,relax
1780322342.844115,551,relax
1780322342.864950,567,relax
1780322342.885373,535,relax
1780322342.901938,560,relax
1780322342.922378,531,relax
1780322342.942961,517,relax
1780322342.963206,530,relax
1780322342.983967,521,relax
1780322343.004389,516,relax
1780322343.024972,556,relax
1780322343.044120,556,relax
1780322350.061940,553,relax
1780322350.078098,588,relax
1780322350.098098,600,relax
1780322350.119369,576,relax
1780322350.139179,584,relax
1780322350.160102,587,relax
1780322350.180957,534,relax
1780322350.201380,535,relax
1780322350.221962,565,relax
1780322350.242385,556,relax
1780322350.258968,563,relax
1780322350.278834,526,relax
1780322350.299188,560,relax
1780322350.319976,528,relax
1780322350.340060,561,relax
1780322350.361094,551,relax
1780322350.381405,554,relax
1780322350.401987,557,relax
1780322350.418353,564,relax
1780322350.438098,559,relax
1780322350.459415,545,relax
1780322350.479984,582,relax
1780322350.500092,555,relax
1780322350.521004,532,relax
1780322350.541174,545,relax
1780322350.561881,553,relax
1780322350.582133,542,relax
1780322350.603015,526,relax
1780322350.623418,546,relax
1780322350.643735,532,relax
1780322350.663911,545,relax
1780322350.680266,506,relax
1780322350.700799,519,relax
1780322350.721415,527,relax
1780322350.742001,525,relax
1780322350.762186,523,relax
1780322350.783040,541,relax
1780322350.803461,530,relax
1780322350.824044,525,relax
1780322350.844467,504,relax
1780322350.861050,536,relax
1780322350.881473,491,relax
1780322350.902056,520,relax
1780322350.922068,509,relax
1780322350.943169,533,relax
1780322350.963065,462,relax
1780322350.984067,471,relax
1780322351.004070,490,relax
1780322351.020492,483,relax
1780322351.041075,476,relax
1780322351.061498,491,relax
1780322351.082081,470,relax
1780322351.102504,496,relax
1780322351.123169,452,relax
1780322351.143509,487,relax
1780322351.164098,480,relax
1780322351.184515,464,relax
1780322351.201097,488,relax
1780322351.221100,501,relax
1780322351.242103,479,relax
1780322351.262106,482,relax
1780322351.282179,455,relax
1780322351.303180,452,relax
1780322351.323534,492,relax
1780322351.344116,485,relax
1780322351.360539,473,relax
1780322351.381094,492,relax
1780322351.401545,485,relax
1780322351.422128,472,relax
1780322351.442173,500,relax
1780322351.463170,482,relax
1780322351.483556,471,relax
1780322351.503860,486,relax
1780322351.524562,480,relax
1780322351.545142,497,relax
1780322351.565145,462,relax
1780322351.581095,468,relax
1780322351.602153,447,relax
1780322351.622576,485,relax
1780322351.643174,455,relax
1780322351.663581,473,relax
1780322351.684164,496,relax
1780322351.704618,485,relax
1780322351.725168,467,relax
1780322351.741592,480,relax
1780322351.762174,477,relax
1780322351.782287,478,relax
1780322351.803237,482,relax
1780322351.823603,439,relax
1780322351.844186,466,relax
1780322351.864198,467,relax
1780322351.885191,466,relax
1780322351.905238,461,relax
1780322351.921617,476,relax
1780322351.942199,462,relax
1780322351.962622,459,relax
1780322351.983125,482,relax
1780322352.003139,462,relax
1780322352.024211,471,relax
1780322352.044634,469,relax
1780322352.065216,466,relax
1780322352.081639,484,relax
1780322352.102221,438,relax
1780322352.122645,440,relax
1780322352.143227,473,relax
1780322352.163230,473,relax
1780322352.184190,475,relax
1780322352.204235,472,relax
1780322352.225238,476,relax
1780322352.245241,470,relax
1780322352.261663,466,relax
1780322352.282332,470,relax
1780322352.302669,460,relax
1780322352.323098,473,relax
1780322352.343674,476,relax
1780322352.364257,446,relax
1780322352.384681,470,relax
1780322352.405274,485,relax
1780322352.425683,460,relax
1780322352.446266,474,relax
1780322352.466689,463,relax
1780322352.483274,455,relax
1780322352.503276,452,relax
1780322352.523170,457,relax
1780322352.544282,429,relax
1780322352.564705,447,relax
1780322352.585288,459,relax
1780322352.604978,477,relax
1780322352.626292,433,relax
1780322352.642716,471,relax
1780322352.663171,444,relax
1780322352.683721,441,relax
1780322352.704304,458,relax
1780322352.724727,470,relax
1780322352.745310,445,relax
1780322352.765733,467,relax
1780322352.786315,454,relax
1780322352.806738,468,relax
1780322352.822741,476,relax
1780322352.843323,453,relax
1780322352.863171,472,relax
1780322352.884175,493,relax
1780322352.904752,472,relax
1780322352.925176,458,relax
1780322352.945758,460,relax
1780322352.966340,459,relax
1780322352.982183,476,relax
1780322353.003171,448,relax
1780322353.023768,472,relax
1780322353.044351,470,relax
1780322353.064774,489,relax
1780322353.085356,456,relax
1780322353.105359,457,relax
1780322353.126362,433,relax
1780322353.146365,444,relax
1780322353.162788,440,relax
1780322353.183370,448,relax
1780322353.203793,404,relax
1780322353.224375,448,relax
1780322353.244799,426,relax
1780322353.265381,436,relax
1780322353.285805,451,relax
1780322353.306387,439,relax
1780322353.322809,434,relax
1780322353.342944,428,relax
1780322353.363815,461,relax
1780322353.384044,423,relax
1780322353.404400,448,relax
1780322353.424842,447,relax
1780322353.445406,426,relax
1780322353.465829,452,relax
1780322353.486412,448,relax
1780322353.506833,460,relax
1780322353.527339,442,relax
1780322353.543840,446,relax
1780322353.564422,442,relax
1780322353.584846,440,relax
1780322353.605428,448,relax
1780322353.625851,426,relax
1780322353.646434,445,relax
1780322353.666878,456,relax
1780322353.687439,422,relax
1780322353.703441,444,relax
1780322353.724444,457,relax
1780322353.744495,451,relax
1780322353.764870,406,relax
1780322353.785453,441,relax
1780322353.805970,446,relax
1780322353.826483,441,relax
1780322353.846872,398,relax
1780322353.867349,471,relax
1780322353.883951,460,relax
1780322353.904469,445,relax
1780322353.924917,420,relax
1780322353.945436,450,relax
1780322353.965898,447,relax
1780322353.986480,446,relax
1780322354.006072,431,relax
1780322354.027094,453,relax
1780322354.047909,443,relax
1780322354.063911,448,relax
1780322354.084494,471,relax
1780322354.104917,446,relax
1780322354.125500,452,relax
1780322354.145923,467,relax
1780322354.166505,457,relax
1780322354.186928,428,relax
1780322354.207065,455,relax
1780322354.223933,442,relax
1780322354.244516,462,relax
1780322354.264173,464,relax
1780322354.285543,450,relax
1780322354.305945,434,relax
1780322354.326093,462,relax
1780322354.346530,462,relax
1780322354.367495,467,relax
1780322354.387536,462,relax
1780322354.407959,437,relax
1780322354.428171,481,relax
1780322354.444964,466,relax
1780322354.465547,448,relax
1780322354.485969,462,relax
1780322354.506552,437,relax
1780322354.527092,479,relax
1780322354.547098,448,relax
1780322354.567493,475,relax
1780322354.588092,431,relax
1780322354.604986,475,relax
1780322354.625568,427,relax
1780322354.645571,480,relax
1780322354.666574,465,relax
1780322354.686093,486,relax
1780322354.707098,455,relax
1780322354.727583,465,relax
1780322354.748097,447,relax
1780322354.768630,487,relax
1780322354.785011,496,relax
1780322354.805505,489,relax
1780322354.825831,471,relax
1780322354.846599,469,relax
1780322354.867091,491,relax
1780322354.887605,491,relax
1780322354.908092,484,relax
1780322354.928101,501,relax
1780322354.944612,467,relax
1780322354.965615,479,relax
1780322354.985618,503,relax
1780322355.006175,480,relax
1780322355.026180,504,relax
1780322355.047184,472,relax
1780322355.067189,467,relax
1780322355.087193,449,relax
1780322355.108198,475,relax
1780322355.124202,458,relax
1780322355.145207,473,relax
1780322355.166212,454,relax
1780322355.186216,459,relax
1780322355.206221,458,relax
1780322355.227748,470,relax
1780322355.247229,447,relax
1780322355.268169,481,relax
1780322355.288662,418,relax
1780322355.309660,472,relax
1780322355.329171,471,relax
1780322355.346088,452,relax
1780322355.366670,487,relax
1780322355.387088,488,relax
1780322355.407090,460,relax
1780322355.428088,483,relax
1780322355.448122,455,relax
1780322355.469195,480,relax
1780322355.489686,481,relax
1780322355.506110,469,relax
1780322355.526692,455,relax
1780322355.547092,485,relax
1780322355.567096,478,relax
1780322355.587701,448,relax
1780322355.608089,492,relax
1780322355.628088,459,relax
1780322355.649129,470,relax
1780322355.669712,499,relax
1780322355.686135,471,relax
1780322355.706172,474,relax
1780322355.727140,485,relax
1780322355.747723,510,relax
1780322355.767312,470,relax
1780322355.788170,473,relax
1780322355.809151,518,relax
1780322355.829734,507,relax
1780322355.845746,501,relax
1780322355.866739,504,relax
1780322355.886742,495,relax
1780322355.907086,513,relax
1780322355.927086,501,relax
1780322355.948092,502,relax
1780322355.968113,513,relax
1780322355.989200,483,relax
1780322356.009759,531,relax
1780322356.026181,468,relax
1780322356.046180,500,relax
1780322356.067089,500,relax
1780322356.087037,497,relax
1780322356.107814,482,relax
1780322356.128180,489,relax
1780322356.149198,493,relax
1780322356.169781,480,relax
1780322356.190201,499,relax
1780322356.210784,467,relax
1780322356.226789,478,relax
1780322356.246376,493,relax
1780322356.267478,515,relax
1780322356.288171,500,relax
1780322356.308091,497,relax
1780322356.328720,496,relax
1780322356.349806,502,relax
1780322356.370088,496,relax
1780322356.390811,511,relax
1780322356.407088,502,relax
1780322356.427090,490,relax
1780322356.448112,504,relax
1780322356.468805,515,relax
1780322356.489245,505,relax
1780322356.509828,496,relax
1780322356.529089,510,relax
1780322356.550808,509,relax
1780322356.566836,504,relax
1780322356.587259,503,relax
1780322356.607087,526,relax
1780322356.628170,485,relax
1780322356.648181,508,relax
1780322356.668936,528,relax
1780322356.689852,519,relax
1780322356.710275,517,relax
1780322356.730088,525,relax
1780322356.747091,501,relax
1780322356.767473,522,relax
1780322356.788377,531,relax
1780322356.808089,507,relax
1780322356.828182,500,relax
1780322356.849875,512,relax
1780322356.869878,520,relax
1780322356.890301,509,relax
1780322356.906882,517,relax
1780322356.927209,517,relax
1780322356.947888,548,relax
1780322356.968087,546,relax
1780322356.988171,499,relax
1780322357.009317,509,relax
1780322357.029089,520,relax
1780322357.050323,498,relax
1780322357.070905,518,relax
1780322357.091325,515,relax
1780322357.111908,527,relax
1780322357.127089,525,relax
1780322357.148183,536,relax
1780322357.168087,523,relax
1780322357.189342,537,relax
1780322357.209180,540,relax
1780322357.230347,529,relax
1780322357.250802,580,relax
1780322357.271352,550,relax
1780322357.291934,552,relax
1780322357.308112,547,relax
1780322357.328184,581,relax
1780322357.349364,552,relax
1780322357.369946,568,relax
1780322357.390369,548,relax
1780322357.410952,547,relax
1780322357.431375,526,relax
1780322357.451957,569,relax
1780322357.467097,511,relax
1780322357.488180,549,relax
1780322357.508088,510,relax
1780322357.529191,509,relax
1780322357.549971,547,relax
1780322357.570394,520,relax
1780322357.590171,513,relax
1780322357.611400,577,relax
1780322357.631982,543,relax
1780322357.648094,523,relax
1780322357.668088,534,relax
1780322357.689038,543,relax
1780322357.709993,550,relax
1780322357.730416,519,relax
1780322357.750797,546,relax
1780322357.771001,514,relax
1780322357.792084,560,relax
1780322357.807675,529,relax
1780322357.828106,538,relax
1780322357.848181,507,relax
1780322357.869252,558,relax
1780322357.890018,561,relax
1780322357.910441,532,relax
1780322357.930759,545,relax
1780322357.950795,554,relax
1780322357.972029,556,relax
1780322357.992449,555,relax
1780322358.012766,554,relax
1780322358.029104,532,relax
1780322358.050040,559,relax
1780322358.069712,568,relax
1780322358.091165,581,relax
1780322358.110738,546,relax
1780322358.131471,556,relax
1780322358.152067,536,relax
1780322358.172542,575,relax
1780322358.188889,550,relax
1780322358.209370,563,relax
1780322358.229775,591,relax
1780322358.250293,535,relax
1780322358.271070,574,relax
1780322358.291493,546,relax
1780322358.312089,554,relax
1780322358.332178,543,relax
1780322358.353082,545,relax
1780322358.368171,560,relax
1780322358.389507,514,relax
1780322358.410089,554,relax
1780322358.430086,556,relax
1780322358.450791,555,relax
1780322358.471518,569,relax
1780322358.492100,549,relax
1780322358.512524,546,relax
1780322358.532253,555,relax
1780322358.549529,549,relax
1780322358.570112,562,relax
1780322358.590534,546,relax
1780322358.611117,570,relax
1780322358.631084,545,relax
1780322358.652123,565,relax
1780322358.672545,541,relax
1780322358.693168,547,relax
1780322358.709131,570,relax
1780322358.729172,554,relax
1780322358.750136,533,relax
1780322358.770560,549,relax
1780322358.791142,563,relax
1780322358.811564,567,relax
1780322358.832173,558,relax
1780322358.852571,554,relax
1780322358.873169,556,relax
1780322358.889575,562,relax
1780322358.910158,583,relax
1780322358.930176,576,relax
1780322358.951164,574,relax
1780322358.971587,594,relax
1780322358.992169,531,relax
1780322359.012172,574,relax
1780322359.033177,579,relax
1780322359.053171,566,relax
1780322359.073599,544,relax
1780322359.089613,585,relax
1780322359.110606,577,relax
1780322359.131188,587,relax
1780322359.151612,562,relax
1780322359.172194,572,relax
1780322359.192617,563,relax
1780322359.213091,555,relax
1780322359.233623,560,relax
1780322359.254172,567,relax
1780322359.270207,558,relax
1780322359.291210,593,relax
1780322359.311213,559,relax
1780322359.332205,591,relax
1780322359.352088,569,relax
1780322359.372642,549,relax
1780322359.393224,572,relax
1780322359.413648,548,relax
1780322359.430229,579,relax
1780322359.450653,571,relax
1780322359.471235,603,relax
1780322359.491658,572,relax
1780322359.512241,554,relax
1780322359.532664,571,relax
1780322359.553170,568,relax
1780322359.573669,575,relax
1780322359.594252,569,relax
1780322359.610254,607,relax
1780322359.630677,585,relax
1780322359.651260,576,relax
1780322359.671683,564,relax
1780322359.692266,575,relax
1780322359.712689,598,relax
1780322359.733271,569,relax
1780322359.753171,563,relax
1780322359.770277,614,relax
1780322359.790699,580,relax
1780322359.811282,551,relax
1780322359.831090,597,relax
1780322359.852288,578,relax
1780322359.872711,562,relax
1780322359.893293,586,relax
1780322359.913716,577,relax
1780322359.934110,555,relax
1780322359.954300,571,relax
1780322359.975302,586,relax
1780322359.991307,563,relax
1780322360.011730,567,relax
1780322360.031918,569,relax
1780322360.052372,559,relax
1780322360.072874,589,relax
1780322360.093741,551,relax
1780322360.114323,609,relax
1780322360.134532,544,relax
1780322360.155172,577,relax
1780322360.171752,548,relax
1780322360.191779,585,relax
1780322360.212809,589,relax
1780322360.233155,551,relax
1780322360.253171,584,relax
1780322360.273431,580,relax
1780322360.294348,559,relax
1780322360.314772,588,relax
1780322360.331172,583,relax
1780322360.351777,552,relax
1780322360.372360,592,relax
1780322360.392782,587,relax
1780322360.413089,569,relax
1780322360.433788,592,relax
1780322360.454173,593,relax
1780322360.474358,573,relax
1780322360.495376,577,relax
1780322360.511379,571,relax
1780322360.532455,553,relax
1780322360.552384,569,relax
1780322360.572807,571,relax
1780322360.593390,566,relax
1780322360.613089,555,relax
1780322360.634395,584,relax
1780322360.654173,568,relax
1780322360.671401,536,relax
1780322360.691179,547,relax
1780322360.712406,576,relax
1780322360.732829,557,relax
1780322360.753171,561,relax
1780322360.773835,577,relax
1780322360.794407,563,relax
1780322360.814841,593,relax
1780322360.835423,549,relax
1780322360.855423,582,relax
1780322360.876427,545,relax
1780322360.892431,572,relax
1780322360.912854,531,relax
1780322360.933461,565,relax
1780322360.953355,564,relax
1780322360.974442,573,relax
1780322360.994085,550,relax
1780322361.015447,577,relax
1780322361.035870,565,relax
1780322361.052453,542,relax
1780322361.072876,560,relax
1780322361.093043,562,relax
1780322361.113881,568,relax
1780322361.134464,531,relax
1780322361.154171,557,relax
1780322361.175470,562,relax
1780322361.195472,552,relax
1780322361.216475,567,relax
1780322361.232338,552,relax
1780322361.252901,558,relax
1780322361.273483,567,relax
1780322361.293088,526,relax
1780322361.314489,534,relax
1780322361.334912,554,relax
1780322361.355494,544,relax
1780322361.375109,538,relax
1780322361.392500,576,relax
1780322361.412923,541,relax
1780322361.433505,571,relax
1780322361.453172,564,relax
1780322361.474511,553,relax
1780322361.494514,546,relax
1780322361.515517,560,relax
1780322361.535520,575,relax
1780322361.555943,562,relax
1780322361.572525,565,relax
1780322361.592948,554,relax
1780322361.613530,566,relax
1780322361.633953,563,relax
1780322361.654536,536,relax
1780322361.674959,560,relax
1780322361.695542,554,relax
1780322361.715964,560,relax
1780322361.736547,531,relax
1780322361.756967,550,relax
1780322361.777083,566,relax
1780322361.793087,558,relax
1780322361.813978,520,relax
1780322361.834561,541,relax
1780322361.854175,553,relax
1780322361.875566,562,relax
1780322361.895989,517,relax
1780322361.916571,550,relax
1780322361.936994,552,relax
1780322361.953172,539,relax
1780322361.973172,545,relax
1780322361.994582,543,relax
1780322362.015005,538,relax
1780322362.035093,565,relax
1780322362.056011,553,relax
1780322362.076594,541,relax
1780322362.097081,533,relax
1780322362.117249,521,relax
1780322362.133601,545,relax
1780322362.153171,545,relax
1780322362.174607,517,relax
1780322362.195030,515,relax
1780322362.215613,532,relax
1780322362.236101,517,relax
1780322362.256618,507,relax
1780322362.277082,540,relax
1780322362.293623,536,relax
1780322362.314047,536,relax
1780322362.334629,537,relax
1780322362.354174,545,relax
1780322362.375635,530,relax
1780322362.395174,531,relax
1780322362.416641,527,relax
1780322362.436325,539,relax
1780322362.457700,520,relax
1780322362.473648,519,relax
1780322362.494071,538,relax
1780322362.514172,543,relax
1780322362.535077,502,relax
1780322362.555660,501,relax
1780322362.575366,505,relax
1780322362.596666,531,relax
1780322362.617081,483,relax
1780322362.637335,509,relax
1780322362.658085,504,relax
1780322362.674603,527,relax
1780322362.694679,515,relax
1780322362.715682,499,relax
1780322362.735685,518,relax
1780322362.756108,503,relax
1780322362.776361,523,relax
1780322362.797258,524,relax
1780322362.817083,504,relax
1780322362.837421,493,relax
1780322362.854701,528,relax
1780322362.875124,506,relax
1780322362.895707,493,relax
1780322362.916026,518,relax
1780322362.936713,546,relax
1780322362.956613,513,relax
1780322362.977082,498,relax
1780322362.997265,489,relax
1780322363.018280,487,relax
1780322363.034726,515,relax
1780322363.055201,496,relax
1780322363.075731,505,relax
1780322363.096155,475,relax
1780322363.116639,513,relax
1780322363.137161,528,relax
1780322363.157081,510,relax
1780322363.178170,509,relax
1780322363.194748,525,relax
1780322363.215171,508,relax
1780322363.235844,488,relax
1780322363.256175,498,relax
1780322363.276759,505,relax
1780322363.297083,516,relax
1780322363.317544,491,relax
1780322363.337251,465,relax
1780322363.358471,497,relax
1780322363.374773,508,relax
1780322363.395195,515,relax
1780322363.415778,480,relax
1780322363.436201,482,relax
1780322363.456784,516,relax
1780322363.477283,501,relax
1780322363.497418,499,relax
1780322363.517551,459,relax
1780322363.534809,490,relax
1780322363.555269,451,relax
1780322363.575800,505,relax
1780322363.595870,505,relax
1780322363.616806,492,relax
1780322363.636809,468,relax
1780322363.657179,511,relax
1780322363.677681,483,relax
1780322363.698171,476,relax
1780322363.717888,507,relax
1780322363.739196,471,relax
1780322363.755604,505,relax
1780322363.776077,494,relax
1780322363.796831,502,relax
1780322363.817080,509,relax
1780322363.837836,495,relax
1780322363.858175,496,relax
1780322363.878661,479,relax
1780322363.899254,455,relax
1780322363.915645,499,relax
1780322363.935850,460,relax
1780322363.956852,494,relax
1780322363.976855,505,relax
1780322363.996695,483,relax
1780322364.017078,476,relax
1780322364.038171,462,relax
1780322364.058080,478,relax
1780322364.079171,473,relax
1780322364.095871,487,relax
1780322364.116295,499,relax
1780322364.136877,467,relax
1780322364.157173,494,relax
1780322364.177883,494,relax
1780322364.198175,495,relax
1780322364.218171,472,relax
1780322364.239312,474,relax
1780322364.255893,481,relax
1780322364.275896,479,relax
1780322364.296320,467,relax
1780322364.316902,465,relax
1780322364.337250,446,relax
1780322364.357080,459,relax
1780322364.378171,464,relax
1780322364.398377,487,relax
1780322364.419337,443,relax
1780322364.435919,467,relax
1780322364.456342,478,relax
1780322364.476924,449,relax
1780322364.497386,479,relax
1780322364.517270,471,relax
1780322364.538073,490,relax
1780322364.558936,470,relax
1780322364.578305,458,relax
1780322364.599940,487,relax
1780322364.619942,465,relax
1780322364.640365,476,relax
1780322364.656949,479,relax
1780322364.676540,449,relax
1780322364.697255,464,relax
1780322364.718260,429,relax
1780322364.738170,475,relax
1780322364.759383,453,relax
1780322364.779171,484,relax
1780322364.800389,482,relax
1780322364.816971,481,relax
1780322364.837252,459,relax
1780322364.857079,464,relax
1780322364.877245,503,relax
1780322364.898260,489,relax
1780322364.918106,459,relax
1780322364.939408,473,relax
1780322364.959991,471,relax
1780322364.980080,453,relax
1780322364.996172,466,relax
1780322365.017359,470,relax
1780322365.038080,499,relax
1780322365.058081,469,relax
1780322365.078171,467,relax
1780322365.099430,464,relax
1780322365.120013,488,relax
1780322365.140340,451,relax
1780322365.157079,470,relax
1780322365.176301,437,relax
1780322365.197255,449,relax
1780322365.217245,461,relax
1780322365.238179,495,relax
1780322365.259080,468,relax
1780322365.279261,463,relax
1780322365.300037,469,relax
1780322365.320461,478,relax
1780322365.337079,436,relax
1780322365.357445,469,relax
1780322365.378048,483,relax
1780322365.398081,477,relax
1780322365.419079,448,relax
1780322365.439300,481,relax
1780322365.460060,476,relax
1780322365.480483,462,relax
1780322365.501063,432,relax
1780322365.521066,468,relax
1780322365.537341,473,relax
1780322365.558080,477,relax
1780322365.577605,456,relax
1780322365.599080,455,relax
1780322365.619502,434,relax
1780322365.639621,466,relax
1780322365.660507,458,relax
1780322365.680171,448,relax
1780322365.701512,464,relax
1780322365.717561,461,relax
1780322365.738169,470,relax
1780322365.759100,439,relax
1780322365.779078,439,relax
1780322365.800106,459,relax
1780322365.820109,479,relax
1780322365.841173,446,relax
1780322365.861115,446,relax
1780322365.877078,469,relax
1780322365.898170,466,relax
1780322365.918175,457,relax
1780322365.939172,434,relax
1780322365.959549,474,relax
1780322365.980082,467,relax
1780322366.000554,460,relax
1780322366.021137,429,relax
1780322366.041173,500,relax
1780322366.058172,472,relax
1780322366.078171,473,relax
1780322366.099147,476,relax
1780322366.119173,457,relax
1780322366.140153,476,relax
1780322366.160156,477,relax
1780322366.180579,450,relax
1780322366.200719,457,relax
1780322366.221585,491,relax
1780322366.238170,445,relax
1780322366.258079,432,relax
1780322366.279077,446,relax
1780322366.299193,474,relax
1780322366.320178,462,relax
1780322366.340601,410,relax
1780322366.361183,458,relax
1780322366.381078,480,relax
1780322366.402186,458,relax
1780322366.422611,496,relax
1780322366.439172,454,relax
1780322366.459176,464,relax
1780322366.479191,471,relax
1780322366.500202,430,relax
1780322366.520227,497,relax
1780322366.540612,443,relax
1780322366.561632,462,relax
1780322366.582171,457,relax
1780322366.602636,482,relax
1780322366.618593,425,relax
1780322366.639642,480,relax
1780322366.660225,450,relax
1780322366.680648,496,relax
1780322366.700715,433,relax
1780322366.721653,480,relax
1780322366.742243,451,relax
1780322366.762239,485,relax
1780322366.778075,447,relax
1780322366.799244,471,relax
1780322366.819667,483,relax
1780322366.840249,498,relax
1780322366.860672,507,relax
1780322366.881255,466,relax
1780322366.901678,470,relax
1780322366.922261,484,relax
1780322366.942684,482,relax
1780322366.959266,480,relax
1780322366.979078,461,relax
1780322367.000271,433,relax
1780322367.020432,471,relax
1780322367.041277,471,relax
1780322367.061280,434,relax
1780322367.082283,472,relax
1780322367.102177,483,relax
1780322367.118075,455,relax
1780322367.139290,454,relax
1780322367.159714,460,relax
1780322367.180075,470,relax
1780322367.200710,464,relax
1780322367.221302,466,relax
1780322367.241423,480,relax
1780322367.262307,440,relax
1780322367.282178,507,relax
1780322367.303310,508,relax
1780322367.323734,491,relax
1780322367.340298,464,relax
1780322367.360321,502,relax
1780322367.380418,506,relax
1780322367.400708,497,relax
1780322367.421750,496,relax
1780322367.442332,476,relax
1780322367.462754,502,relax
1780322367.483336,501,relax
1780322367.503760,475,relax
1780322367.520343,514,relax
1780322367.540849,497,relax
1780322367.561349,490,relax
1780322367.581772,472,relax
1780322367.602355,494,relax
1780322367.622777,490,relax
1780322367.642698,459,relax
1780322367.663080,456,relax
1780322367.680365,478,relax
1780322367.700328,465,relax
1780322367.720791,487,relax
1780322367.741281,494,relax
1780322367.761797,497,relax
1780322367.782174,499,relax
1780322367.802802,487,relax
1780322367.823385,482,relax
1780322367.843808,520,relax
1780322367.860390,484,relax
1780322367.880813,496,relax
1780322367.900704,501,relax
1780322367.921819,524,relax
1780322367.942401,499,relax
1780322367.962824,481,relax
1780322367.983076,514,relax
1780322368.003410,501,relax
1780322368.019832,492,relax
1780322368.040415,473,relax
1780322368.060838,498,relax
1780322368.081420,528,relax
1780322368.101844,501,relax
1780322368.122426,487,relax
1780322368.142849,485,relax
1780322368.163432,509,relax
1780322368.183084,511,relax
1780322368.204434,493,relax
1780322368.224858,491,relax
1780322368.241442,524,relax
1780322368.261866,528,relax
1780322368.282182,512,relax
1780322368.302451,485,relax
1780322368.323454,489,relax
1780322368.343457,510,relax
1780322368.363878,510,relax
1780322368.384461,486,relax
1780322368.400079,474,relax
1780322368.421467,512,relax
1780322368.441890,493,relax
1780322368.462142,511,relax
1780322368.482223,517,relax
1780322368.503478,485,relax
1780322368.523901,500,relax
1780322368.544484,484,relax
1780322368.564907,467,relax
1780322368.580640,483,relax
1780322368.601492,487,relax
1780322368.622495,505,relax
1780322368.642500,471,relax
1780322368.662921,510,relax
1780322368.683503,480,relax
1780322368.703926,518,relax
1780322368.724509,492,relax
1780322368.740664,507,relax
1780322368.761514,534,relax
1780322368.781715,550,relax
1780322368.802520,523,relax
1780322368.822942,556,relax
1780322368.843183,531,relax
1780322368.863948,546,relax
1780322368.884028,531,relax
1780322368.904954,541,relax
1780322368.920956,534,relax
1780322368.941313,508,relax
1780322368.961962,551,relax
1780322368.982175,520,relax
1780322369.002968,526,relax
1780322369.023550,531,relax
1780322369.043973,546,relax
1780322369.064556,529,relax
1780322369.080978,511,relax
1780322369.101561,538,relax
1780322391.966708,542,relax
1780322391.987049,517,relax
1780322392.007050,540,relax
1780322392.024136,528,relax
1780322392.044718,524,relax
1780322392.065141,519,relax
1780322392.085724,561,relax
1780322392.105727,579,relax
1780322392.126209,570,relax
1780322392.146733,541,relax
1780322392.167048,585,relax
1780322392.186917,564,relax
1780322392.207489,571,relax
1780322392.228183,526,relax
1780322392.245167,578,relax
1780322392.265175,560,relax
1780322392.286172,553,relax
1780322392.306755,589,relax
1780322392.327215,581,relax
1780322392.347760,565,relax
1780322392.368148,571,relax
1780322392.388061,559,relax
1780322392.408515,560,relax
1780322392.429051,545,relax
1780322392.449774,574,relax
1780322392.466197,542,relax
1780322392.486779,566,relax
1780322392.506659,559,relax
1780322392.527235,593,relax
1780322392.548183,584,relax
1780322392.568101,564,relax
1780322392.588817,580,relax
1780322392.609796,596,relax
1780322392.630218,559,relax
1780322392.650800,594,relax
1780322392.667144,588,relax
1780322392.687807,556,relax
1780322392.707560,581,relax
1780322392.728166,605,relax
1780322392.748185,565,relax
1780322392.769819,585,relax
1780322392.789821,563,relax
1780322392.810244,590,relax
1780322392.830826,576,relax
1780322392.847051,553,relax
1780322392.867104,580,relax
1780322392.888171,550,relax
1780322392.908564,574,relax
1780322392.929193,544,relax
1780322392.949843,580,relax
1780322392.970266,587,relax
1780322392.990849,582,relax
1780322393.006582,571,relax
1780322393.027854,591,relax
1780322393.047053,585,relax
1780322393.068142,606,relax
1780322393.088171,562,relax
1780322393.108603,587,relax
1780322393.129868,584,relax
1780322393.150291,548,relax
1780322393.170874,598,relax
1780322393.187049,572,relax
1780322393.207049,586,relax
1780322393.228077,582,relax
1780322393.248185,555,relax
1780322393.269402,571,relax
1780322393.289890,575,relax
1780322393.310313,571,relax
1780322393.330522,585,relax
1780322393.346898,564,relax
1780322393.367137,540,relax
1780322393.387904,558,relax
1780322393.408174,568,relax
1780322393.428172,543,relax
1780322393.449332,549,relax
1780322393.469915,579,relax
1780322393.490338,570,relax
1780322393.510920,543,relax
1780322393.531341,599,relax
1780322393.551924,548,relax
1780322393.568049,566,relax
1780322393.588101,533,relax
1780322393.609454,562,relax
1780322393.629199,554,relax
1780322393.650360,569,relax
1780322393.670943,568,relax
1780322393.690944,557,relax
1780322393.711947,562,relax
1780322393.731950,553,relax
1780322393.748180,544,relax
1780322393.768887,577,relax
1780322393.789437,588,relax
1780322393.809962,583,relax
1780322393.830385,574,relax
1780322393.850621,593,relax
1780322393.871390,600,relax
1780322393.891973,577,relax
1780322393.908423,593,relax
1780322393.928961,572,relax
1780322393.949401,564,relax
1780322393.969984,548,relax
1780322393.989706,566,relax
1780322394.010841,553,relax
1780322394.030992,554,relax
1780322394.051040,551,relax
1780322394.071996,550,relax
1780322394.088171,528,relax
1780322394.108678,525,relax
1780322394.129175,546,relax
1780322394.150008,546,relax
1780322394.170431,546,relax
1780322394.191014,546,relax
1780322394.211437,550,relax
1780322394.232103,526,relax
1780322394.248031,527,relax
1780322394.268175,536,relax
1780322394.288171,550,relax
1780322394.310030,524,relax
1780322394.329418,552,relax
1780322394.350456,558,relax
1780322394.371039,536,relax
1780322394.391462,566,relax
1780322394.412045,534,relax
1780322394.432177,557,relax
1780322394.453048,542,relax
1780322394.469472,539,relax
1780322394.490055,550,relax
1780322394.510478,549,relax
1780322394.530524,513,relax
1780322394.551484,552,relax
1780322394.572066,562,relax
1780322394.592488,538,relax
1780322394.613070,528,relax
1780322394.628235,538,relax
1780322394.649237,555,relax
1780322394.670080,549,relax
1780322394.690503,534,relax
1780322394.711086,542,relax
1780322394.731509,532,relax
1780322394.752092,551,relax
1780322394.772164,537,relax
1780322394.793097,548,relax
1780322394.809520,548,relax
1780322394.830102,523,relax
1780322394.850457,507,relax
1780322394.871108,518,relax
1780322394.891531,527,relax
1780322394.912113,522,relax
1780322394.932116,535,relax
1780322394.953170,527,relax
1780322394.969221,520,relax
1780322394.989544,515,relax
1780322395.010127,478,relax
1780322395.030550,529,relax
1780322395.051133,519,relax
1780322395.071556,539,relax
1780322395.092138,543,relax
1780322395.112561,553,relax
1780322395.133183,497,relax
1780322395.149566,541,relax
1780322395.170149,539,relax
1780322395.190161,565,relax
1780322395.211154,540,relax
1780322395.230556,555,relax
1780322395.252160,561,relax
1780322395.272163,535,relax
1780322395.292586,538,relax
1780322395.313168,521,relax
1780322395.333589,522,relax
1780322395.354174,499,relax
1780322395.370597,498,relax
1780322395.391179,509,relax
1780322395.411049,516,relax
1780322395.432185,541,relax
1780322395.452608,517,relax
1780322395.473256,518,relax
1780322395.493612,539,relax
1780322395.514195,509,relax
1780322395.530223,499,relax
1780322395.551202,513,relax
1780322395.571204,510,relax
1780322395.591627,465,relax
1780322395.611372,515,relax
1780322395.632633,509,relax
1780322395.653170,470,relax
1780322395.673236,480,relax
1780322395.694221,466,relax
1780322395.710644,493,relax
1780322395.731226,469,relax
1780322395.751649,458,relax
1780322395.772232,481,relax
1780322395.792655,464,relax
1780322395.812718,499,relax
1780322395.833660,508,relax
1780322395.854243,455,relax
1780322395.870245,470,relax
1780322395.890049,489,relax
1780322395.911251,490,relax
1780322395.931674,474,relax
1780322395.952256,471,relax
1780322395.972679,465,relax
1780322395.993262,462,relax
1780322396.013685,481,relax
1780322396.034268,487,relax
1780322396.050690,484,relax
1780322396.071273,508,relax
1780322396.091696,460,relax
1780322396.111552,468,relax
1780322396.132599,490,relax
1780322396.152410,492,relax
1780322396.173287,498,relax
1780322396.194290,468,relax
1780322396.210292,549,relax
1780322396.230593,532,relax
1780322396.251298,557,relax
1780322396.271721,543,relax
1780322396.292366,559,relax
1780322396.312726,536,relax
1780322396.333400,538,relax
1780322396.353171,553,relax
1780322396.374315,572,relax
1780322396.394736,543,relax
1780322396.415319,552,relax
1780322396.431242,536,relax
1780322396.452326,563,relax
1780322396.472328,551,relax
1780322396.492554,550,relax
1780322396.513334,540,relax
1780322396.533812,534,relax
1780322396.554173,501,relax
1780322396.574763,502,relax
1780322396.595345,489,relax
1780322396.611768,469,relax
1780322396.632242,484,relax
1780322396.652773,465,relax
1780322396.673347,476,relax
1780322396.693579,450,relax
1780322396.714362,457,relax
1780322396.734785,469,relax
1780322396.755175,471,relax
1780322396.771369,460,relax
1780322396.791792,467,relax
1780322396.812375,452,relax
1780322396.832493,466,relax
1780322396.853172,453,relax
1780322396.873804,473,relax
1780322396.894386,437,relax
1780322396.914809,448,relax
1780322396.935392,463,relax
1780322396.951814,458,relax
1780322396.972423,466,relax
1780322396.992820,446,relax
1780322397.013402,444,relax
1780322397.033171,425,relax
1780322397.054199,435,relax
1780322397.074831,445,relax
1780322397.095413,447,relax
1780322397.111416,436,relax
1780322397.131575,431,relax
1780322397.152422,464,relax
1780322397.172845,458,relax
1780322397.193427,436,relax
1780322397.213851,434,relax
1780322397.233769,447,relax
1780322397.254676,462,relax
1780322397.275438,431,relax
1780322397.295860,462,relax
1780322397.316442,448,relax
1780322397.332250,469,relax
1780322397.353171,485,relax
1780322397.373341,486,relax
1780322397.394454,500,relax
1780322397.414458,484,relax
1780322397.435461,487,relax
1780322397.455462,466,relax
1780322397.475685,498,relax
1780322397.492468,461,relax
1780322397.512892,517,relax
1780322397.533199,503,relax
1780322397.553172,495,relax
1780322397.574480,500,relax
1780322397.594903,475,relax
1780322397.615485,519,relax
1780322397.635908,495,relax
1780322397.656240,470,relax
1780322397.672493,446,relax
1780322397.693496,512,relax
1780322397.713346,485,relax
1780322397.734212,463,relax
1780322397.754176,492,relax
1780322397.774928,494,relax
1780322397.795520,444,relax
1780322397.816003,459,relax
1780322397.832520,487,relax
1780322397.852679,448,relax
1780322397.873167,487,relax
1780322397.893205,440,relax
1780322397.914526,467,relax
1780322397.934178,458,relax
1780322397.955532,430,relax
1780322397.975955,442,relax
1780322397.996538,472,relax
1780322398.012540,460,relax
1780322398.032175,461,relax
1780322398.053171,439,relax
1780322398.073171,481,relax
1780322398.094551,435,relax
1780322398.114974,448,relax
1780322398.135557,442,relax
1780322398.155980,484,relax
1780322398.176560,446,relax
1780322398.196984,461,relax
1780322398.217093,448,relax
1780322398.233759,481,relax
1780322398.254174,454,relax
1780322398.274996,468,relax
1780322398.295579,461,relax
1780322398.316002,488,relax
1780322398.336585,474,relax
1780322398.356587,447,relax
1780322398.377213,469,relax
1780322398.393593,461,relax
1780322398.413940,459,relax
1780322398.434598,459,relax
1780322398.455021,446,relax
1780322398.475604,439,relax
1780322398.496027,438,relax
1780322398.516609,451,relax
1780322398.536761,446,relax
1780322398.557044,458,relax
1780322398.574038,449,relax
1780322398.594620,473,relax
1780322398.614696,477,relax
1780322398.635626,457,relax
1780322398.655629,462,relax
1780322398.676578,473,relax
1780322398.696525,471,relax
1780322398.717057,464,relax
1780322398.733639,477,relax
1780322398.753171,503,relax
1780322398.774644,479,relax
1780322398.795068,491,relax
1780322398.815514,501,relax
1780322398.836074,480,relax
1780322398.856546,483,relax
1780322398.877079,463,relax
1780322398.897218,497,relax
1780322398.913664,476,relax
1780322398.934667,523,relax
1780322398.954171,512,relax
1780322398.975093,508,relax
1780322398.995675,507,relax
1780322399.016098,527,relax
1780322399.036681,537,relax
1780322399.057042,522,relax
1780322399.077042,517,relax
1780322399.098042,544,relax
1780322399.114691,515,relax
1780322399.135115,514,relax
1780322399.155725,526,relax
1780322399.176121,543,relax
1780322399.196703,534,relax
1780322399.217084,524,relax
1780322399.237215,510,relax
1780322399.258174,490,relax
1780322399.278203,517,relax
1780322399.294717,485,relax
1780322399.314971,479,relax
1780322399.335722,490,relax
1780322399.356145,493,relax
1780322399.376728,499,relax
1780322399.397209,519,relax
1780322399.417217,459,relax
1780322399.438169,499,relax
1780322399.454739,488,relax
1780322399.475162,490,relax
1780322399.495744,492,relax
1780322399.516167,491,relax
1780322399.536750,548,relax
1780322399.556174,487,relax
1780322399.577643,482,relax
1780322399.597757,516,relax
1780322399.618231,523,relax
1780322399.634229,514,relax
1780322399.654433,520,relax
1780322399.675769,528,relax
1780322399.696092,508,relax
1780322399.716774,528,relax
1780322399.737198,498,relax
1780322399.757059,531,relax
1780322399.778224,495,relax
1780322399.798231,521,relax
1780322399.815209,508,relax
1780322399.835388,513,relax
1780322399.855794,529,relax
1780322399.876797,548,relax
1780322399.897044,484,relax
1780322399.917047,501,relax
1780322399.937212,518,relax
1780322399.958048,519,relax
1780322399.978049,485,relax
1780322399.999231,511,relax
1780322400.015441,495,relax
1780322400.035746,524,relax
1780322400.056656,510,relax
1780322400.077229,543,relax
1780322400.097042,514,relax
1780322400.118284,532,relax
1780322400.138578,551,relax
1780322400.159046,519,relax
1780322400.179044,560,relax
1780322400.195840,532,relax
1780322400.216264,556,relax
1780322400.236744,542,relax
1780322400.257041,561,relax
1780322400.277214,535,relax
1780322400.298238,565,relax
1780322400.318226,570,relax
1780322400.339281,541,relax
1780322400.355862,533,relax
1780322400.376286,528,relax
1780322400.396868,540,relax
1780322400.417073,550,relax
1780322400.437041,564,relax
1780322400.458042,542,relax
1780322400.478222,546,relax
1780322400.499234,528,relax
1780322400.519885,540,relax
1780322400.535887,539,relax
1780322400.556046,537,relax
1780322400.576893,522,relax
1780322400.597040,529,relax
1780322400.617221,503,relax
1780322400.638060,547,relax
1780322400.658172,536,relax
1780322400.679327,528,relax
1780322400.695909,537,relax
1780322400.716332,531,relax
1780322400.736915,518,relax
1780322400.757038,537,relax
1780322400.777209,573,relax
1780322400.797039,587,relax
1780322400.819041,546,relax
1780322400.838929,564,relax
1780322400.859932,558,relax
1780322400.875934,562,relax
1780322400.900355,549,relax
1780322400.916186,558,relax
1780322400.937418,565,relax
1780322400.957042,545,relax
1780322400.977518,509,relax
1780322400.998190,538,relax
1780322401.019374,525,relax
1780322401.039042,554,relax
1780322401.060378,565,relax
1780322401.080590,553,relax
1780322401.096965,532,relax
1780322401.117898,536,relax
1780322401.138010,579,relax
1780322401.158042,551,relax
1780322401.178289,536,relax
1780322401.199399,550,relax
1780322401.219981,551,relax
1780322401.240043,538,relax
1780322401.257038,546,relax
1780322401.277212,571,relax
1780322401.297992,561,relax
1780322401.318070,571,relax
1780322401.338169,593,relax
1780322401.359421,572,relax
1780322401.379591,590,relax
1780322401.400397,565,relax
1780322401.421009,568,relax
1780322401.437040,559,relax
1780322401.457040,558,relax
1780322401.477216,608,relax
1780322401.498186,615,relax
1780322401.518228,574,relax
1780322401.539446,583,relax
1780322401.560028,593,relax
1780322401.580541,600,relax
1780322401.597039,571,relax
1780322401.617318,594,relax
1780322401.637727,588,relax
1780322401.658025,582,relax
1780322401.678797,557,relax
1780322401.699468,572,relax
1780322401.720050,560,relax
1780322401.740474,575,relax
1780322401.761056,586,relax
1780322401.777058,558,relax
1780322401.797177,562,relax
1780322401.817215,560,relax
1780322401.838170,577,relax
1780322401.858383,549,relax
1780322401.879493,553,relax
1780322401.900075,547,relax
1780322401.920619,558,relax
1780322401.940176,530,relax
1780322401.961502,568,relax
1780322401.977210,545,relax
1780322401.998371,574,relax
1780322402.018218,551,relax
1780322402.039170,576,relax
1780322402.059541,556,relax
1780322402.080176,574,relax
1780322402.100391,557,relax
1780322402.121105,581,relax
1780322402.141529,556,relax
1780322402.158041,602,relax
1780322402.178246,552,relax
1780322402.198533,590,relax
1780322402.219539,554,relax
1780322402.240122,602,relax
1780322402.260545,563,relax
1780322402.281127,569,relax
1780322402.301551,534,relax
1780322402.318043,566,relax
1780322402.338170,543,relax
1780322402.359138,558,relax
1780322402.378231,543,relax
1780322402.399564,569,relax
1780322402.420147,573,relax
1780322402.440570,549,relax
1780322402.461153,592,relax
1780322402.481044,550,relax
1780322402.497543,573,relax
1780322402.518237,569,relax
1780322402.539171,568,relax
1780322402.559586,557,relax
1780322402.580236,569,relax
1780322402.600386,554,relax
1780322402.621174,581,relax
1780322402.641598,530,relax
1780322402.658044,566,relax
1780322402.677330,580,relax
1780322402.697742,563,relax
1780322402.719251,542,relax
1780322402.739715,550,relax
1780322402.760193,553,relax
1780322402.780617,538,relax
1780322402.800384,590,relax
1780322402.821622,572,relax
1780322402.842203,546,relax
1780322402.862626,531,relax
1780322402.879237,563,relax
1780322402.899633,535,relax
1780322402.920216,544,relax
1780322402.940639,529,relax
1780322402.961221,566,relax
1780322402.980925,549,relax
1780322403.002227,542,relax
1780322403.022229,548,relax
1780322403.043232,529,relax
1780322403.059224,565,relax
1780322403.079226,534,relax
1780322403.100240,547,relax
1780322403.120664,554,relax
1780322403.141246,495,relax
1780322403.161669,533,relax
1780322403.182175,551,relax
1780322403.202675,548,relax
1780322403.219257,521,relax
1780322403.239680,529,relax
1780322403.260263,515,relax
1780322403.280261,510,relax
1780322403.301268,550,relax
1780322403.321271,535,relax
1780322403.341249,533,relax
1780322403.362277,536,relax
1780322403.382279,517,relax
1780322403.399282,528,relax
1780322403.419705,527,relax
1780322403.440288,536,relax
1780322403.460710,535,relax
1780322403.481040,523,relax
1780322403.501716,535,relax
1780322403.522299,539,relax
1780322403.542049,515,relax
1780322403.558451,515,relax
1780322403.578557,533,relax
1780322403.600309,534,relax
1780322403.620312,528,relax
1780322403.640172,521,relax
1780322403.661317,519,relax
1780322403.681040,500,relax
1780322403.702379,518,relax
1780322403.722746,512,relax
1780322403.743167,541,relax
1780322403.763750,477,relax
1780322403.780334,522,relax
1780322403.800757,493,relax
1780322403.821339,529,relax
1780322403.841763,498,relax
1780322403.862345,502,relax
1780322403.882240,509,relax
1780322403.903388,518,relax
1780322403.923356,503,relax
1780322403.939776,546,relax
1780322403.960359,545,relax
1780322403.980782,492,relax
1780322404.001444,508,relax
1780322404.021787,504,relax
1780322404.042370,540,relax
1780322404.062793,502,relax
1780322404.083058,500,relax
1780322404.103799,526,relax
1780322404.120282,499,relax
1780322404.140859,493,relax
1780322404.161386,512,relax
1780322404.181036,499,relax
1780322404.202392,496,relax
1780322404.222113,515,relax
1780322404.243398,521,relax
1780322404.263400,483,relax
1780322404.283882,479,relax
1780322404.300427,509,relax
1780322404.320874,505,relax
1780322404.341345,477,relax
1780322404.361783,521,relax
1780322404.382022,522,relax
1780322404.402840,502,relax
1780322404.423211,499,relax
1780322404.443808,481,relax
1780322404.460146,493,relax
1780322404.480825,476,relax
1780322404.501340,480,relax
1780322404.521436,510,relax
1780322404.542319,482,relax
1780322404.562162,494,relax
1780322404.582456,486,relax
1780322404.603447,506,relax
1780322404.623567,505,relax
1780322404.644450,486,relax
1780322404.664873,492,relax
1780322404.681458,494,relax
1780322404.701881,453,relax
1780322404.722464,483,relax
1780322404.742887,481,relax
1780322404.763041,494,relax
1780322404.783700,490,relax
1780322404.804474,481,relax
1780322404.824897,474,relax
1780322404.841480,530,relax
1780322404.861483,503,relax
1780322404.881906,486,relax
1780322404.902488,480,relax
1780322404.922911,478,relax
1780322404.943494,490,relax
1780322404.963917,469,relax
1780322404.984521,500,relax
1780322405.004923,502,relax
1780322405.021505,492,relax
1780322405.041928,506,relax
1780322405.062510,482,relax
1780322405.082637,493,relax
1780322405.103356,482,relax
1780322405.123939,488,relax
1780322405.144226,502,relax
1780322405.164524,475,relax
1780322405.180947,464,relax
1780322405.201530,460,relax
1780322405.221953,498,relax
1780322405.242173,504,relax
1780322405.262958,468,relax
1780322405.283541,476,relax
1780322405.303171,502,relax
1780322405.324546,481,relax
1780322405.344970,429,relax
1780322405.361552,420,relax
1780322405.381975,495,relax
1780322405.402557,464,relax
1780322405.422462,476,relax
1780322405.443563,488,relax
1780322405.463566,499,relax
1780322405.484569,453,relax
1780322405.504175,498,relax
1780322405.521036,471,relax
1780322405.545574,454,relax
1780322405.565997,449,relax
1780322405.582410,501,relax
1780322405.603005,467,relax
1780322405.623588,468,relax
1780322405.643784,451,relax
1780322405.664593,472,relax
1780322405.685017,465,relax
1780322405.705597,440,relax
1780322405.726021,472,relax
1780322405.742604,484,relax
1780322405.762607,456,relax
1780322405.783610,469,relax
1780322405.803612,486,relax
1780322405.824036,466,relax
1780322405.844619,455,relax
1780322405.865041,499,relax
1780322405.885625,447,relax
1780322405.905174,493,relax
1780322405.922629,469,relax
1780322405.943052,484,relax
1780322405.963367,430,relax
1780322405.983305,465,relax
1780322406.004309,469,relax
1780322406.025064,486,relax
1780322406.045646,448,relax
1780322406.066068,441,relax
1780322406.082390,467,relax
1780322406.102654,472,relax
1780322406.123077,495,relax
1780322406.143659,484,relax
1780322406.164082,446,relax
1780322406.184664,458,relax
1780322406.205088,447,relax
1780322406.225671,478,relax
1780322406.246093,483,relax
1780322406.262676,494,relax
1780322406.282392,465,relax
1780322406.303682,451,relax
1780322406.324105,459,relax
1780322406.344687,472,relax
1780322406.365110,461,relax
1780322406.385692,472,relax
1780322406.405695,478,relax
1780322406.422118,497,relax
1780322406.442700,459,relax
1780322406.463171,470,relax
1780322406.483684,445,relax
1780322406.504129,478,relax
1780322406.524712,466,relax
1780322406.545135,463,relax
1780322406.565717,475,relax
1780322406.586140,477,relax
1780322406.606744,471,relax
1780322406.627201,482,relax
1780322406.643728,472,relax
1780322406.663740,470,relax
1780322406.684734,482,relax
1780322406.704175,480,relax
1780322406.725739,471,relax
1780322406.745742,472,relax
1780322406.766165,461,relax
1780322406.786748,483,relax
1780322406.803170,486,relax
1780322406.823342,483,relax
1780322406.844176,487,relax
1780322406.864758,472,relax
1780322406.885182,501,relax
1780322406.905703,492,relax
1780322406.926188,496,relax
1780322406.946770,465,relax
1780322406.967032,482,relax
1780322406.983679,466,relax
1780322407.003086,492,relax
1780322407.024781,473,relax
1780322407.044783,485,relax
1780322407.065207,476,relax
1780322407.085789,487,relax
1780322407.106212,434,relax
1780322407.126795,468,relax
1780322407.143217,492,relax
1780322407.163800,484,relax
1780322407.183402,486,relax
1780322407.204805,462,relax
1780322407.225209,506,relax
1780322407.245811,493,relax
1780322407.266234,482,relax
1780322407.286817,507,relax
1780322407.307184,512,relax
1780322407.323249,459,relax
1780322407.343825,523,relax
1780322407.364247,483,relax
1780322407.384830,480,relax
1780322407.405234,465,relax
1780322407.425836,465,relax
1780322407.446259,479,relax
1780322407.466841,485,relax
1780322407.487264,505,relax
1780322407.507424,480,relax
1780322407.528036,484,relax
1780322407.544852,456,relax
1780322407.565275,511,relax
1780322407.585858,477,relax
1780322407.606281,464,relax
1780322407.626864,486,relax
1780322407.646866,511,relax
1780322407.667180,507,relax
1780322407.687034,508,relax
1780322407.704294,499,relax
1780322407.724877,489,relax
1780322407.745300,502,relax
1780322407.765883,483,relax
1780322407.786306,489,relax
1780322407.806888,492,relax
1780322407.827206,517,relax
1780322407.847209,508,relax
1780322407.868187,502,relax
1780322407.884899,499,relax
1780322407.904747,497,relax
1780322407.925751,494,relax
1780322407.945907,484,relax
1780322407.966910,483,relax
1780322407.986913,530,relax
1780322408.006663,522,relax
1780322408.027217,466,relax
1780322408.044341,497,relax
1780322408.064589,509,relax
1780322408.085347,496,relax
1780322408.105075,501,relax
1780322408.126353,474,relax
1780322408.146935,507,relax
1780322408.167031,518,relax
1780322408.187674,483,relax
1780322408.208034,492,relax
1780322408.224946,510,relax
1780322408.244948,502,relax
1780322408.265372,514,relax
1780322408.285954,482,relax
1780322408.305577,485,relax
1780322408.326960,501,relax
1780322408.347383,489,relax
1780322408.368032,483,relax
1780322408.388171,506,relax
1780322408.408035,528,relax
1780322408.425394,481,relax
1780322408.445976,520,relax
1780322408.466399,491,relax
1780322408.487031,520,relax
1780322408.506657,492,relax
1780322408.527538,501,relax
1780322408.548171,513,relax
1780322408.569035,525,relax
1780322408.589035,521,relax
1780322408.605419,502,relax
1780322408.626001,508,relax
1780322408.646424,517,relax
1780322408.666597,515,relax
1780322408.687198,515,relax
1780322408.708044,508,relax
1780322408.728215,521,relax
1780322408.748398,501,relax
1780322408.769441,547,relax
1780322408.786023,528,relax
1780322408.806446,553,relax
1780322408.827029,529,relax
1780322408.847041,526,relax
1780322408.868059,515,relax
1780322408.887208,563,relax
1780322408.908216,508,relax
1780322408.928210,519,relax
1780322408.945465,522,relax
1780322408.966048,538,relax
1780322408.986471,529,relax
1780322409.006630,540,relax
1780322409.027287,527,relax
1780322409.048039,538,relax
1780322409.068534,531,relax
1780322409.088383,511,relax
1780322409.109488,536,relax
1780322409.126070,526,relax
1780322409.145950,558,relax
1780322409.167035,553,relax
1780322409.187034,530,relax
1780322409.208036,493,relax
1780322409.228036,526,relax
1780322409.248043,527,relax
1780322409.269150,517,relax
1780322409.289510,529,relax
1780322409.310092,526,relax
1780322409.326518,516,relax
1780322409.347100,544,relax
1780322409.367035,526,relax
1780322409.388036,508,relax
1780322409.407680,548,relax
1780322409.429036,550,relax
1780322409.449535,530,relax
1780322409.470116,530,relax
1780322409.490540,528,relax
1780322409.506542,553,relax
1780322409.526527,527,relax
1780322409.547265,533,relax
1780322409.568034,517,relax
1780322409.588171,552,relax
1780322409.608560,561,relax
1780322409.629036,543,relax
1780322409.650142,538,relax
1780322409.666177,520,relax
1780322409.687147,530,relax
1780322409.707215,532,relax
1780322409.727606,558,relax
1780322409.748171,566,relax
1780322409.769216,558,relax
1780322409.789581,555,relax
1780322409.810164,576,relax
1780322409.830167,549,relax
1780322409.846589,535,relax
1780322409.867206,523,relax
1780322409.887205,527,relax
1780322409.908035,555,relax
1780322409.928543,540,relax
1780322409.949224,555,relax
1780322409.969606,544,relax
1780322409.990189,547,relax
1780322410.006071,544,relax
1780322410.027032,558,relax
1780322410.047205,569,relax
1780322410.068244,579,relax
1780322410.088035,558,relax
1780322410.109205,553,relax
1780322410.128345,578,relax
1780322410.150211,563,relax
1780322410.170213,588,relax
1780322410.190634,553,relax
1780322410.211212,573,relax
1780322410.227036,575,relax
1780322410.248170,565,relax
1780322410.268219,539,relax
1780322410.288961,541,relax
1780322410.309653,564,relax
1780322410.330144,546,relax
1780322410.350657,569,relax
1780322410.371240,566,relax
1780322410.391589,530,relax
1780322410.407972,560,relax
1780322410.428170,586,relax
1780322410.448042,571,relax
1780322410.468863,572,relax
1780322410.489678,556,relax
1780322410.510260,543,relax
1780322410.530214,558,relax
1780322410.550968,568,relax
1780322410.567030,562,relax
1780322410.588169,562,relax
1780322410.608657,562,relax
1780322410.629172,544,relax
1780322410.649700,545,relax
1780322410.670203,563,relax
1780322410.690649,552,relax
1780322410.711288,574,relax
1780322410.731711,528,relax
1780322410.747713,540,relax
1780322410.768029,546,relax
1780322410.788171,550,relax
1780322410.809302,558,relax
1780322410.829028,539,relax
1780322410.850307,578,relax
1780322410.870730,558,relax
1780322410.891313,548,relax
1780322410.907030,555,relax
1780322410.928171,558,relax
1780322410.948034,561,relax
1780322410.969324,561,relax
1780322410.989747,570,relax
1780322411.010031,583,relax
1780322469.896962,496,fist
1780322469.913966,476,fist
1780322469.934441,485,fist
1780322469.954355,520,fist
1780322469.975447,499,fist
1780322469.995870,492,fist
1780322470.016513,493,fist
1780322470.036973,461,fist
1780322470.056968,495,fist
1780322470.077881,485,fist
1780322470.094172,481,fist
1780322470.114519,489,fist
1780322470.135469,469,fist
1780322470.155446,503,fist
1780322470.176475,484,fist
1780322470.196487,504,fist
1780322470.216961,499,fist
1780322470.236975,482,fist
1780322470.253418,455,fist
1780322470.274488,490,fist
1780322470.294911,443,fist
1780322470.315494,476,fist
1780322470.335917,489,fist
1780322470.356499,488,fist
1780322470.376960,514,fist
1780322470.397505,511,fist
1780322470.417140,522,fist
1780322470.438184,466,fist
1780322470.458158,468,fist
1780322470.475516,483,fist
1780322470.495518,455,fist
1780322470.516432,476,fist
1780322470.536524,500,fist
1780322470.557569,485,fist
1780322470.577268,495,fist
1780322470.597262,470,fist
1780322470.618204,493,fist
1780322470.637982,464,fist
1780322470.659539,453,fist
1780322470.679186,495,fist
1780322470.696546,463,fist
1780322470.716682,538,fist
1780322470.736962,448,fist
1780322470.757373,523,fist
1780322470.778151,441,fist
1780322470.798184,475,fist
1780322470.819562,443,fist
1780322470.839965,457,fist
1780322470.855989,491,fist
1780322470.876571,499,fist
1780322470.897137,496,fist
1780322470.917541,498,fist
1780322470.937999,481,fist
1780322470.958573,479,fist
1780322470.978144,482,fist
1780322470.999588,484,fist
1780322471.020011,516,fist
1780322471.036593,490,fist
1780322471.056365,485,fist
1780322471.077178,507,fist
1780322471.097219,479,fist
1780322471.117962,538,fist
1780322471.139028,527,fist
1780322471.159610,491,fist
1780322471.179157,504,fist
1780322471.196035,471,fist
1780322471.216425,453,fist
1780322471.237136,437,fist
1780322471.257362,478,fist
1780322471.277135,510,fist
1780322471.298180,444,fist
1780322471.318638,467,fist
1780322471.339635,482,fist
1780322471.360058,480,fist
1780322471.376640,552,fist
1780322471.397174,457,fist
1780322471.417645,457,fist
1780322471.437648,472,fist
1780322471.458174,488,fist
1780322471.478737,469,fist
1780322471.499657,452,fist
1780322471.519660,494,fist
1780322471.540080,451,fist
1780322471.560662,496,fist
1780322471.577127,507,fist
1780322471.597671,516,fist
1780322471.618200,502,fist
1780322471.638247,493,fist
1780322471.658366,517,fist
1780322471.679682,492,fist
1780322471.700105,512,fist
1780322471.720686,469,fist
1780322471.741109,498,fist
1780322471.757012,477,fist
1780322471.777135,439,fist
1780322471.798147,487,fist
1780322471.818181,459,fist
1780322471.839193,460,fist
1780322471.858989,518,fist
1780322471.880195,524,fist
1780322471.900820,499,fist
1780322471.917130,531,fist
1780322471.937804,485,fist
1780322471.958180,501,fist
1780322471.978167,490,fist
1780322471.999193,474,fist
1780322472.019728,490,fist
1780322472.040152,495,fist
1780322472.060734,506,fist
1780322472.080538,516,fist
1780322472.096961,517,fist
1780322472.116960,484,fist
1780322472.137972,496,fist
1780322472.158175,500,fist
1780322472.179262,479,fist
1780322472.199200,450,fist
1780322472.220176,459,fist
1780322472.240759,481,fist
1780322472.256982,440,fist
1780322472.277143,489,fist
1780322472.298139,476,fist
1780322472.318185,482,fist
1780322472.339161,452,fist
1780322472.359775,484,fist
1780322472.379200,528,fist
1780322472.400781,483,fist
1780322472.420964,516,fist
1780322472.437206,479,fist
1780322472.461786,512,fist
1780322472.477960,530,fist
1780322472.497960,493,fist
1780322472.519142,535,fist
1780322472.539800,497,fist
1780322472.560223,488,fist
1780322472.580573,520,fist
1780322472.600748,492,fist
1780322472.621810,490,fist
1780322472.642233,470,fist
1780322472.657965,493,fist
1780322472.678182,535,fist
1780322472.699745,473,fist
1780322472.719825,474,fist
1780322472.740248,490,fist
1780322472.760830,512,fist
1780322472.781254,476,fist
1780322472.801836,525,fist
1780322472.818478,509,fist
1780322472.838184,510,fist
1780322472.858550,513,fist
1780322472.879847,509,fist
1780322472.899744,505,fist
1780322472.920852,528,fist
1780322472.941275,508,fist
1780322472.961858,528,fist
1780322472.982364,550,fist
1780322472.998166,533,fist
1780322473.018370,513,fist
1780322473.039289,511,fist
1780322473.059871,510,fist
1780322473.080295,510,fist
1780322473.100877,507,fist
1780322473.120964,496,fist
1780322473.141883,529,fist
1780322473.158174,511,fist
1780322473.178962,498,fist
1780322473.199311,521,fist
1780322473.219893,501,fist
1780322473.240317,506,fist
1780322473.260899,549,fist
1780322473.281322,517,fist
1780322473.301905,546,fist
1780322473.322328,523,fist
1780322473.338452,540,fist
1780322473.358503,556,fist
1780322473.379200,540,fist
1780322473.399739,534,fist
1780322473.420341,526,fist
1780322473.440176,541,fist
1780322473.461179,563,fist
1780322473.481930,509,fist
1780322473.502351,548,fist
1780322473.522933,570,fist
1780322473.539358,509,fist
1780322473.559940,563,fist
1780322473.580363,535,fist
1780322473.600946,550,fist
1780322473.620949,545,fist
1780322473.641952,509,fist
1780322473.661954,524,fist
1780322473.682957,510,fist
1780322473.702960,532,fist
1780322473.719383,546,fist
1780322473.739965,525,fist
1780322473.760388,559,fist
1780322473.780971,556,fist
1780322473.800737,549,fist
1780322473.821976,558,fist
1780322473.842399,480,fist
1780322473.862982,512,fist
1780322473.883482,503,fist
1780322473.899734,553,fist
1780322473.919990,501,fist
1780322473.940993,540,fist
1780322473.960995,527,fist
1780322473.981419,550,fist
1780322474.002002,569,fist
1780322474.022424,588,fist
1780322474.043007,567,fist
1780322474.059429,558,fist
1780322474.079170,558,fist
1780322474.100435,561,fist
1780322474.121018,553,fist
1780322474.141441,529,fist
1780322474.162033,549,fist
1780322474.182518,507,fist
1780322474.202736,501,fist
1780322474.223452,522,fist
1780322474.240034,502,fist
1780322474.260037,553,fist
1780322474.280460,511,fist
1780322474.301042,554,fist
1780322474.321465,553,fist
1780322474.342077,567,fist
1780322474.362471,529,fist
1780322474.382568,528,fist
1780322474.402734,533,fist
1780322474.424078,519,fist
1780322474.440482,560,fist
1780322474.461064,552,fist
1780322474.480761,539,fist
1780322474.502070,528,fist
1780322474.522493,549,fist
1780322474.543075,518,fist
1780322474.563090,538,fist
1780322474.584081,556,fist
1780322474.604083,487,fist
1780322474.620507,507,fist
1780322474.641089,500,fist
1780322474.661512,489,fist
1780322474.682142,471,fist
1780322474.702340,546,fist
1780322474.723100,578,fist
1780322474.743524,527,fist
1780322474.764106,523,fist
1780322474.780558,546,fist
1780322474.801111,513,fist
1780322474.821534,520,fist
1780322474.842117,536,fist
1780322474.862119,527,fist
1780322474.883167,518,fist
1780322474.903171,543,fist
1780322474.923421,575,fist
1780322474.944131,512,fist
1780322474.960554,558,fist
1780322474.980987,553,fist
1780322475.001559,519,fist
1780322475.022141,518,fist
1780322475.042565,523,fist
1780322475.063147,541,fist
1780322475.083571,550,fist
1780322475.104153,547,fist
1780322475.120575,536,fist
1780322475.141158,590,fist
1780322475.161161,483,fist
1780322475.182164,514,fist
1780322475.202167,534,fist
1780322475.222590,501,fist
1780322475.243340,553,fist
1780322475.263341,530,fist
1780322475.284178,512,fist
1780322475.304598,508,fist
1780322475.325181,521,fist
1780322475.340961,473,fist
1780322475.362188,482,fist
1780322475.382645,488,fist
1780322475.402966,517,fist
1780322475.423617,506,fist
1780322475.444200,487,fist
1780322475.464622,496,fist
1780322475.485205,564,fist
1780322475.505512,518,fist
1780322475.521631,503,fist
1780322475.542403,483,fist
1780322475.562636,462,fist
1780322475.583179,457,fist
1780322475.602954,490,fist
1780322475.624224,460,fist
1780322475.644647,483,fist
1780322475.665174,468,fist
1780322475.680959,547,fist
1780322475.702235,461,fist
1780322475.722659,495,fist
1780322475.743241,472,fist
1780322475.763664,481,fist
1780322475.784246,439,fist
1780322475.803380,488,fist
1780322475.825252,475,fist
1780322475.845255,503,fist
1780322475.861677,468,fist
1780322475.882260,506,fist
1780322475.902683,483,fist
1780322475.923266,489,fist
1780322475.943174,493,fist
1780322475.964271,445,fist
1780322475.984694,489,fist
1780322476.005164,519,fist
1780322476.021700,510,fist
1780322476.042282,454,fist
1780322476.062705,482,fist
1780322476.083288,502,fist
1780322476.103341,503,fist
1780322476.124293,480,fist
1780322476.144296,462,fist
1780322476.164719,435,fist
1780322476.185302,519,fist
1780322476.205722,518,fist
1780322476.226305,490,fist
1780322476.242730,491,fist
1780322476.263336,499,fist
1780322476.283736,463,fist
1780322476.304318,470,fist
1780322476.324741,456,fist
1780322476.345285,509,fist
1780322476.365745,497,fist
1780322476.386116,499,fist
1780322476.402332,434,fist
1780322476.423340,496,fist
1780322476.443337,458,fist
1780322476.463760,456,fist
1780322476.484343,511,fist
1780322476.505009,490,fist
1780322476.525349,490,fist
1780322476.545772,480,fist
1780322476.566354,509,fist
1780322476.582178,498,fist
1780322476.603359,472,fist
1780322476.623783,499,fist
1780322476.644365,510,fist
1780322476.664788,488,fist
1780322476.685371,508,fist
1780322476.705566,493,fist
1780322476.726376,458,fist
1780322476.742378,496,fist
1780322476.762350,470,fist
1780322476.783384,497,fist
1780322476.803807,505,fist
1780322476.824390,438,fist
1780322476.844813,465,fist
1780322476.865395,465,fist
1780322476.885818,546,fist
1780322476.906401,468,fist
1780322476.922823,482,fist
1780322476.943235,469,fist
1780322476.963829,493,fist
1780322476.984411,528,fist
1780322477.004835,477,fist
1780322477.025395,463,fist
1780322477.045047,464,fist
1780322477.066372,522,fist
1780322477.086426,451,fist
1780322477.106847,418,fist
1780322477.127130,468,fist
1780322477.143944,447,fist
1780322477.164437,441,fist
1780322477.184860,505,fist
1780322477.204719,467,fist
1780322477.225865,528,fist
1780322477.246448,537,fist
1780322477.266370,493,fist
1780322477.287177,460,fist
1780322477.303876,516,fist
1780322477.324458,460,fist
1780322477.344461,446,fist
1780322477.365464,486,fist
1780322477.385467,488,fist
1780322477.405231,504,fist
1780322477.426473,464,fist
1780322477.446896,508,fist
1780322477.466953,458,fist
1780322477.483901,481,fist
1780322477.504483,478,fist
1780322477.524906,451,fist
1780322477.545489,463,fist
1780322477.565912,494,fist
1780322477.586494,521,fist
1780322477.606488,468,fist
1780322477.627500,490,fist
1780322477.643502,470,fist
1780322477.664505,498,fist
1780322477.684362,469,fist
1780322477.704931,480,fist
1780322477.725514,488,fist
1780322477.746012,477,fist
1780322477.766366,469,fist
1780322477.786943,491,fist
1780322477.806953,493,fist
1780322477.823470,482,fist
1780322477.844530,496,fist
1780322477.864953,523,fist
1780322477.885536,476,fist
1780322477.905173,491,fist
1780322477.926541,515,fist
1780322477.946965,489,fist
1780322477.967547,459,fist
1780322477.983549,474,fist
1780322478.003972,471,fist
1780322478.024555,466,fist
1780322478.044978,478,fist
1780322478.065560,485,fist
1780322478.085984,478,fist
1780322478.106579,484,fist
1780322478.126945,489,fist
1780322478.147572,511,fist
1780322478.167953,479,fist
1780322478.188176,492,fist
1780322478.204400,482,fist
1780322478.225583,460,fist
1780322478.246006,480,fist
1780322478.266548,502,fist
1780322478.286591,445,fist
1780322478.307435,512,fist
1780322478.326953,525,fist
1780322478.348020,512,fist
1780322478.367956,536,fist
1780322478.385025,489,fist
1780322478.405521,493,fist
1780322478.426031,476,fist
1780322478.446613,476,fist
1780322478.466953,521,fist
1780322478.487619,474,fist
1780322478.507791,529,fist
1780322478.528233,468,fist
1780322478.544364,502,fist
1780322478.565630,489,fist
1780322478.585632,485,fist
1780322478.606367,507,fist
1780322478.626638,448,fist
1780322478.647132,467,fist
1780322478.667177,466,fist
1780322478.688172,472,fist
1780322478.707984,521,fist
1780322478.725072,465,fist
1780322478.745432,503,fist
1780322478.766077,503,fist
1780322478.786660,490,fist
1780322478.806548,526,fist
1780322478.827665,527,fist
1780322478.848132,509,fist
1780322478.868169,503,fist
1780322478.884674,461,fist
1780322478.905097,477,fist
1780322478.925679,508,fist
1780322478.946102,507,fist
1780322478.966354,497,fist
1780322478.987118,517,fist
1780322479.007721,522,fist
1780322479.027954,496,fist
1780322479.048171,520,fist
1780322479.068980,490,fist
1780322479.088954,521,fist
1780322479.105979,460,fist
1780322479.126706,469,fist
1780322479.147167,480,fist
1780322479.167128,535,fist
1780322479.187953,499,fist
1780322479.207953,530,fist
1780322479.228182,458,fist
1780322479.249686,524,fist
1780322479.265726,520,fist
1780322479.286248,516,fist
1780322479.306733,498,fist
1780322479.326955,465,fist
1780322479.347122,507,fist
1780322479.368185,518,fist
1780322479.388146,501,fist
1780322479.408957,519,fist
1780322479.429749,523,fist
1780322479.446171,518,fist
1780322479.466350,503,fist
1780322479.486766,514,fist
1780322479.506953,508,fist
1780322479.527762,511,fist
1780322479.547954,451,fist
1780322479.567956,480,fist
1780322479.589190,469,fist
1780322479.605772,527,fist
1780322479.626196,505,fist
1780322479.646778,508,fist
1780322479.666955,545,fist
1780322479.687783,530,fist
1780322479.707694,513,fist
1780322479.728484,499,fist
1780322479.749213,555,fist
1780322479.769795,525,fist
1780322479.785797,538,fist
1780322479.806800,547,fist
1780322479.826671,492,fist
1780322479.847806,444,fist
1780322479.867809,559,fist
1780322479.887954,520,fist
1780322479.908132,525,fist
1780322479.929135,550,fist
1780322479.949817,482,fist
1780322479.970241,612,fist
1780322479.990824,497,fist
1780322480.006552,494,fist
1780322480.027530,490,fist
1780322480.048142,530,fist
1780322480.068170,507,fist
1780322480.089260,522,fist
1780322480.109842,530,fist
1780322480.130264,548,fist
1780322480.149952,499,fist
1780322480.166344,495,fist
1780322480.187273,476,fist
1780322480.207560,518,fist
1780322480.228138,539,fist
1780322480.248951,494,fist
1780322480.269284,506,fist
1780322480.289867,512,fist
1780322480.310290,540,fist
1780322480.330872,504,fist
1780322480.346951,479,fist
1780322480.367765,491,fist
1780322480.387733,510,fist
1780322480.408583,501,fist
1780322480.429306,485,fist
1780322480.449675,536,fist
1780322480.469892,554,fist
1780322480.490894,516,fist
1780322480.506897,509,fist
1780322480.527128,477,fist
1780322480.547129,476,fist
1780322480.568185,525,fist
1780322480.588171,496,fist
1780322480.609271,471,fist
1780322480.629525,521,fist
1780322480.650337,493,fist
1780322480.670919,508,fist
1780322480.686938,524,fist
1780322480.707675,494,fist
1780322480.727927,480,fist
1780322480.748201,546,fist
1780322480.768628,510,fist
1780322480.789936,502,fist
1780322480.809938,487,fist
1780322480.830362,523,fist
1780322480.850942,517,fist
1780322480.871365,534,fist
1780322480.887845,499,fist
1780322480.908340,544,fist
1780322480.928179,536,fist
1780322480.949138,514,fist
1780322480.969960,483,fist
1780322480.990321,505,fist
1780322481.010966,537,fist
1780322481.031388,547,fist
1780322481.051681,460,fist
1780322481.067126,520,fist
1780322481.088181,548,fist
1780322481.108176,512,fist
1780322481.129403,483,fist
1780322481.149985,505,fist
1780322481.170408,498,fist
1780322481.190991,512,fist
1780322481.211414,483,fist
1780322481.227996,564,fist
1780322481.247953,554,fist
1780322481.269088,530,fist
1780322481.289425,511,fist
1780322481.310008,558,fist
1780322481.330431,529,fist
1780322481.351013,517,fist
1780322481.371499,520,fist
1780322481.392018,509,fist
1780322481.407122,563,fist
1780322481.428128,496,fist
1780322481.448181,482,fist
1780322481.469450,523,fist
1780322481.490032,500,fist
1780322481.510455,518,fist
1780322481.531037,495,fist
1780322481.551355,503,fist
1780322481.572043,486,fist
1780322481.587949,530,fist
1780322481.609048,521,fist
1780322481.629472,491,fist
1780322481.650054,560,fist
1780322481.670066,518,fist
1780322481.691060,492,fist
1780322481.711062,509,fist
1780322481.732065,457,fist
1780322481.752065,486,fist
1780322481.772177,528,fist
1780322481.789168,531,fist
1780322481.809496,542,fist
1780322481.829474,512,fist
1780322481.850502,535,fist
1780322481.871084,501,fist
1780322481.891507,508,fist
1780322481.912090,499,fist
1780322481.932512,500,fist
1780322481.953094,531,fist
1780322481.969172,496,fist
1780322481.989875,480,fist
1780322482.009353,473,fist
1780322482.030526,480,fist
1780322482.051109,538,fist
1780322482.071532,510,fist
1780322482.092115,526,fist
1780322482.112538,496,fist
1780322482.129138,557,fist
1780322482.149543,534,fist
1780322482.170125,501,fist
1780322482.190136,513,fist
1780322482.211131,452,fist
1780322482.231554,530,fist
1780322482.252137,534,fist
1780322482.272560,512,fist
1780322482.293170,505,fist
1780322482.309145,529,fist
1780322482.329332,548,fist
1780322482.350151,531,fist
1780322482.370574,524,fist
1780322482.391156,500,fist
1780322482.411579,549,fist
1780322482.432175,488,fist
1780322482.452585,528,fist
1780322482.469201,489,fist
1780322482.489590,562,fist
1780322482.510075,487,fist
1780322482.530596,558,fist
1780322482.551178,500,fist
1780322482.571601,566,fist
1780322482.592184,540,fist
1780322482.612145,547,fist
1780322482.633220,548,fist
1780322482.649209,514,fist
1780322482.674193,544,fist
1780322482.690197,525,fist
1780322482.710621,551,fist
1780322482.731203,507,fist
1780322482.751626,525,fist
1780322482.772209,538,fist
1780322482.792632,522,fist
1780322482.813352,479,fist
1780322482.833636,519,fist
1780322482.854218,528,fist
1780322482.870642,560,fist
1780322482.891429,494,fist
1780322482.911228,529,fist
1780322482.932270,499,fist
1780322482.952234,515,fist
1780322482.973111,508,fist
1780322482.993239,561,fist
1780322483.013171,540,fist
1780322483.030173,530,fist
1780322483.050667,531,fist
1780322483.071250,591,fist
1780322483.091673,520,fist
1780322483.111954,581,fist
1780322483.132173,534,fist
1780322483.152888,530,fist
1780322483.173684,500,fist
1780322483.194267,455,fist
1780322483.210269,522,fist
1780322483.230770,530,fist
1780322483.251275,546,fist
1780322483.271698,493,fist
1780322483.292280,490,fist
1780322483.312703,558,fist
1780322483.333239,530,fist
1780322483.353186,493,fist
1780322483.370291,553,fist
1780322483.390714,536,fist
1780322483.410957,506,fist
1780322483.431720,511,fist
1780322483.452302,511,fist
1780322483.472725,540,fist
1780322483.493308,559,fist
1780322483.513731,554,fist
1780322483.534200,511,fist
1780322483.550316,591,fist
1780322483.570739,484,fist
1780322483.591321,516,fist
1780322483.611170,549,fist
1780322483.632226,509,fist
1780322483.652750,524,fist
1780322483.672959,513,fist
1780322483.693171,527,fist
1780322483.714336,506,fist
1780322483.734494,548,fist
1780322483.751343,518,fist
1780322483.771766,543,fist
1780322483.792349,502,fist
1780322483.812772,537,fist
1780322483.833195,488,fist
1780322483.853171,516,fist
1780322483.874360,496,fist
1780322483.894362,502,fist
1780322483.915366,500,fist
1780322483.931368,532,fist
1780322483.951791,540,fist
1780322483.972373,535,fist
1780322483.992797,517,fist
1780322484.013379,520,fist
1780322484.033803,531,fist
1780322484.054173,524,fist
1780322484.074808,510,fist
1780322484.091390,560,fist
1780322484.111813,508,fist
1780322484.132016,507,fist
1780322484.152398,495,fist
1780322484.173401,553,fist
1780322484.193170,517,fist
1780322484.213181,515,fist
1780322484.234410,530,fist
1780322484.254172,487,fist
1780322484.270930,557,fist
1780322484.291838,529,fist
1780322484.312420,479,fist
1780322484.332005,487,fist
1780322484.353171,527,fist
1780322484.373849,525,fist
1780322484.394432,520,fist
1780322484.414855,502,fist
1780322484.431437,483,fist
1780322484.451440,517,fist
1780322484.472443,479,fist
1780322484.492445,476,fist
1780322484.512647,504,fist
1780322484.532650,538,fist
1780322484.553932,479,fist
1780322484.574456,496,fist
1780322484.594879,532,fist
1780322484.615460,534,fist
1780322484.635883,500,fist
1780322484.652178,494,fist
1780322484.672890,505,fist
1780322484.693473,496,fist
1780322484.713896,456,fist
1780322484.734478,473,fist
1780322484.754173,504,fist
1780322484.775484,490,fist
1780322484.795496,479,fist
1780322484.816301,518,fist
1780322484.832177,529,fist
1780322484.852916,476,fist
1780322484.873382,457,fist
1780322484.893921,529,fist
1780322484.914503,477,fist
1780322484.934926,462,fist
1780322484.955509,492,fist
1780322484.975932,528,fist
1780322484.992514,560,fist
1780322485.012937,490,fist
1780322485.033520,518,fist
1780322485.053172,506,fist
1780322485.074525,469,fist
1780322485.094528,494,fist
1780322485.114749,490,fist
1780322485.135534,479,fist
1780322485.156537,502,fist
1780322485.172539,523,fist
1780322485.192962,503,fist
1780322485.213544,552,fist
1780322485.233968,507,fist
1780322485.254172,547,fist
1780322485.274973,489,fist
1780322485.295556,489,fist
1780322485.315979,484,fist
1780322485.331949,450,fist
1780322485.352984,569,fist
1780322485.373171,494,fist
1780322485.393570,515,fist
1780322485.414572,518,fist
1780322485.433956,474,fist
1780322485.454173,495,fist
1780322485.475581,472,fist
1780322485.496004,487,fist
1780322485.516295,466,fist
1780322485.537126,505,fist
1780322485.553171,472,fist
1780322485.573171,473,fist
1780322485.594236,526,fist
1780322485.615020,496,fist
1780322485.635604,467,fist
1780322485.656026,495,fist
1780322485.676607,504,fist
1780322485.696628,500,fist
1780322485.713380,513,fist
1780322485.733616,573,fist
1780322485.753906,656,fist
1780322485.774172,537,fist
1780322485.795045,402,fist
1780322485.815628,380,fist
1780322485.836051,379,fist
1780322485.856634,400,fist
1780322485.877179,499,fist
1780322485.893638,487,fist
1780322485.914108,437,fist
1780322485.934644,468,fist
1780322485.955067,463,fist
1780322485.975354,474,fist
1780322485.996073,456,fist
1780322486.016290,493,fist
1780322486.036725,467,fist
1780322486.057555,479,fist
1780322486.073663,461,fist
1780322486.094086,429,fist
1780322486.114669,493,fist
1780322486.135092,456,fist
1780322486.155674,553,fist
1780322486.176097,495,fist
1780322486.196680,503,fist
1780322486.217108,480,fist
1780322486.233685,558,fist
1780322486.254108,543,fist
1780322486.274691,542,fist
1780322486.295114,484,fist
1780322486.315696,483,fist
1780322486.335699,464,fist
1780322486.356702,480,fist
1780322486.376176,472,fist
1780322486.396947,461,fist
1780322486.416947,469,fist
1780322486.438151,497,fist
1780322486.454837,485,fist
1780322486.475139,533,fist
1780322486.495721,464,fist
1780322486.516144,463,fist
1780322486.536144,592,fist
1780322486.556947,512,fist
1780322486.576936,488,fist
1780322486.598169,507,fist
1780322486.614738,542,fist
1780322486.634740,474,fist
1780322486.655169,519,fist
1780322486.675746,476,fist
1780322486.696169,517,fist
1780322486.716284,513,fist
1780322486.736945,448,fist
1780322486.756948,531,fist
1780322486.777947,494,fist
1780322486.793926,500,fist
1780322486.814931,569,fist
1780322486.835768,471,fist
1780322486.856172,554,fist
1780322486.876773,474,fist
1780322486.896945,500,fist
1780322486.916944,511,fist
1780322486.937951,480,fist
1780322486.954173,454,fist
1780322486.974787,571,fist
1780322486.994376,488,fist
1780322487.015793,513,fist
1780322487.035954,502,fist
1780322487.056562,475,fist
1780322487.077019,499,fist
1780322487.097198,508,fist
1780322487.118192,501,fist
1780322487.134809,473,fist
1780322487.155232,522,fist
1780322487.175815,553,fist
1780322487.195366,470,fist
1780322487.216279,481,fist
1780322487.237243,484,fist
1780322487.257571,480,fist
1780322487.277407,515,fist
1780322487.294251,523,fist
1780322487.318171,510,fist
1780322487.339255,493,fist
1780322487.355174,467,fist
1780322487.376263,495,fist
1780322487.396943,473,fist
1780322487.416943,477,fist
1780322487.437262,483,fist
1780322487.457945,484,fist
1780322487.478531,467,fist
1780322487.499091,520,fist
1780322487.515297,459,fist
1780322487.536301,505,fist
1780322487.556736,470,fist
1780322487.576141,504,fist
1780322487.597873,484,fist
1780322487.617945,478,fist
1780322487.638306,523,fist
1780322487.658948,471,fist
1780322487.678945,475,fist
1780322487.695886,503,fist
1780322487.716275,503,fist
1780322487.736308,507,fist
1780322487.757000,476,fist
1780322487.777945,498,fist
1780322487.797945,554,fist
1780322487.818947,504,fist
1780322487.839156,504,fist
1780322487.855908,464,fist
1780322487.875911,476,fist
1780322487.896172,504,fist
1780322487.916943,509,fist
1780322487.936621,446,fist
1780322487.957174,502,fist
1780322487.977944,500,fist
1780322487.998944,530,fist
1780322488.019351,483,fist
1780322488.035933,514,fist
1780322488.055618,499,fist
1780322488.076990,527,fist
1780322488.096943,548,fist
1780322488.117944,499,fist
1780322488.138175,516,fist
1780322488.158173,584,fist
1780322488.179373,500,fist
1780322488.195785,599,fist
1780322488.215931,515,fist
1780322488.236381,517,fist
1780322488.256943,478,fist
1780322488.276941,551,fist
1780322488.297969,527,fist
1780322488.318287,485,fist
1780322488.338291,517,fist
1780322488.359432,540,fist
1780322488.379065,467,fist
1780322488.400116,461,fist
1780322488.416119,505,fist
1780322488.437409,535,fist
1780322488.457941,549,fist
1780322488.477942,475,fist
1780322488.498997,516,fist
1780322488.518170,511,fist
1780322488.539468,484,fist
1780322488.559172,523,fist
1780322488.576428,531,fist
1780322488.596939,513,fist
1780322488.616940,526,fist
1780322488.637940,553,fist
1780322488.658223,527,fist
1780322488.678942,531,fist
1780322488.699184,560,fist
1780322488.720027,527,fist
1780322488.740450,522,fist
1780322488.756776,537,fist
1780322488.776939,572,fist
1780322488.798038,487,fist
1780322488.817940,551,fist
1780322488.838171,518,fist
1780322488.858179,496,fist
1780322488.879523,543,fist
1780322488.900052,526,fist
1780322488.916263,509,fist
1780322488.937057,527,fist
1780322494.286224,512,fist
1780322494.303216,522,fist
1780322494.323799,516,fist
1780322494.344222,520,fist
1780322494.363982,539,fist
1780322494.384736,549,fist
1780322494.405593,510,fist
1780322494.425202,506,fist
1780322494.446815,497,fist
1780322494.466213,542,fist
1780322494.483241,525,fist
1780322494.503823,485,fist
1780322494.524247,498,fist
1780322494.544829,534,fist
1780322494.565252,488,fist
1780322494.585835,506,fist
1780322494.606258,527,fist
1780322494.626948,519,fist
1780322494.643263,551,fist
1780322494.663846,564,fist
1780322494.683849,544,fist
1780322494.704869,503,fist
1780322494.724854,485,fist
1780322494.745277,501,fist
1780322494.765860,537,fist
1780322494.786283,494,fist
1780322494.806934,511,fist
1780322494.827288,477,fist
1780322494.847871,548,fist
1780322494.868170,525,fist
1780322494.888267,504,fist
1780322494.905263,561,fist
1780322494.925882,512,fist
1780322494.946174,529,fist
1780322494.966208,489,fist
1780322494.986945,542,fist
1780322495.007938,483,fist
1780322495.027935,582,fist
1780322495.048171,519,fist
1780322495.068182,473,fist
1780322495.085324,486,fist
1780322495.105553,484,fist
1780322495.126330,587,fist
1780322495.146949,467,fist
1780322495.166939,525,fist
1780322495.187918,492,fist
1780322495.207937,511,fist
1780322495.228184,484,fist
1780322495.245346,493,fist
1780322495.265929,621,fist
1780322495.286243,500,fist
1780322495.306943,486,fist
1780322495.326943,530,fist
1780322495.347940,561,fist
1780322495.367942,496,fist
1780322495.388169,495,fist
1780322495.408950,491,fist
1780322495.425371,502,fist
1780322495.445953,563,fist
1780322495.466171,481,fist
1780322495.487016,506,fist
1780322495.506947,522,fist
1780322495.527965,500,fist
1780322495.548436,450,fist
1780322495.568176,456,fist
1780322495.585393,562,fist
1780322495.605947,497,fist
1780322495.625978,496,fist
1780322495.646937,528,fist
1780322495.666179,504,fist
1780322495.687407,517,fist
1780322495.707964,481,fist
1780322495.728184,560,fist
1780322495.748177,492,fist
1780322495.769415,493,fist
1780322495.789998,536,fist
1780322495.806423,467,fist
1780322495.826948,477,fist
1780322495.846936,555,fist
1780322495.867202,526,fist
1780322495.888185,500,fist
1780322495.908203,515,fist
1780322495.929172,488,fist
1780322495.950021,495,fist
1780322495.965801,480,fist
1780322495.986448,523,fist
1780322496.006961,515,fist
1780322496.026945,504,fist
1780322496.048036,494,fist
1780322496.068327,551,fist
1780322496.088174,506,fist
1780322496.109465,574,fist
1780322496.129937,464,fist
1780322496.145791,508,fist
1780322496.166328,490,fist
1780322496.187476,509,fist
1780322496.207945,477,fist
1780322496.228181,497,fist
1780322496.248182,492,fist
1780322496.269487,520,fist
1780322496.290214,506,fist
1780322496.306072,506,fist
1780322496.326495,520,fist
1780322496.346354,516,fist
1780322496.367377,552,fist
1780322496.388083,473,fist
1780322496.408176,486,fist
1780322496.428180,500,fist
1780322496.449512,512,fist
1780322496.470094,543,fist
1780322496.486517,486,fist
1780322496.506944,502,fist
1780322496.527523,529,fist
1780322496.548160,529,fist
1780322496.567408,488,fist
1780322496.589200,535,fist
1780322496.609178,567,fist
1780322496.630201,485,fist
1780322496.646118,520,fist
1780322496.670540,495,fist
1780322496.691122,467,fist
1780322496.706933,519,fist
1780322496.728195,470,fist
1780322496.748180,530,fist
1780322496.769135,477,fist
1780322496.789558,543,fist
1780322496.810141,488,fist
1780322496.829934,528,fist
1780322496.851146,487,fist
1780322496.866936,546,fist
1780322496.887933,511,fist
1780322496.907935,459,fist
1780322496.928182,487,fist
1780322496.949197,488,fist
1780322496.969583,505,fist
1780322496.990166,475,fist
1780322497.010589,462,fist
1780322497.031172,543,fist
1780322497.046933,505,fist
1780322497.067957,488,fist
1780322497.087973,497,fist
1780322497.109182,477,fist
1780322497.129191,558,fist
1780322497.150188,493,fist
1780322497.169935,562,fist
1780322497.191193,504,fist
1780322497.206944,523,fist
1780322497.227619,494,fist
1780322497.247958,500,fist
1780322497.267992,501,fist
1780322497.289220,500,fist
1780322497.309630,493,fist
1780322497.330203,513,fist
1780322497.350636,537,fist
1780322497.371218,458,fist
1780322497.387327,511,fist
1780322497.407962,531,fist
1780322497.428171,520,fist
1780322497.449229,469,fist
1780322497.469652,529,fist
1780322497.490235,491,fist
1780322497.510238,527,fist
1780322497.531241,478,fist
1780322497.547242,555,fist
1780322497.567345,540,fist
1780322497.588033,456,fist
1780322497.608467,458,fist
1780322497.628341,470,fist
1780322497.649517,501,fist
1780322497.670259,508,fist
1780322497.690683,491,fist
1780322497.711265,490,fist
1780322497.731686,534,fist
1780322497.752269,500,fist
1780322497.768169,543,fist
1780322497.789171,600,fist
1780322497.809278,525,fist
1780322497.830281,517,fist
1780322497.850285,506,fist
1780322497.870708,505,fist
1780322497.891289,494,fist
1780322497.911713,484,fist
1780322497.928175,468,fist
1780322497.948182,503,fist
1780322497.969301,509,fist
1780322497.989396,526,fist
1780322498.010306,504,fist
1780322498.030730,493,fist
1780322498.051312,565,fist
1780322498.071735,506,fist
1780322498.092318,457,fist
1780322498.107934,521,fist
1780322498.129323,484,fist
1780322498.149325,419,fist
1780322498.169360,530,fist
1780322498.190331,546,fist
1780322498.210755,471,fist
1780322498.231238,472,fist
1780322498.251760,495,fist
1780322498.272317,516,fist
1780322498.288171,529,fist
1780322498.308932,519,fist
1780322498.329191,496,fist
1780322498.350353,539,fist
1780322498.370776,518,fist
1780322498.391359,502,fist
1780322498.411782,522,fist
1780322498.432178,476,fist
1780322498.448379,458,fist
1780322498.468183,542,fist
1780322498.489372,473,fist
1780322498.509796,498,fist
1780322498.529591,497,fist
1780322498.550801,496,fist
1780322498.571384,473,fist
1780322498.591807,462,fist
1780322498.612389,531,fist
1780322498.632201,518,fist
1780322498.653172,492,fist
1780322498.669817,514,fist
1780322498.690400,475,fist
1780322498.710824,490,fist
1780322498.731405,512,fist
1780322498.751409,453,fist
1780322498.772378,556,fist
1780322498.792414,502,fist
1780322498.812837,480,fist
1780322498.829420,506,fist
1780322498.849843,485,fist
1780322498.870425,484,fist
1780322498.890848,462,fist
1780322498.911431,487,fist
1780322498.931934,560,fist
1780322498.952436,454,fist
1780322498.972401,503,fist
1780322498.993442,457,fist
1780322499.009865,554,fist
1780322499.030201,490,fist
1780322499.050450,489,fist
1780322499.071452,552,fist
1780322499.091455,463,fist
1780322499.111878,453,fist
1780322499.132185,428,fist
1780322499.152899,470,fist
1780322499.168954,492,fist
1780322499.189889,469,fist
1780322499.210472,544,fist
1780322499.230912,473,fist
1780322499.251477,513,fist
1780322499.271900,491,fist
1780322499.292255,478,fist
1780322499.312411,487,fist
1780322499.333488,529,fist
1780322499.349491,453,fist
1780322499.370494,519,fist
1780322499.390496,493,fist
1780322499.410919,504,fist
1780322499.431396,475,fist
1780322499.451926,509,fist
1780322499.472450,529,fist
1780322499.492931,493,fist
1780322499.513511,525,fist
1780322499.533935,482,fist
1780322499.554173,456,fist
1780322499.570939,487,fist
1780322499.591524,506,fist
1780322499.611948,491,fist
1780322499.632180,521,fist
1780322499.652953,509,fist
1780322499.673536,526,fist
1780322499.693537,457,fist
1780322499.714174,503,fist
1780322499.729932,513,fist
1780322499.750967,494,fist
1780322499.771549,473,fist
1780322499.791972,462,fist
1780322499.812555,483,fist
1780322499.832202,439,fist
1780322499.853171,494,fist
1780322499.873983,519,fist
1780322499.894566,518,fist
1780322499.910988,518,fist
1780322499.930931,435,fist
1780322499.951994,491,fist
1780322499.972469,468,fist
1780322499.992579,493,fist
1780322500.013171,501,fist
1780322500.033585,476,fist
1780322500.053172,514,fist
1780322500.070590,449,fist
1780322500.091013,490,fist
1780322500.111596,501,fist
1780322500.131735,441,fist
1780322500.152188,475,fist
1780322500.172488,513,fist
1780322500.193198,499,fist
1780322500.214030,511,fist
1780322500.234612,501,fist
1780322500.251035,482,fist
1780322500.271618,525,fist
1780322500.291620,462,fist
1780322500.312623,516,fist
1780322500.332232,524,fist
1780322500.352496,422,fist
1780322500.373632,496,fist
1780322500.394055,524,fist
1780322500.414224,458,fist
1780322500.435058,494,fist
1780322500.451643,474,fist
1780322500.472065,528,fist
1780322500.492212,558,fist
1780322500.513182,529,fist
1780322500.533654,457,fist
1780322500.553494,501,fist
1780322500.574660,516,fist
1780322500.595081,464,fist
1780322500.615664,503,fist
1780322500.631148,474,fist
1780322500.652090,477,fist
1780322500.672516,510,fist
1780322500.692192,496,fist
1780322500.713678,473,fist
1780322500.734102,470,fist
1780322500.754684,457,fist
1780322500.775107,482,fist
1780322500.791689,462,fist
1780322500.812256,494,fist
1780322500.832264,534,fist
1780322500.853151,509,fist
1780322500.873524,483,fist
1780322500.894124,472,fist
1780322500.914706,468,fist
1780322500.934709,485,fist
1780322500.954878,463,fist
1780322500.970931,564,fist
1780322500.992007,457,fist
1780322501.012609,498,fist
1780322501.033170,491,fist
1780322501.053171,499,fist
1780322501.074148,507,fist
1780322501.094731,500,fist
1780322501.115154,519,fist
1780322501.131736,442,fist
1780322501.152159,466,fist
1780322501.172075,507,fist
1780322501.193169,493,fist
1780322501.212932,521,fist
1780322501.233750,498,fist
1780322501.254477,499,fist
1780322501.274235,468,fist
1780322501.295240,475,fist
1780322501.315244,513,fist
1780322501.335724,507,fist
1780322501.352727,494,fist
1780322501.372732,534,fist
1780322501.393736,498,fist
1780322501.413741,476,fist
1780322501.434490,501,fist
1780322501.454490,520,fist
1780322501.475494,509,fist
1780322501.495498,543,fist
1780322501.516492,509,fist
1780322501.532839,547,fist
1780322501.553171,501,fist
1780322501.572936,538,fist
1780322501.594220,473,fist
1780322501.614803,513,fist
1780322501.635181,500,fist
1780322501.655808,550,fist
1780322501.676231,488,fist
1780322501.692813,532,fist
1780322501.712935,475,fist
1780322501.733170,491,fist
1780322501.754173,485,fist
1780322501.774824,508,fist
1780322501.795248,455,fist
1780322501.815830,505,fist
1780322501.836253,488,fist
1780322501.856172,489,fist
1780322501.872863,517,fist
1780322501.893261,503,fist
1780322501.913111,478,fist
1780322501.934267,507,fist
1780322501.954176,502,fist
1780322501.975273,505,fist
1780322501.995929,530,fist
1780322502.016144,507,fist
1780322502.032932,498,fist
1780322502.053171,493,fist
1780322502.073866,539,fist
1780322502.093931,486,fist
1780322502.114871,513,fist
1780322502.135295,491,fist
1780322502.155173,477,fist
1780322502.175880,475,fist
1780322502.196924,553,fist
1780322502.212888,507,fist
1780322502.236926,552,fist
1780322502.253171,450,fist
1780322502.274313,529,fist
1780322502.294896,480,fist
1780322502.315320,504,fist
1780322502.335902,485,fist
1780322502.356174,487,fist
1780322502.376318,497,fist
1780322502.397134,492,fist
1780322502.413913,472,fist
1780322502.433928,484,fist
1780322502.454172,512,fist
1780322502.474921,492,fist
1780322502.495924,489,fist
1780322502.515927,491,fist
1780322502.536350,537,fist
1780322502.556926,508,fist
1780322502.577326,516,fist
1780322502.593937,517,fist
1780322502.614360,496,fist
1780322502.634943,492,fist
1780322502.655366,523,fist
1780322502.675948,535,fist
1780322502.696372,507,fist
1780322502.716954,483,fist
1780322502.737378,507,fist
1780322502.757174,493,fist
1780322502.773962,522,fist
1780322502.794965,461,fist
1780322502.814171,524,fist
1780322502.835391,474,fist
1780322502.855974,455,fist
1780322502.876334,486,fist
1780322502.896925,520,fist
1780322502.917402,479,fist
1780322502.933985,508,fist
1780322502.954173,523,fist
1780322502.974990,476,fist
1780322502.995413,508,fist
1780322503.015996,493,fist
1780322503.036419,487,fist
1780322503.056926,482,fist
1780322503.077364,501,fist
1780322503.098007,471,fist
1780322503.114009,603,fist
1780322503.134432,461,fist
1780322503.154173,504,fist
1780322503.175438,535,fist
1780322503.196020,491,fist
1780322503.216133,517,fist
1780322503.237026,504,fist
1780322503.256925,496,fist
1780322503.277363,457,fist
1780322503.297929,502,fist
1780322503.315037,540,fist
1780322503.335460,534,fist
1780322503.355172,499,fist
1780322503.376375,541,fist
1780322503.397048,485,fist
1780322503.416933,497,fist
1780322503.438053,514,fist
1780322503.457927,493,fist
1780322503.478399,498,fist
1780322503.495061,501,fist
1780322503.515484,521,fist
1780322503.536067,507,fist
1780322503.556172,526,fist
1780322503.576401,486,fist
1780322503.596924,475,fist
1780322503.618202,512,fist
1780322503.638171,477,fist
1780322503.655149,449,fist
1780322503.675086,514,fist
1780322503.696172,469,fist
1780322503.716092,498,fist
1780322503.737095,521,fist
1780322503.756932,494,fist
1780322503.777407,470,fist
1780322503.797925,482,fist
1780322503.817924,531,fist
1780322503.835108,537,fist
1780322503.855178,542,fist
1780322503.876114,576,fist
1780322503.896537,463,fist
1780322503.916924,500,fist
1780322503.937543,513,fist
1780322503.957774,459,fist
1780322503.978442,487,fist
1780322503.995130,549,fist
1780322504.015133,493,fist
1780322504.035556,569,fist
1780322504.056139,475,fist
1780322504.076443,576,fist
1780322504.097144,472,fist
1780322504.117568,551,fist
1780322504.138009,535,fist
1780322504.158173,536,fist
1780322504.178467,502,fist
1780322504.198925,552,fist
1780322504.216174,499,fist
1780322504.236584,477,fist
1780322504.256923,569,fist
1780322504.277482,465,fist
1780322504.298182,471,fist
1780322504.318183,554,fist
1780322504.339172,510,fist
1780322504.359175,567,fist
1780322504.379475,517,fist
1780322504.396186,548,fist
1780322504.416122,482,fist
1780322504.437191,532,fist
1780322504.457178,561,fist
1780322504.477495,482,fist
1780322504.498181,518,fist
1780322504.519202,486,fist
1780322504.539193,515,fist
1780322504.556174,476,fist
1780322504.576502,513,fist
1780322504.597213,574,fist
1780322504.616935,534,fist
1780322504.638170,508,fist
1780322504.657931,568,fist
1780322504.678521,473,fist
1780322504.698924,544,fist
1780322504.719671,542,fist
1780322504.736232,497,fist
1780322504.756171,505,fist
1780322504.776517,505,fist
1780322504.797661,546,fist
1780322504.818180,536,fist
1780322504.837923,591,fist
1780322504.859249,534,fist
1780322504.879319,507,fist
1780322504.896255,485,fist
1780322504.916117,523,fist
1780322504.936933,497,fist
1780322504.957269,461,fist
1780322504.976807,523,fist
1780322504.998181,475,fist
1780322505.018174,523,fist
1780322505.039274,554,fist
1780322505.058925,521,fist
1780322505.080277,470,fist
1780322505.100701,526,fist
1780322505.117285,490,fist
1780322505.137203,558,fist
1780322505.157446,502,fist
1780322505.177843,530,fist
1780322505.199296,475,fist
1780322505.219719,556,fist
1780322505.240300,508,fist
1780322505.260724,536,fist
1780322505.276727,475,fist
1780322505.297084,546,fist
1780322505.317412,522,fist
1780322505.338180,533,fist
1780322505.357922,522,fist
1780322505.379321,543,fist
1780322505.399744,493,fist
1780322505.420326,555,fist
1780322505.440749,528,fist
1780322505.456922,538,fist
1780322505.476851,526,fist
1780322505.498182,585,fist
1780322505.518183,515,fist
1780322505.539343,546,fist
1780322505.558945,516,fist
1780322505.579961,579,fist
1780322505.600352,527,fist
1780322505.616111,552,fist
1780322505.637357,499,fist
1780322505.657626,475,fist
1780322505.677923,530,fist
1780322505.698183,480,fist
1780322505.719360,493,fist
1780322505.739791,535,fist
1780322505.760373,519,fist
1780322505.780202,556,fist
1780322505.796933,567,fist
1780322505.817802,512,fist
1780322505.838339,532,fist
1780322505.857923,525,fist
1780322505.879191,477,fist
1780322505.899392,536,fist
1780322505.920395,532,fist
1780322505.940398,534,fist
1780322505.960821,484,fist
1780322505.981401,520,fist
1780322506.001825,558,fist
1780322506.018171,587,fist
1780322506.038170,476,fist
1780322506.058529,514,fist
1780322506.079184,576,fist
1780322506.100420,509,fist
1780322506.120927,502,fist
1780322506.141445,515,fist
1780322506.161848,555,fist
1780322506.177922,470,fist
1780322506.198183,547,fist
1780322506.218181,524,fist
1780322506.239352,520,fist
1780322506.259638,569,fist
1780322506.279642,491,fist
1780322506.300439,512,fist
1780322506.321450,490,fist
1780322506.341873,501,fist
1780322506.357922,541,fist
1780322506.378180,497,fist
1780322506.399437,539,fist
1780322506.419884,511,fist
1780322506.440467,546,fist
1780322506.460890,496,fist
1780322506.481473,513,fist
1780322506.501896,509,fist
1780322506.517922,554,fist
1780322506.538184,497,fist
1780322506.558176,496,fist
1780322506.579201,529,fist
1780322506.599910,508,fist
1780322506.620277,563,fist
1780322506.640763,475,fist
1780322506.661498,522,fist
1780322506.681556,520,fist
1780322506.698171,534,fist
1780322506.718951,543,fist
1780322506.739508,505,fist
1780322506.759209,502,fist
1780322506.779923,595,fist
1780322506.800516,549,fist
1780322506.821519,500,fist
1780322506.841522,520,fist
1780322506.857710,467,fist
1780322506.882209,545,fist
1780322506.898183,500,fist
1780322506.919533,619,fist
1780322506.939956,494,fist
1780322506.960539,506,fist
1780322506.980924,531,fist
1780322507.001545,541,fist
1780322507.021968,494,fist
1780322507.042240,538,fist
1780322507.062971,547,fist
1780322507.079191,506,fist
1780322507.099431,483,fist
1780322507.120561,525,fist
1780322507.140563,549,fist
1780322507.160484,550,fist
1780322507.181569,510,fist
1780322507.201993,493,fist
1780322507.222575,532,fist
1780322507.242998,482,fist
1780322507.259580,564,fist
1780322507.279197,525,fist
1780322507.300585,521,fist
1780322507.321008,483,fist
1780322507.341591,506,fist
1780322507.362102,577,fist
1780322507.382596,492,fist
1780322507.403020,504,fist
1780322507.419602,507,fist
1780322507.438992,547,fist
1780322507.459173,509,fist
1780322507.480610,489,fist
1780322507.501034,548,fist
1780322507.521616,640,fist
1780322507.542039,521,fist
1780322507.562622,493,fist
1780322507.582439,551,fist
1780322507.599426,515,fist
1780322507.620090,545,fist
1780322507.640632,502,fist
1780322507.661055,524,fist
1780322507.681638,574,fist
1780322507.701970,479,fist
1780322507.722643,536,fist
1780322507.742656,510,fist
1780322507.758920,548,fist
1780322507.779207,558,fist
1780322507.800075,490,fist
1780322507.820657,525,fist
1780322507.841173,560,fist
1780322507.861662,560,fist
1780322507.882086,518,fist
1780322507.902668,543,fist
1780322507.923149,482,fist
1780322507.943672,517,fist
1780322507.964096,507,fist
1780322507.980679,533,fist
1780322508.001103,513,fist
1780322508.021685,567,fist
1780322508.041687,525,fist
1780322508.062691,513,fist
1780322508.082263,528,fist
1780322508.103267,507,fist
1780322508.123347,531,fist
1780322508.139934,522,fist
1780322508.159938,479,fist
1780322508.181127,528,fist
1780322508.201709,536,fist
1780322508.222197,470,fist
1780322508.242715,538,fist
1780322508.263170,507,fist
1780322508.282928,506,fist
1780322508.304144,571,fist
1780322508.320726,530,fist
1780322508.340729,546,fist
1780322508.361732,535,fist
1780322508.381734,486,fist
1780322508.402177,526,fist
1780322508.421928,505,fist
1780322508.443180,519,fist
1780322508.463745,523,fist
1780322508.480168,523,fist
1780322508.500751,568,fist
1780322508.521173,436,fist
1780322508.541756,560,fist
1780322508.562179,523,fist
1780322508.582206,530,fist
1780322508.603177,465,fist
1780322508.623768,499,fist
1780322508.644191,546,fist
1780322508.660773,493,fist
1780322508.680776,562,fist
1780322508.701199,500,fist
1780322508.721781,509,fist
1780322508.742204,508,fist
1780322508.762787,540,fist
1780322508.783210,495,fist
1780322508.803173,550,fist
1780322508.824214,553,fist
1780322508.844796,496,fist
1780322508.865219,593,fist
1780322508.881181,478,fist
1780322508.902227,474,fist
1780322508.922809,516,fist
1780322508.943177,494,fist
1780322508.963180,496,fist
1780322508.983817,526,fist
1780322509.004819,502,fist
1780322509.024822,517,fist
1780322509.041245,522,fist
1780322509.061828,568,fist
1780322509.081923,520,fist
1780322509.102834,539,fist
1780322509.123257,548,fist
1780322509.143840,490,fist
1780322509.164262,531,fist
1780322509.184845,494,fist
1780322509.204418,480,fist
1780322509.221850,540,fist
1780322509.242273,478,fist
1780322509.262856,528,fist
1780322509.282165,525,fist
1780322509.303861,504,fist
1780322509.323864,562,fist
1780322509.344287,481,fist
1780322509.364894,549,fist
1780322509.381292,562,fist
1780322509.401875,509,fist
1780322509.422298,560,fist
1780322509.442880,543,fist
1780322509.462508,487,fist
1780322509.483886,518,fist
1780322509.504309,550,fist
1780322509.524194,550,fist
1780322509.545332,538,fist
1780322509.561897,493,fist
1780322509.581899,529,fist
1780322509.602903,511,fist
1780322509.622822,540,fist
1780322509.643328,479,fist
1780322509.663911,491,fist
1780322509.684434,529,fist
1780322509.704917,566,fist
1780322509.725338,502,fist
1780322509.745920,528,fist
1780322509.762345,541,fist
1780322509.782673,554,fist
1780322509.803350,508,fist
1780322509.823933,546,fist
1780322509.844356,495,fist
1780322509.864739,505,fist
1780322509.885362,530,fist
1780322509.905905,552,fist
1780322509.925946,465,fist
1780322509.942369,504,fist
1780322509.962952,477,fist
1780322509.983375,534,fist
1780322510.003958,487,fist
1780322510.024381,532,fist
1780322510.044963,531,fist
1780322510.065387,584,fist
1780322510.085969,467,fist
1780322510.102392,524,fist
1780322510.122927,537,fist
1780322510.143397,483,fist
1780322510.163980,508,fist
1780322510.184403,566,fist
1780322510.204986,520,fist
1780322510.224988,551,fist
1780322510.245991,506,fist
1780322510.265994,513,fist
1780322510.282414,536,fist
1780322510.302999,528,fist
1780322510.323422,558,fist
1780322510.344004,500,fist
1780322510.364428,527,fist
1780322510.385010,507,fist
1780322510.405433,518,fist
1780322510.426016,490,fist
1780322510.446439,510,fist
1780322510.463021,508,fist
1780322510.483444,471,fist
1780322510.503171,512,fist
1780322510.524029,479,fist
1780322510.545032,550,fist
1780322510.565035,469,fist
1780322510.585458,531,fist
1780322510.606040,503,fist
1780322510.626195,546,fist
1780322510.647043,511,fist
1780322510.663469,520,fist
1780322510.683171,525,fist
1780322510.704366,531,fist
1780322510.725057,532,fist
1780322510.745480,505,fist
1780322510.766191,501,fist
1780322510.786485,490,fist
1780322510.806739,565,fist
1780322510.826918,463,fist
1780322510.844073,472,fist
1780322510.863684,489,fist
1780322510.884499,577,fist
1780322510.904925,445,fist
1780322510.925502,525,fist
1780322510.946087,482,fist
1780322510.966217,516,fist
1780322510.987093,511,fist
1780322511.003515,525,fist
1780322511.024098,505,fist
1780322511.044522,488,fist
1780322511.065104,489,fist
1780322511.085527,466,fist
1780322511.106110,511,fist
1780322511.126533,561,fist
1780322511.146933,477,fist
1780322511.167118,496,fist
1780322511.183541,527,fist
1780322511.204123,505,fist
1780322511.224237,503,fist
1780322511.245128,525,fist
1780322511.265552,508,fist
1780322511.286134,492,fist
1780322511.306557,465,fist
1780322511.327140,512,fist
1780322511.343563,490,fist
1780322511.364145,554,fist
1780322511.384568,515,fist
1780322511.405204,441,fist
1780322511.425574,473,fist
1780322511.446157,499,fist
1780322511.466058,500,fist
1780322511.487173,497,fist
1780322511.506721,483,fist
1780322511.526916,479,fist
1780322511.547958,554,fist
1780322511.564593,484,fist
1780322511.585176,490,fist
1780322511.605598,445,fist
1780322511.626181,546,fist
1780322511.646604,467,fist
1780322511.667186,476,fist
1780322511.687111,480,fist
1780322511.707938,509,fist
1780322511.728181,510,fist
1780322511.745197,474,fist
1780322511.765196,502,fist
1780322511.786063,484,fist
1780322511.805786,478,fist
1780322511.826629,504,fist
1780322511.847211,459,fist
1780322511.867635,484,fist
1780322511.888180,468,fist
1780322511.904640,488,fist
1780322511.925222,500,fist
1780322511.945645,468,fist
1780322511.966344,500,fist
1780322511.986651,493,fist
1780322512.007332,507,fist
1780322512.026916,473,fist
1780322512.048182,537,fist
1780322512.067922,466,fist
1780322512.085244,484,fist
1780322512.105173,460,fist
1780322512.125670,533,fist
1780322512.146055,452,fist
1780322512.166051,494,fist
1780322512.187259,455,fist
1780322512.206929,489,fist
1780322512.228309,538,fist
1780322512.244687,458,fist
1780322512.265270,511,fist
1780322512.285692,494,fist
1780322512.306275,493,fist
1780322512.326508,459,fist
1780322512.347281,479,fist
1780322512.367703,469,fist
1780322512.387933,451,fist
1780322512.407918,531,fist
1780322512.429120,489,fist
1780322512.449292,505,fist
1780322512.465717,463,fist
1780322512.486300,494,fist
1780322512.506387,531,fist
1780322512.526914,467,fist
1780322512.546913,504,fist
1780322512.568181,499,fist
1780322512.588171,478,fist
1780322512.609315,491,fist
1780322512.625739,454,fist
1780322512.646118,566,fist
1780322512.666047,461,fist
1780322512.686924,514,fist
1780322512.706534,562,fist
1780322512.728179,454,fist
1780322512.748231,456,fist
1780322512.768171,492,fist
1780322512.789341,497,fist
1780322512.805763,508,fist
1780322512.826346,471,fist
1780322512.846769,461,fist
1780322512.866920,453,fist
1780322512.887840,488,fist
1780322512.907941,485,fist
1780322512.928184,537,fist
1780322512.949363,496,fist
1780322512.965375,562,fist
1780322512.986368,537,fist
1780322513.006371,617,fist
1780322513.027374,481,fist
1780322513.046916,548,fist
1780322513.067800,541,fist
1780322513.088179,484,fist
1780322513.107917,496,fist
1780322513.129491,513,fist
1780322513.145818,574,fist
1780322513.166042,424,fist
1780322513.186816,576,fist
1780322513.206924,504,fist
1780322513.227822,512,fist
1780322513.248470,474,fist
1780322513.268171,519,fist
1780322513.289410,479,fist
1780322513.305412,615,fist
1780322513.325835,447,fist
1780322523.841282,515,fist
1780322523.856765,503,fist
1780322523.877868,496,fist
1780322523.898184,506,fist
1780322523.918229,487,fist
1780322523.939297,491,fist
1780322523.959879,515,fist
1780322523.980303,480,fist
1780322524.000885,497,fist
1780322524.021262,479,fist
1780322524.037890,511,fist
1780322524.057908,523,fist
1780322524.078184,496,fist
1780322524.099276,464,fist
1780322524.119262,498,fist
1780322524.140325,474,fist
1780322524.160907,492,fist
1780322524.180907,499,fist
1780322524.197220,475,fist
1780322524.217277,480,fist
1780322524.237933,473,fist
1780322524.258921,511,fist
1780322524.278905,477,fist
1780322524.299927,451,fist
1780322524.320349,465,fist
1780322524.340932,481,fist
1780322524.361355,461,fist
1780322524.381906,464,fist
1780322524.402361,506,fist
1780322524.418283,502,fist
1780322524.438184,506,fist
1780322524.459948,477,fist
1780322524.479201,494,fist
1780322524.500954,492,fist
1780322524.520957,514,fist
1780322524.541380,479,fist
1780322524.561963,469,fist
1780322524.582206,502,fist
1780322524.602965,461,fist
1780322524.623172,476,fist
1780322524.639973,477,fist
1780322524.660396,457,fist
1780322524.680979,498,fist
1780322524.701402,494,fist
1780322524.721984,485,fist
1780322524.742407,537,fist
1780322524.762988,464,fist
1780322524.783412,471,fist
1780322524.799995,453,fist
1780322524.819998,468,fist
1780322524.840421,493,fist
1780322524.861004,492,fist
1780322524.881426,474,fist
1780322524.902009,498,fist
1780322524.922432,503,fist
1780322524.943015,501,fist
1780322524.962930,480,fist
1780322524.979195,508,fist
1780322525.000443,507,fist
1780322525.021025,480,fist
1780322525.041449,443,fist
1780322525.062031,459,fist
1780322525.082454,460,fist
1780322525.103037,470,fist
1780322525.123039,469,fist
1780322525.139462,424,fist
1780322525.160045,469,fist
1780322525.180468,473,fist
1780322525.201051,497,fist
1780322525.221473,496,fist
1780322525.242056,530,fist
1780322525.262568,502,fist
1780322525.282389,493,fist
1780322525.303485,489,fist
1780322525.319193,481,fist
1780322525.340196,455,fist
1780322525.360201,463,fist
1780322525.380927,463,fist
1780322525.402078,477,fist
1780322525.422081,491,fist
1780322525.443084,514,fist
1780322525.463086,495,fist
1780322525.483507,501,fist
1780322525.504110,526,fist
1780322525.520515,519,fist
1780322525.541097,466,fist
1780322525.561520,518,fist
1780322525.582213,487,fist
1780322525.602526,451,fist
1780322525.622253,457,fist
1780322525.643532,460,fist
1780322525.664113,447,fist
1780322525.684233,494,fist
1780322525.700262,476,fist
1780322525.721122,546,fist
1780322525.741545,493,fist
1780322525.762128,503,fist
1780322525.782551,511,fist
1780322525.803171,518,fist
1780322525.823186,523,fist
1780322525.844167,467,fist
1780322525.860562,473,fist
1780322525.881144,469,fist
1780322525.901567,457,fist
1780322525.922150,479,fist
1780322525.942573,454,fist
1780322525.962943,494,fist
1780322525.983578,496,fist
1780322526.004161,499,fist
1780322526.024584,523,fist
1780322526.040586,501,fist
1780322526.061169,503,fist
1780322526.081592,520,fist
1780322526.102175,490,fist
1780322526.122597,472,fist
1780322526.143185,448,fist
1780322526.163603,438,fist
1780322526.184186,453,fist
1780322526.200608,487,fist
1780322526.221207,501,fist
1780322526.241614,493,fist
1780322526.262197,477,fist
1780322526.281936,544,fist
1780322526.303202,520,fist
1780322526.323625,502,fist
1780322526.344208,447,fist
1780322526.364210,465,fist
1780322526.380193,442,fist
1780322526.405199,486,fist
1780322526.421213,479,fist
1780322526.442221,492,fist
1780322526.462645,503,fist
1780322526.483229,480,fist
1780322526.503650,502,fist
1780322526.524232,462,fist
1780322526.544656,481,fist
1780322526.565237,511,fist
1780322526.585660,528,fist
1780322526.602243,484,fist
1780322526.622247,490,fist
1780322526.643249,478,fist
1780322526.663252,489,fist
1780322526.684255,499,fist
1780322526.703905,456,fist
1780322526.724680,507,fist
1780322526.744366,598,fist
1780322526.761685,546,fist
1780322526.782205,541,fist
1780322526.802691,483,fist
1780322526.823273,524,fist
1780322526.843697,485,fist
1780322526.864279,469,fist
1780322526.884703,498,fist
1780322526.905223,496,fist
1780322526.925708,475,fist
1780322526.941547,460,fist
1780322526.962292,515,fist
1780322526.982202,506,fist
1780322527.003170,512,fist
1780322527.023721,531,fist
1780322527.044304,532,fist
1780322527.064727,510,fist
1780322527.085310,504,fist
1780322527.101732,474,fist
1780322527.122315,499,fist
1780322527.142271,458,fist
1780322527.163320,494,fist
1780322527.183743,505,fist
1780322527.204173,505,fist
1780322527.224749,493,fist
1780322527.245332,485,fist
1780322527.265755,514,fist
1780322527.281237,508,fist
1780322527.302340,494,fist
1780322527.322763,515,fist
1780322527.342789,521,fist
1780322527.363768,465,fist
1780322527.384351,498,fist
1780322527.404171,495,fist
1780322527.425357,512,fist
1780322527.445778,511,fist
1780322527.465912,506,fist
1780322527.482194,512,fist
1780322527.503186,530,fist
1780322527.523790,503,fist
1780322527.544373,475,fist
1780322527.564385,552,fist
1780322527.585379,498,fist
1780322527.605411,521,fist
1780322527.626384,483,fist
1780322527.646387,493,fist
1780322527.662810,485,fist
1780322527.683392,508,fist
1780322527.703815,543,fist
1780322527.724398,473,fist
1780322527.744821,490,fist
1780322527.765404,492,fist
1780322527.785826,495,fist
1780322527.806409,469,fist
1780322527.826908,483,fist
1780322527.843414,496,fist
1780322527.863417,532,fist
1780322527.884420,511,fist
1780322527.904422,499,fist
1780322527.924845,502,fist
1780322527.945428,490,fist
1780322527.965851,533,fist
1780322527.986434,552,fist
1780322528.002244,529,fist
1780322528.023249,517,fist
1780322528.043254,489,fist
1780322528.064445,500,fist
1780322528.084867,492,fist
1780322528.105450,494,fist
1780322528.125873,465,fist
1780322528.146194,510,fist
1780322528.166907,548,fist
1780322528.183461,493,fist
1780322528.203463,502,fist
1780322528.223887,526,fist
1780322528.244469,509,fist
1780322528.264892,517,fist
1780322528.285475,500,fist
1780322528.305898,519,fist
1780322528.326481,498,fist
1780322528.346911,499,fist
1780322528.366897,491,fist
1780322528.383909,507,fist
1780322528.404171,490,fist
1780322528.424914,469,fist
1780322528.445497,515,fist
1780322528.466193,542,fist
1780322528.486495,520,fist
1780322528.506515,514,fist
1780322528.527325,493,fist
1780322528.547510,524,fist
1780322528.563934,516,fist
1780322528.584516,521,fist
1780322528.604358,484,fist
1780322528.625522,495,fist
1780322528.645945,514,fist
1780322528.665901,530,fist
1780322528.686950,524,fist
1780322528.706899,526,fist
1780322528.723172,524,fist
1780322528.744538,484,fist
1780322528.764961,506,fist
1780322528.785543,496,fist
1780322528.805547,513,fist
1780322528.826549,512,fist
1780322528.846337,540,fist
1780322528.867555,509,fist
1780322528.887558,510,fist
1780322528.903980,525,fist
1780322528.924563,505,fist
1780322528.944986,484,fist
1780322528.965569,525,fist
1780322528.985992,499,fist
1780322529.006574,544,fist
1780322529.026997,527,fist
1780322529.047210,541,fist
1780322529.064003,500,fist
1780322529.084585,496,fist
1780322529.104588,547,fist
1780322529.125626,514,fist
1780322529.145335,500,fist
1780322529.165896,526,fist
1780322529.186599,503,fist
1780322529.206690,510,fist
1780322529.227174,507,fist
1780322529.247217,505,fist
1780322529.268181,488,fist
1780322529.285033,509,fist
1780322529.305539,493,fist
1780322529.326175,494,fist
1780322529.346621,508,fist
1780322529.366896,484,fist
1780322529.387627,479,fist
1780322529.408101,543,fist
1780322529.428183,498,fist
1780322529.448181,503,fist
1780322529.465058,564,fist
1780322529.485605,493,fist
1780322529.505515,496,fist
1780322529.526353,538,fist
1780322529.547113,508,fist
1780322529.566894,487,fist
1780322529.588407,532,fist
1780322529.607814,531,fist
1780322529.625080,552,fist
1780322529.645662,553,fist
1780322529.665891,511,fist
1780322529.686668,534,fist
1780322529.706661,528,fist
1780322529.727361,505,fist
1780322529.746908,544,fist
1780322529.767892,488,fist
1780322529.788574,548,fist
1780322529.805104,509,fist
1780322529.825687,510,fist
1780322529.846110,528,fist
1780322529.865890,535,fist
1780322529.886897,511,fist
1780322529.907063,501,fist
1780322529.928176,530,fist
1780322529.948182,544,fist
1780322529.965127,529,fist
1780322529.985709,520,fist
1780322530.006132,490,fist
1780322530.026715,544,fist
1780322530.046718,523,fist
1780322530.066890,532,fist
1780322530.086899,504,fist
1780322530.108184,560,fist
1780322530.128490,516,fist
1780322530.148486,551,fist
1780322530.169732,505,fist
1780322530.186157,551,fist
1780322530.206677,546,fist
1780322530.227163,507,fist
1780322530.247092,534,fist
1780322530.267888,526,fist
1780322530.287899,521,fist
1780322530.309083,534,fist
1780322530.329374,509,fist
1780322530.345759,532,fist
1780322530.366888,566,fist
1780322530.386764,537,fist
1780322530.406899,509,fist
1780322530.427770,557,fist
1780322530.448083,521,fist
1780322530.467885,547,fist
1780322530.488805,505,fist
1780322530.508898,512,fist
1780322530.526204,522,fist
1780322530.546786,532,fist
1780322530.566885,519,fist
1780322530.587368,524,fist
1780322530.607897,528,fist
1780322530.628178,529,fist
1780322530.649089,514,fist
1780322530.669804,538,fist
1780322530.685806,510,fist
1780322530.705754,528,fist
1780322530.726909,533,fist
1780322530.747234,502,fist
1780322530.767883,518,fist
1780322530.787669,491,fist
1780322530.808699,504,fist
1780322530.829245,587,fist
1780322530.849214,509,fist
1780322530.865880,553,fist
1780322530.886894,498,fist
1780322530.907067,521,fist
1780322530.927896,531,fist
1780322530.948182,510,fist
1780322530.968882,536,fist
1780322530.988181,530,fist
1780322531.009850,473,fist
1780322531.029853,509,fist
1780322531.050273,552,fist
1780322531.070856,552,fist
1780322531.086894,523,fist
1780322531.107372,554,fist
1780322531.127895,524,fist
1780322531.148895,550,fist
1780322531.169229,496,fist
1780322531.189875,498,fist
1780322531.210296,506,fist
1780322531.230879,487,fist
1780322531.246893,482,fist
1780322531.267878,500,fist
1780322531.287888,535,fist
1780322531.308915,508,fist
1780322531.328897,522,fist
1780322531.349221,528,fist
1780322531.369900,528,fist
1780322531.390323,557,fist
1780322531.410905,511,fist
1780322531.427328,517,fist
1780322531.447910,454,fist
1780322531.467877,489,fist
1780322531.488073,548,fist
1780322531.509339,530,fist
1780322531.529088,509,fist
1780322531.550171,480,fist
1780322531.570928,504,fist
1780322531.586929,553,fist
1780322531.607224,491,fist
1780322531.627896,558,fist
1780322531.647894,543,fist
1780322531.668941,559,fist
1780322531.689364,542,fist
1780322531.709816,534,fist
1780322531.730471,545,fist
1780322531.750952,481,fist
1780322531.767174,488,fist
1780322531.787957,482,fist
1780322531.807916,500,fist
1780322531.828181,516,fist
1780322531.849205,557,fist
1780322531.869968,555,fist
1780322531.890273,503,fist
1780322531.910974,566,fist
1780322531.927058,535,fist
1780322531.947400,529,fist
1780322531.967872,549,fist
1780322531.987902,521,fist
1780322532.008987,482,fist
1780322532.029015,477,fist
1780322532.049659,495,fist
1780322532.070416,551,fist
1780322532.090786,536,fist
1780322532.111420,520,fist
1780322532.132003,546,fist
1780322532.148180,552,fist
1780322532.168524,536,fist
1780322532.189171,504,fist
1780322532.210027,540,fist
1780322532.229353,489,fist
1780322532.251021,536,fist
1780322532.271024,546,fist
1780322532.291447,549,fist
1780322532.312029,492,fist
1780322532.328170,524,fist
1780322532.348422,528,fist
1780322532.369457,475,fist
1780322532.390040,515,fist
1780322532.410463,505,fist
1780322532.431020,559,fist
1780322532.451415,545,fist
1780322532.472051,550,fist
1780322532.488050,563,fist
1780322532.509057,521,fist
1780322532.528898,513,fist
1780322532.550062,548,fist
1780322532.570065,481,fist
1780322532.589941,521,fist
1780322532.611071,487,fist
1780322532.631558,512,fist
1780322532.652076,571,fist
1780322532.667866,545,fist
1780322532.689103,519,fist
1780322532.709504,566,fist
1780322532.729191,481,fist
1780322532.750387,538,fist
1780322532.771092,500,fist
1780322532.791515,500,fist
1780322532.812098,511,fist
1780322532.827898,525,fist
1780322532.849103,506,fist
1780322532.869106,544,fist
1780322532.888896,531,fist
1780322532.910025,571,fist
1780322532.930535,549,fist
1780322532.951174,511,fist
1780322532.971541,541,fist
1780322532.992123,516,fist
1780322533.012266,520,fist
1780322533.032187,521,fist
1780322533.049552,489,fist
1780322533.070369,551,fist
1780322533.090691,519,fist
1780322533.111140,499,fist
1780322533.131562,528,fist
1780322533.152145,546,fist
1780322533.172148,536,fist
1780322533.193170,543,fist
1780322533.208898,534,fist
1780322533.229576,575,fist
1780322533.250159,538,fist
1780322533.270582,493,fist
1780322533.290307,530,fist
1780322533.311587,502,fist
1780322533.332108,489,fist
1780322533.352593,515,fist
1780322533.373171,525,fist
1780322533.389598,529,fist
1780322533.410181,528,fist
1780322533.430604,546,fist
1780322533.451186,546,fist
1780322533.471189,533,fist
1780322533.492192,517,fist
1780322533.512195,492,fist
1780322533.532200,509,fist
1780322533.549195,534,fist
1780322533.569623,497,fist
1780322533.590260,520,fist
1780322533.610629,494,fist
1780322533.631211,502,fist
1780322533.651634,532,fist
1780322533.672217,531,fist
1780322533.692640,528,fist
1780322533.713222,540,fist
1780322533.729220,549,fist
1780322533.750228,525,fist
1780322533.770230,504,fist
1780322533.791233,499,fist
1780322533.811236,497,fist
1780322533.831624,484,fist
1780322533.852242,515,fist
1780322533.872665,510,fist
1780322533.893245,509,fist
1780322533.913668,521,fist
1780322533.934187,540,fist
1780322533.950675,535,fist
1780322533.970873,558,fist
1780322533.991681,501,fist
1780322534.012264,499,fist
1780322534.032214,510,fist
1780322534.053185,488,fist
1780322534.073460,523,fist
1780322534.094274,511,fist
1780322534.110277,549,fist
1780322534.130700,475,fist
1780322534.151283,585,fist
1780322534.171705,518,fist
1780322534.192288,529,fist
1780322534.212712,532,fist
1780322534.232406,496,fist
1780322534.253172,506,fist
1780322534.274300,480,fist
1780322534.290727,524,fist
1780322534.311304,525,fist
1780322534.331728,533,fist
1780322534.352310,499,fist
1780322534.372734,502,fist
1780322534.393171,516,fist
1780322534.413319,536,fist
1780322534.434321,519,fist
1780322534.450324,519,fist
1780322534.470852,514,fist
1780322534.491329,547,fist
1780322534.511752,486,fist
1780322534.532248,500,fist
1780322534.552758,516,fist
1780322534.573209,478,fist
1780322534.593764,485,fist
1780322534.614347,496,fist
1780322534.630769,495,fist
1780322534.651352,492,fist
1780322534.670852,516,fist
1780322534.692357,498,fist
1780322534.712360,496,fist
1780322534.733179,515,fist
1780322534.753171,558,fist
1780322534.773788,495,fist
1780322534.794369,493,fist
1780322534.813893,503,fist
1780322534.831007,484,fist
1780322534.851799,505,fist
1780322534.871850,515,fist
1780322534.892805,491,fist
1780322534.913388,518,fist
1780322534.933584,505,fist
1780322534.954393,527,fist
1780322534.974862,522,fist
1780322534.995397,531,fist
1780322535.011401,522,fist
1780322535.032250,468,fist
1780322535.052407,506,fist
1780322535.072830,495,fist
1780322535.093412,473,fist
1780322535.113836,476,fist
1780322535.134221,505,fist
1780322535.154611,542,fist
1780322535.171423,495,fist
1780322535.191846,540,fist
1780322535.212429,511,fist
1780322535.232702,506,fist
1780322535.253294,501,fist
1780322535.273858,496,fist
1780322535.294440,514,fist
1780322535.314863,520,fist
1780322535.335445,535,fist
1780322535.351448,514,fist
1780322535.371871,526,fist
1780322535.392453,518,fist
1780322535.412877,517,fist
1780322535.433459,539,fist
1780322535.453185,512,fist
1780322535.474465,538,fist
1780322535.494888,516,fist
1780322535.515471,490,fist
1780322535.531895,521,fist
1780322535.552076,513,fist
1780322535.572424,515,fist
1780322535.593171,503,fist
1780322535.613904,534,fist
1780322535.634486,539,fist
1780322535.654193,527,fist
1780322535.675492,508,fist
1780322535.695492,549,fist
1780322535.715836,538,fist
1780322535.732176,529,fist
1780322535.752923,504,fist
1780322535.773506,502,fist
1780322535.793181,526,fist
1780322535.814274,495,fist
1780322535.834934,508,fist
1780322535.855233,520,fist
1780322535.875939,491,fist
1780322535.896522,521,fist
1780322535.912534,520,fist
1780322535.933528,501,fist
1780322535.953181,513,fist
1780322535.974275,550,fist
1780322535.994536,542,fist
1780322536.014960,485,fist
1780322536.035542,512,fist
1780322536.055965,539,fist
1780322536.072389,529,fist
1780322536.092970,473,fist
1780322536.113552,498,fist
1780322536.133978,560,fist
1780322536.154173,490,fist
1780322536.174981,518,fist
1780322536.195564,517,fist
1780322536.215832,527,fist
1780322536.236569,533,fist
1780322536.252572,518,fist
1780322536.272995,558,fist
1780322536.293268,520,fist
1780322536.314001,520,fist
1780322536.334583,557,fist
1780322536.355006,524,fist
1780322536.375589,530,fist
1780322536.396012,533,fist
1780322536.412594,539,fist
1780322536.432178,537,fist
1780322536.452864,539,fist
1780322536.474023,535,fist
1780322536.494605,520,fist
1780322536.515028,516,fist
1780322536.535611,524,fist
1780322536.556034,538,fist
1780322536.576181,502,fist
1780322536.596437,491,fist
1780322536.616830,512,fist
1780322536.633625,503,fist
1780322536.653172,519,fist
1780322536.674630,528,fist
1780322536.694887,537,fist
1780322536.715636,522,fist
1780322536.736058,503,fist
1780322536.756640,525,fist
1780322536.776889,527,fist
1780322536.797645,529,fist
1780322536.814069,518,fist
1780322536.834652,534,fist
1780322536.855075,573,fist
1780322536.875658,515,fist
1780322536.895660,531,fist
1780322536.916173,531,fist
1780322536.936666,576,fist
1780322536.956196,554,fist
1780322536.973671,529,fist
1780322536.994094,591,fist
1780322537.013948,548,fist
1780322537.035100,551,fist
1780322537.055682,523,fist
1780322537.076105,540,fist
1780322537.096688,561,fist
1780322537.116825,550,fist
1780322537.137694,560,fist
1780322537.153341,615,fist
1780322537.174156,557,fist
1780322537.194701,549,fist
1780322537.215124,556,fist
1780322537.235522,571,fist
1780322537.256130,542,fist
1780322537.276713,563,fist
1780322537.296904,542,fist
1780322537.312895,557,fist
1780322537.334162,586,fist
1780322537.354171,580,fist
1780322537.375172,583,fist
1780322537.395729,602,fist
1780322537.415821,568,fist
1780322537.436225,580,fist
1780322537.456897,582,fist
1780322537.477740,560,fist
1780322537.493743,591,fist
1780322537.517788,565,fist
1780322537.534748,555,fist
1780322537.555196,619,fist
1780322537.575754,574,fist
1780322537.596177,594,fist
1780322537.616822,582,fist
1780322537.637183,592,fist
1780322537.657202,598,fist
1780322537.677893,564,fist
1780322537.694111,585,fist
1780322537.714275,526,fist
1780322537.735776,568,fist
1780322537.756199,548,fist
1780322537.776782,506,fist
1780322537.797205,550,fist
1780322537.817819,530,fist
1780322537.837307,553,fist
1780322537.858813,537,fist
1780322537.874795,518,fist
1780322537.895218,520,fist
1780322537.915801,539,fist
1780322537.936224,516,fist
1780322537.956898,527,fist
1780322537.977203,538,fist
1780322537.997812,526,fist
1780322538.017817,476,fist
1780322538.034817,507,fist
1780322538.055240,463,fist
1780322538.075823,422,fist
1780322538.095825,467,fist
1780322538.116817,446,fist
1780322538.136187,416,fist
1780322538.157919,443,fist
1780322538.177837,447,fist
1780322538.198185,465,fist
1780322538.214842,412,fist
1780322538.235344,437,fist
1780322538.255848,473,fist
1780322538.276271,410,fist
1780322538.296175,479,fist
1780322538.316815,394,fist
1780322538.337240,457,fist
1780322538.358175,464,fist
1780322538.374864,418,fist
1780322538.394867,458,fist
1780322538.415812,446,fist
1780322538.435873,451,fist
1780322538.456296,407,fist
1780322538.476887,437,fist
1780322538.497301,457,fist
1780322538.517814,432,fist
1780322538.537889,498,fist
1780322538.558192,442,fist
1780322538.579311,443,fist
1780322538.595895,424,fist
1780322538.615810,456,fist
1780322538.636902,482,fist
1780322538.656902,452,fist
1780322538.677894,418,fist
1780322538.697891,440,fist
1780322538.718912,429,fist
1780322538.738891,450,fist
1780322538.759917,439,fist
1780322538.775919,431,fist
1780322538.796342,433,fist
1780322538.816202,425,fist
1780322538.837348,417,fist
1780322538.857343,424,fist
1780322538.877913,435,fist
1780322538.898180,422,fist
1780322538.919359,435,fist
1780322538.935941,404,fist
1780322538.956364,424,fist
1780322538.976947,396,fist
1780322538.997370,441,fist
1780322539.017808,378,fist
1780322539.037965,450,fist
1780322539.058958,404,fist
1780322539.078430,400,fist
1780322539.099964,396,fist
1780322539.115805,384,fist
1780322539.136389,372,fist
1780322539.156145,382,fist
1780322539.176887,360,fist
1780322539.197977,349,fist
1780322539.218219,320,fist
1780322539.238983,368,fist
1780322539.259406,324,fist
1780322539.275988,331,fist
1780322539.296411,331,fist
1780322539.316806,322,fist
1780322539.336888,308,fist
1780322539.357173,321,fist
1780322539.378002,319,fist
1780322539.398185,330,fist
1780322539.418220,260,fist
1780322539.439431,281,fist
1780322539.460012,267,fist
1780322539.479889,254,fist
1780322539.497019,314,fist
1780322539.516804,288,fist
1780322539.537889,263,fist
1780322539.557918,259,fist
1780322539.578185,288,fist
1780322539.598925,240,fist
1780322539.620035,232,fist
1780322539.640458,289,fist
1780322539.656203,205,fist
1780322539.676888,189,fist
1780322539.697467,172,fist
1780322539.717802,209,fist
1780322539.737890,138,fist
1780322539.759054,98,fist
1780322539.779477,97,fist
1780322539.799426,116,fist
1780322539.820484,200,fist
1780322539.836918,199,fist
1780322539.856898,234,fist
1780322539.877861,241,fist
1780322539.897910,241,fist
1780322539.919077,204,fist
1780322539.939500,221,fist
1780322539.960082,220,fist
1780322539.980174,197,fist
1780322540.001186,191,fist
1780322540.016799,171,fist
1780322540.037513,172,fist
1780322540.057908,163,fist
1780322540.077935,154,fist
1780322540.099196,161,fist
1780322540.119525,159,fist
1780322540.140107,193,fist
1780322540.160530,204,fist
1780322540.177113,198,fist
1780322540.196908,223,fist
1780322540.217797,211,fist
1780322540.238171,246,fist
1780322540.259124,229,fist
1780322540.279171,256,fist
1780322540.300129,273,fist
1780322540.320132,307,fist
1780322540.341148,300,fist
1780322540.361135,307,fist
1780322540.381558,320,fist
1780322540.397891,295,fist
1780322540.417796,358,fist
1780322540.439187,330,fist
1780322540.459572,345,fist
1780322540.479919,333,fist
1780322540.500577,322,fist
1780322540.521159,311,fist
1780322540.541583,330,fist
1780322540.558174,324,fist
1780322540.578185,317,fist
1780322540.599201,333,fist
1780322540.619173,343,fist
1780322540.639596,333,fist
1780322540.660179,332,fist
1780322540.680602,344,fist
1780322540.701185,353,fist
1780322540.721608,359,fist
1780322540.737916,351,fist
1780322540.758204,329,fist
1780322540.779195,349,fist
1780322540.799124,374,fist
1780322540.820201,368,fist
1780322540.839886,299,fist
1780322540.860935,332,fist
1780322540.881630,341,fist
1780322540.898174,348,fist
1780322540.917790,370,fist
1780322540.938180,321,fist
1780322540.959220,354,fist
1780322540.979172,376,fist
1780322541.000226,385,fist
1780322541.020649,370,fist
1780322541.041231,419,fist
1780322541.061655,347,fist
1780322541.078178,360,fist
1780322541.098170,351,fist
1780322541.119242,367,fist
1780322541.139665,380,fist
1780322541.160248,376,fist
1780322541.180671,387,fist
1780322541.201254,423,fist
1780322541.221256,398,fist
1780322541.242256,378,fist
1780322541.262259,386,fist
1780322541.282182,393,fist
1780322541.299388,375,fist
1780322541.319690,417,fist
1780322541.340273,392,fist
1780322541.360695,395,fist
1780322541.381278,381,fist
1780322541.401702,417,fist
1780322541.422282,380,fist
1780322541.442705,381,fist
1780322541.458914,382,fist
1780322541.479200,368,fist
1780322541.500295,376,fist
1780322541.520298,415,fist
1780322541.541300,411,fist
1780322541.561303,413,fist
1780322541.581726,364,fist
1780322541.602309,410,fist
1780322541.622731,431,fist
1780322541.639314,397,fist
1780322541.659737,448,fist
1780322541.680319,485,fist
1780322541.700742,456,fist
1780322541.721325,368,fist
1780322541.741748,400,fist
1780322541.762330,378,fist
1780322541.782179,379,fist
1780322541.799336,409,fist
1780322541.819338,369,fist
1780322541.840341,388,fist
1780322541.860344,432,fist
1780322541.880767,424,fist
1780322541.901350,406,fist
1780322541.921788,414,fist
1780322541.942355,401,fist
1780322541.962778,389,fist
1780322541.979189,390,fist
1780322541.999784,433,fist
1780322542.020366,386,fist
1780322542.040789,407,fist
1780322542.060890,413,fist
1780322542.081488,404,fist
1780322542.102377,425,fist
1780322542.122800,417,fist
1780322542.139382,391,fist
1780322542.163383,449,fist
1780322542.179808,398,fist
1780322542.200391,380,fist
1780322542.220814,390,fist
1780322542.241396,397,fist
1780322542.261820,411,fist
1780322542.282402,361,fist
1780322542.302825,360,fist
1780322542.323407,380,fist
1780322542.343565,338,fist
1780322542.360413,369,fist
1780322542.380836,423,fist
1780322542.401418,409,fist
1780322542.421842,444,fist
1780322542.442424,344,fist
1780322542.462427,409,fist
1780322542.483430,387,fist
1780322542.503206,384,fist
1780322542.519855,410,fist
1780322542.540437,399,fist
1780322542.560861,389,fist
1780322542.581456,394,fist
1780322542.601866,419,fist
1780322542.622449,406,fist
1780322542.642851,408,fist
1780322542.663455,392,fist
1780322542.683878,398,fist
1780322542.700459,419,fist
1780322542.720778,372,fist
1780322542.741322,401,fist
1780322542.761468,362,fist
1780322542.782205,386,fist
1780322542.802474,421,fist
1780322542.822897,383,fist
1780322542.843001,423,fist
1780322542.859902,422,fist
1780322542.880485,423,fist
1780322661.626748,505,fist
1780322661.642837,499,fist
1780322661.663340,539,fist
1780322661.683843,500,fist
1780322661.704266,545,fist
1780322661.724848,518,fist
1780322661.745271,475,fist
1780322661.765854,491,fist
1780322661.786277,473,fist
1780322661.806714,484,fist
1780322661.827283,531,fist
1780322661.847865,493,fist
1780322661.867724,492,fist
1780322661.888869,486,fist
1780322661.904172,505,fist
1780322661.925296,494,fist
1780322661.945879,463,fist
1780322661.965687,523,fist
1780322661.986748,489,fist
1780322662.006748,507,fist
1780322662.027809,482,fist
1780322662.048182,519,fist
1780322662.067989,482,fist
1780322662.089318,527,fist
1780322662.109378,486,fist
1780322662.126324,519,fist
1780322662.146843,561,fist
1780322662.167160,469,fist
1780322662.187912,507,fist
1780322662.207768,498,fist
1780322662.228300,463,fist
1780322662.248921,476,fist
1780322662.269923,521,fist
1780322662.285925,503,fist
1780322662.306349,464,fist
1780322662.326921,456,fist
1780322662.347354,540,fist
1780322662.367686,475,fist
1780322662.388085,506,fist
1780322662.408955,494,fist
1780322662.428929,492,fist
1780322662.449948,475,fist
1780322662.466371,459,fist
1780322662.486953,506,fist
1780322662.506559,456,fist
1780322662.527927,484,fist
1780322662.548100,511,fist
1780322662.568938,485,fist
1780322662.588180,495,fist
1780322662.609390,484,fist
1780322662.625973,478,fist
1780322662.646395,477,fist
1780322662.666978,457,fist
1780322662.686947,469,fist
1780322662.707543,490,fist
1780322662.727749,478,fist
1780322662.748170,522,fist
1780322662.769359,473,fist
1780322662.789995,490,fist
1780322662.810416,491,fist
1780322662.830998,506,fist
1780322662.847003,457,fist
1780322662.867426,478,fist
1780322662.887396,499,fist
1780322662.907769,470,fist
1780322662.928169,512,fist
1780322662.949437,496,fist
1780322662.970019,495,fist
1780322662.990442,508,fist
1780322663.006357,503,fist
1780322663.027020,511,fist
1780322663.047928,488,fist
1780322663.067748,465,fist
1780322663.088180,497,fist
1780322663.108748,460,fist
1780322663.129519,463,fist
1780322663.150465,509,fist
1780322663.171048,495,fist
1780322663.186924,505,fist
1780322663.207543,497,fist
1780322663.227926,477,fist
1780322663.248181,520,fist
1780322663.268169,472,fist
1780322663.289484,493,fist
1780322663.310067,496,fist
1780322663.330490,513,fist
1780322663.347148,479,fist
1780322663.367495,493,fist
1780322663.387926,481,fist
1780322663.407774,507,fist
1780322663.429200,520,fist
1780322663.448180,467,fist
1780322663.469677,508,fist
1780322663.490045,460,fist
1780322663.511094,493,fist
1780322663.526748,484,fist
1780322663.546747,503,fist
1780322663.568181,511,fist
1780322663.587927,491,fist
1780322663.609108,537,fist
1780322663.629192,499,fist
1780322663.650113,476,fist
1780322663.670537,497,fist
1780322663.691119,453,fist
1780322663.711540,491,fist
1780322663.731335,496,fist
1780322663.748180,479,fist
1780322663.768346,493,fist
1780322663.788345,487,fist
1780322663.810207,502,fist
1780322663.830138,480,fist
1780322663.850561,521,fist
1780322663.871143,472,fist
1780322663.891566,503,fist
1780322663.907886,462,fist
1780322663.928507,480,fist
1780322663.948549,499,fist
1780322663.969578,478,fist
1780322663.990160,505,fist
1780322664.009773,499,fist
1780322664.031166,485,fist
1780322664.051589,488,fist
1780322664.072171,506,fist
1780322664.087767,454,fist
1780322664.107928,462,fist
1780322664.129194,451,fist
1780322664.149171,481,fist
1780322664.170185,481,fist
1780322664.190608,470,fist
1780322664.210667,509,fist
1780322664.231112,484,fist
1780322664.247941,496,fist
1780322664.268169,478,fist
1780322664.288341,497,fist
1780322664.309527,502,fist
1780322664.330207,490,fist
1780322664.350335,507,fist
1780322664.371213,509,fist
1780322664.391636,462,fist
1780322664.412218,464,fist
1780322664.427984,481,fist
1780322664.448471,489,fist
1780322664.468877,512,fist
1780322664.489171,488,fist
1780322664.510233,473,fist
1780322664.530655,505,fist
1780322664.551237,484,fist
1780322664.571310,459,fist
1780322664.592240,479,fist
1780322664.612664,531,fist
1780322664.629191,469,fist
1780322664.649679,526,fist
1780322664.670254,533,fist
1780322664.690257,468,fist
1780322664.711260,516,fist
1780322664.730526,505,fist
1780322664.752265,508,fist
1780322664.772266,471,fist
1780322664.792690,485,fist
1780322664.808542,475,fist
1780322664.829194,518,fist
1780322664.850279,586,fist
1780322664.870702,474,fist
1780322664.891284,481,fist
1780322664.911707,513,fist
1780322664.932178,456,fist
1780322664.952713,472,fist
1780322664.973296,525,fist
1780322664.989298,516,fist
1780322665.010397,476,fist
1780322665.029991,508,fist
1780322665.050727,456,fist
1780322665.071309,477,fist
1780322665.091732,536,fist
1780322665.112315,492,fist
1780322665.132324,504,fist
1780322665.149320,547,fist
1780322665.169191,535,fist
1780322665.190161,581,fist
1780322665.210749,508,fist
1780322665.231322,516,fist
1780322665.251754,471,fist
1780322665.272337,484,fist
1780322665.292760,480,fist
1780322665.313344,543,fist
1780322665.329349,502,fist
1780322665.349357,518,fist
1780322665.370350,508,fist
1780322665.390774,477,fist
1780322665.410549,490,fist
1780322665.431319,498,fist
1780322665.452362,515,fist
1780322665.472785,539,fist
1780322665.492753,480,fist
1780322665.513788,484,fist
1780322665.530383,544,fist
1780322665.550796,493,fist
1780322665.571378,496,fist
1780322665.591801,470,fist
1780322665.612384,507,fist
1780322665.632177,487,fist
1780322665.653171,494,fist
1780322665.673172,489,fist
1780322665.694393,515,fist
1780322665.709979,497,fist
1780322665.730820,473,fist
1780322665.751403,509,fist
1780322665.771826,491,fist
1780322665.792408,487,fist
1780322665.812790,487,fist
1780322665.833414,471,fist
1780322665.853173,512,fist
1780322665.870420,470,fist
1780322665.890842,495,fist
1780322665.911425,528,fist
1780322665.931315,470,fist
1780322665.952430,514,fist
1780322665.972433,471,fist
1780322665.992856,473,fist
1780322666.013439,483,fist
1780322666.033862,491,fist
1780322666.050444,490,fist
1780322666.070867,490,fist
1780322666.091449,511,fist
1780322666.111872,435,fist
1780322666.132176,487,fist
1780322666.152879,493,fist
1780322666.173461,507,fist
1780322666.193884,455,fist
1780322666.209989,487,fist
1780322666.229745,514,fist
1780322666.251109,510,fist
1780322666.271474,505,fist
1780322666.291898,457,fist
1780322666.312480,496,fist
1780322666.332313,471,fist
1780322666.353348,525,fist
1780322666.373909,486,fist
1780322666.390491,466,fist
1780322666.414173,483,fist
1780322666.431311,501,fist
1780322666.451920,532,fist
1780322666.472502,476,fist
1780322666.492530,455,fist
1780322666.513557,472,fist
1780322666.533931,421,fist
1780322666.554172,512,fist
1780322666.574471,475,fist
1780322666.595518,478,fist
1780322666.611521,470,fist
1780322666.631309,509,fist
1780322666.652527,488,fist
1780322666.672950,453,fist
1780322666.693533,467,fist
1780322666.713956,469,fist
1780322666.734538,450,fist
1780322666.754173,472,fist
1780322666.771544,457,fist
1780322666.791966,461,fist
1780322666.812549,500,fist
1780322666.832953,471,fist
1780322666.853340,474,fist
1780322666.873558,448,fist
1780322666.894560,475,fist
1780322666.914563,489,fist
1780322666.935566,546,fist
1780322666.951568,468,fist
1780322666.971991,483,fist
1780322666.992172,456,fist
1780322667.012997,497,fist
1780322667.033307,453,fist
1780322667.053171,513,fist
1780322667.074584,479,fist
1780322667.095008,501,fist
1780322667.111590,485,fist
1780322667.132013,487,fist
1780322667.152596,485,fist
1780322667.172599,548,fist
1780322667.193602,466,fist
1780322667.213604,471,fist
1780322667.234027,508,fist
1780322667.254361,519,fist
1780322667.275033,455,fist
1780322667.291615,502,fist
1780322667.312038,537,fist
1780322667.332215,500,fist
1780322667.353044,434,fist
1780322667.373627,516,fist
1780322667.394049,474,fist
1780322667.414632,506,fist
1780322667.435055,471,fist
1780322667.455636,549,fist
1780322667.476059,491,fist
1780322667.492643,482,fist
1780322667.512646,466,fist
1780322667.532511,468,fist
1780322667.553171,497,fist
1780322667.574146,511,fist
1780322667.594657,508,fist
1780322667.614633,443,fist
1780322667.635662,530,fist
1780322667.655316,494,fist
1780322667.672380,466,fist
1780322667.693091,528,fist
1780322667.713673,507,fist
1780322667.733960,517,fist
1780322667.754357,449,fist
1780322667.775102,483,fist
1780322667.795685,478,fist
1780322667.815687,503,fist
1780322667.832094,489,fist
1780322667.852692,470,fist
1780322667.873115,444,fist
1780322667.893698,471,fist
1780322667.914121,494,fist
1780322667.934703,488,fist
1780322667.954406,493,fist
1780322667.975709,489,fist
1780322667.996132,493,fist
1780322668.012714,484,fist
1780322668.033182,480,fist
1780322668.053337,483,fist
1780322668.074143,475,fist
1780322668.094726,526,fist
1780322668.114629,448,fist
1780322668.135731,462,fist
1780322668.155734,485,fist
1780322668.176173,432,fist
1780322668.192739,515,fist
1780322668.213162,476,fist
1780322668.233759,499,fist
1780322668.253374,500,fist
1780322668.274750,446,fist
1780322668.295173,506,fist
1780322668.315756,488,fist
1780322668.336179,455,fist
1780322668.356349,477,fist
1780322668.377183,488,fist
1780322668.393767,510,fist
1780322668.413769,485,fist
1780322668.434764,496,fist
1780322668.454360,487,fist
1780322668.475198,483,fist
1780322668.495173,478,fist
1780322668.516204,486,fist
1780322668.536786,479,fist
1780322668.556529,486,fist
1780322668.573792,470,fist
1780322668.594215,503,fist
1780322668.614624,473,fist
1780322668.635366,485,fist
1780322668.655803,533,fist
1780322668.676226,471,fist
1780322668.696808,486,fist
1780322668.717231,479,fist
1780322668.733814,469,fist
1780322668.753170,527,fist
1780322668.773397,444,fist
1780322668.794822,502,fist
1780322668.814622,548,fist
1780322668.835828,482,fist
1780322668.856251,537,fist
1780322668.876745,482,fist
1780322668.897256,443,fist
1780322668.913546,513,fist
1780322668.934261,499,fist
1780322668.954172,474,fist
1780322668.975267,492,fist
1780322668.995849,518,fist
1780322669.016273,447,fist
1780322669.036928,501,fist
1780322669.056753,459,fist
1780322669.073198,524,fist
1780322669.093863,478,fist
1780322669.114286,469,fist
1780322669.134356,497,fist
1780322669.155352,508,fist
1780322669.175874,505,fist
1780322669.196297,515,fist
1780322669.216880,486,fist
1780322669.237303,446,fist
1780322669.257385,471,fist
1780322669.278170,469,fist
1780322669.294865,530,fist
1780322669.315016,520,fist
1780322669.335896,484,fist
1780322669.355899,513,fist
1780322669.376916,452,fist
1780322669.396353,507,fist
1780322669.417327,463,fist
1780322669.437910,480,fist
1780322669.458172,456,fist
1780322669.474916,506,fist
1780322669.495338,490,fist
1780322669.515811,472,fist
1780322669.536175,484,fist
1780322669.556741,467,fist
1780322669.577350,486,fist
1780322669.597354,461,fist
1780322669.617617,485,fist
1780322669.634938,544,fist
1780322669.654940,444,fist
1780322669.675943,484,fist
1780322669.695946,512,fist
1780322669.716369,454,fist
1780322669.736286,492,fist
1780322669.756740,485,fist
1780322669.777742,486,fist
1780322669.797740,451,fist
1780322669.814613,536,fist
1780322669.835385,453,fist
1780322669.855968,498,fist
1780322669.876391,461,fist
1780322669.896661,496,fist
1780322669.917397,458,fist
1780322669.937572,489,fist
1780322669.957922,466,fist
1780322669.974985,498,fist
1780322669.994987,476,fist
1780322670.015410,478,fist
1780322670.035993,481,fist
1780322670.055548,510,fist
1780322670.076514,483,fist
1780322670.097422,495,fist
1780322670.117919,469,fist
1780322670.138178,466,fist
1780322670.159007,451,fist
1780322670.179352,477,fist
1780322670.196015,553,fist
1780322670.216438,488,fist
1780322670.237020,472,fist
1780322670.256750,548,fist
1780322670.277175,476,fist
1780322670.297919,466,fist
1780322670.318170,536,fist
1780322670.339033,476,fist
1780322670.354955,431,fist
1780322670.376040,524,fist
1780322670.396463,505,fist
1780322670.416359,447,fist
1780322670.436739,514,fist
1780322670.457916,460,fist
1780322670.478527,481,fist
1780322670.498183,483,fist
1780322670.519480,469,fist
1780322670.535877,518,fist
1780322670.556485,513,fist
1780322670.577067,456,fist
1780322670.597070,511,fist
1780322670.618171,479,fist
1780322670.638192,494,fist
1780322670.657761,472,fist
1780322670.678175,512,fist
1780322670.695504,477,fist
1780322670.716086,486,fist
1780322670.736510,457,fist
1780322670.756172,486,fist
1780322670.777515,487,fist
1780322670.797738,483,fist
1780322670.817744,527,fist
1780322670.839103,475,fist
1780322670.859526,503,fist
1780322670.876108,465,fist
1780322670.896111,476,fist
1780322670.916745,488,fist
1780322670.936737,449,fist
1780322670.956737,582,fist
1780322670.977739,457,fist
1780322670.997739,501,fist
1780322671.019195,484,fist
1780322671.035551,423,fist
1780322671.060131,479,fist
1780322671.080554,542,fist
1780322671.096745,459,fist
1780322671.117562,507,fist
1780322671.137364,612,fist
1780322671.157746,485,fist
1780322671.179196,488,fist
1780322671.199574,530,fist
1780322671.220155,524,fist
1780322671.240158,453,fist
1780322671.256312,511,fist
1780322671.277164,460,fist
1780322671.297587,494,fist
1780322671.318214,517,fist
1780322671.338171,454,fist
1780322671.359175,509,fist
1780322671.379598,506,fist
1780322671.400181,476,fist
1780322671.420604,490,fist
1780322671.436747,528,fist
1780322671.457356,473,fist
1780322671.478182,495,fist
1780322671.498182,514,fist
1780322671.519197,466,fist
1780322671.539200,461,fist
1780322671.560204,507,fist
1780322671.579749,488,fist
1780322671.596628,552,fist
1780322671.617210,458,fist
1780322671.637633,478,fist
1780322671.657554,534,fist
1780322671.678179,516,fist
1780322671.699222,579,fist
1780322671.719645,558,fist
1780322671.740227,630,fist
1780322671.760651,490,fist
1780322671.776759,461,fist
1780322671.796755,464,fist
1780322671.818170,463,fist
1780322671.838171,530,fist
1780322671.858778,480,fist
1780322671.878467,462,fist
1780322671.899670,438,fist
1780322671.920252,536,fist
1780322671.936758,480,fist
1780322671.956384,496,fist
1780322671.977681,497,fist
1780322671.998172,493,fist
1780322672.017957,505,fist
1780322672.039269,488,fist
1780322672.059692,487,fist
1780322672.080173,491,fist
1780322672.100697,472,fist
1780322672.121278,534,fist
1780322672.141702,475,fist
1780322672.158353,505,fist
1780322672.178171,558,fist
1780322672.198169,506,fist
1780322672.218798,534,fist
1780322672.239717,482,fist
1780322672.260299,485,fist
1780322672.280347,504,fist
1780322672.301305,571,fist
1780322672.317728,494,fist
1780322672.338351,505,fist
1780322672.358793,481,fist
1780322672.379316,619,fist
1780322672.399739,557,fist
1780322672.420172,533,fist
1780322672.440744,507,fist
1780322672.461327,506,fist
1780322672.481567,487,fist
1780322672.497752,453,fist
1780322672.518185,456,fist
1780322672.538184,431,fist
1780322672.558813,493,fist
1780322672.579190,523,fist
1780322672.600346,494,fist
1780322672.620769,453,fist
1780322672.641351,500,fist
1780322672.661775,472,fist
1780322672.678181,462,fist
1780322672.698786,552,fist
1780322672.719362,491,fist
1780322672.739786,494,fist
1780322672.759789,496,fist
1780322672.780371,450,fist
1780322672.801374,545,fist
1780322672.821175,515,fist
1780322672.837799,576,fist
1780322672.857527,499,fist
1780322672.878169,487,fist
1780322672.899415,540,fist
1780322672.919810,492,fist
1780322672.940392,436,fist
1780322672.960816,449,fist
1780322672.980722,566,fist
1780322673.001822,568,fist
1780322673.022174,481,fist
1780322673.042825,472,fist
1780322673.059409,530,fist
1780322673.079193,470,fist
1780322673.100415,515,fist
1780322673.120418,494,fist
1780322673.140841,482,fist
1780322673.161143,502,fist
1780322673.181521,461,fist
1780322673.202385,513,fist
1780322673.218180,469,fist
1780322673.239191,488,fist
1780322673.259857,516,fist
1780322673.280440,452,fist
1780322673.300184,507,fist
1780322673.321445,512,fist
1780322673.341868,473,fist
1780322673.362052,467,fist
1780322673.382874,485,fist
1780322673.398170,505,fist
1780322673.419459,539,fist
1780322673.439882,489,fist
1780322673.460465,556,fist
1780322673.480516,460,fist
1780322673.501206,538,fist
1780322673.521893,508,fist
1780322673.542476,476,fist
1780322673.558595,502,fist
1780322673.578785,496,fist
1780322673.599904,476,fist
1780322673.620486,519,fist
1780322673.640909,518,fist
1780322673.661492,508,fist
1780322673.681244,591,fist
1780322673.702498,476,fist
1780322673.722500,538,fist
1780322673.738250,520,fist
1780322673.759506,534,fist
1780322673.779190,454,fist
1780322673.800511,480,fist
1780322673.820934,473,fist
1780322673.841516,473,fist
1780322673.861940,476,fist
1780322673.882244,509,fist
1780322673.902943,501,fist
1780322673.923131,497,fist
1780322673.943731,509,fist
1780322673.960533,512,fist
1780322673.980536,491,fist
1780322674.001539,503,fist
1780322674.021542,532,fist
1780322674.042544,501,fist
1780322674.062547,546,fist
1780322674.082243,501,fist
1780322674.103552,497,fist
1780322674.119907,434,fist
1780322674.140558,531,fist
1780322674.160981,477,fist
1780322674.181240,497,fist
1780322674.201987,497,fist
1780322674.222308,479,fist
1780322674.242992,480,fist
1780322674.263312,464,fist
1780322674.283998,557,fist
1780322674.300580,474,fist
1780322674.320583,545,fist
1780322674.341006,459,fist
1780322674.361588,474,fist
1780322674.381238,462,fist
1780322674.402406,519,fist
1780322674.423017,449,fist
1780322674.443600,487,fist
1780322674.460022,519,fist
1780322674.480605,474,fist
1780322674.501028,510,fist
1780322674.521610,500,fist
1780322674.542034,521,fist
1780322674.562616,446,fist
1780322674.582212,490,fist
1780322674.603188,517,fist
1780322674.624045,519,fist
1780322674.640047,506,fist
1780322674.660630,496,fist
1780322674.680549,499,fist
1780322674.701635,507,fist
1780322674.722058,482,fist
1780322674.742641,513,fist
1780322674.763064,563,fist
1780322674.783646,459,fist
1780322674.804067,526,fist
1780322674.824649,507,fist
1780322674.841075,462,fist
1780322674.861657,495,fist
1780322674.881234,502,fist
1780322674.902663,567,fist
1780322674.922675,470,fist
1780322674.943668,476,fist
1780322674.963671,545,fist
1780322674.984674,476,fist
1780322675.004676,529,fist
1780322675.021100,514,fist
1780322675.041486,506,fist
1780322675.062106,498,fist
1780322675.082173,479,fist
1780322675.103171,506,fist
1780322675.123693,517,fist
1780322675.144117,493,fist
1780322675.164565,476,fist
1780322675.181122,494,fist
1780322675.201704,513,fist
1780322675.221177,486,fist
1780322675.242710,489,fist
1780322675.262712,490,fist
1780322675.283177,467,fist
1780322675.303718,475,fist
1780322675.324141,528,fist
1780322675.344724,524,fist
1780322675.361175,477,fist
1780322675.381520,511,fist
1780322675.402152,530,fist
1780322675.422734,542,fist
1780322675.443170,537,fist
1780322675.463740,454,fist
1780322675.484163,501,fist
1780322675.504746,538,fist
1780322675.520748,510,fist
1780322675.541751,511,fist
1780322675.561754,491,fist
1780322675.582175,468,fist
1780322675.602759,512,fist
1780322675.623358,528,fist
1780322675.643765,505,fist
1780322675.664188,502,fist
1780322675.684770,504,fist
1780322675.705191,499,fist
1780322675.725773,585,fist
1780322675.742199,455,fist
1780322675.762771,491,fist
1780322675.783205,472,fist
1780322675.803787,548,fist
1780322675.823340,487,fist
1780322675.844793,480,fist
1780322675.865216,544,fist
1780322675.885797,466,fist
1780322675.905800,493,fist
1780322675.922224,470,fist
1780322675.942806,494,fist
1780322675.963169,468,fist
1780322675.983812,554,fist
1780322676.004235,436,fist
1780322676.024817,526,fist
1780322676.045241,541,fist
1780322676.065823,476,fist
1780322676.082246,566,fist
1780322676.102828,533,fist
1780322676.123251,495,fist
1780322676.143508,509,fist
1780322676.163837,507,fist
1780322676.184839,530,fist
1780322676.204843,509,fist
1780322676.225845,488,fist
1780322676.245848,484,fist
1780322676.262271,480,fist
1780322676.282223,460,fist
1780322676.303198,512,fist
1780322676.323170,474,fist
1780322676.344282,564,fist
1780322676.364172,505,fist
1780322676.384974,503,fist
1780322676.405870,494,fist
1780322676.422292,505,fist
1780322676.442370,474,fist
1780322676.462878,471,fist
1780322676.483935,482,fist
1780322676.503171,495,fist
1780322676.524090,506,fist
1780322676.544889,492,fist
1780322676.565359,544,fist
1780322676.585895,518,fist
1780322676.605528,511,fist
1780322676.626940,512,fist
1780322676.642752,508,fist
1780322676.663905,517,fist
1780322676.684109,506,fist
1780322676.704911,530,fist
1780322676.725334,539,fist
1780322676.745806,464,fist
1780322676.766339,490,fist
1780322676.786921,537,fist
1780322676.802925,501,fist
1780322676.823337,494,fist
1780322676.843930,515,fist
1780322676.864353,501,fist
1780322676.884936,495,fist
1780322676.905352,483,fist
1780322676.925941,544,fist
1780322676.946365,513,fist
1780322676.966064,519,fist
1780322676.983370,485,fist
1780322677.003953,506,fist
1780322677.024375,524,fist
1780322677.044958,529,fist
1780322677.064769,500,fist
1780322677.085774,547,fist
1780322677.105658,531,fist
1780322677.126777,478,fist
1780322677.146776,501,fist
1780322677.163420,431,fist
1780322677.183977,450,fist
1780322677.204400,467,fist
1780322677.224983,528,fist
1780322677.245406,463,fist
1780322677.265988,536,fist
1780322677.286412,508,fist
1780322677.306217,616,fist
1780322677.323366,558,fist
1780322677.343999,540,fist
1780322677.364422,509,fist
1780322677.385005,565,fist
1780322677.405007,482,fist
1780322677.425720,501,fist
1780322677.446013,484,fist
1780322677.466437,506,fist
1780322677.487036,498,fist
1780322677.503441,513,fist
1780322677.523342,499,fist
1780322677.544447,546,fist
1780322677.564856,515,fist
1780322677.585175,535,fist
1780322677.606035,525,fist
1780322677.626458,498,fist
1780322677.646513,503,fist
1780322677.666774,525,fist
1780322677.687910,488,fist
1780322677.704049,440,fist
1780322677.725052,498,fist
1780322677.745054,438,fist
1780322677.765477,505,fist
1780322677.786060,517,fist
1780322677.806302,559,fist
1780322677.827066,553,fist
1780322677.846767,519,fist
1780322677.867943,529,fist
1780322677.884494,471,fist
1780322677.905076,465,fist
1780322677.925500,501,fist
1780322677.946082,444,fist
1780322677.966505,472,fist
1780322677.986766,486,fist
1780322678.006765,516,fist
1780322678.028180,516,fist
1780322678.044086,486,fist
1780322678.064519,551,fist
1780322678.085094,563,fist
1780322678.105524,573,fist
1780322678.126174,495,fist
1780322678.146530,482,fist
1780322678.166976,490,fist
1780322678.187536,500,fist
1780322678.207763,526,fist
1780322678.223954,514,fist
1780322678.245123,531,fist
1780322678.265546,505,fist
1780322678.286129,534,fist
1780322678.306552,531,fist
1780322678.327134,482,fist
1780322678.347137,537,fist
1780322678.368181,527,fist
1780322678.384142,538,fist
1780322678.403991,515,fist
1780322678.425148,578,fist
1780322678.445571,527,fist
1780322678.465537,518,fist
1780322678.486578,494,fist
1780322678.506761,480,fist
1780322678.526989,490,fist
1780322678.548172,494,fist
1780322678.568202,529,fist
1780322678.589171,536,fist
1780322678.605132,567,fist
1780322678.626176,491,fist
1780322678.646178,562,fist
1780322678.666760,588,fist
1780322678.687184,516,fist
1780322678.706757,490,fist
1780322678.728169,626,fist
1780322678.748580,485,fist
1780322678.768496,530,fist
1780322678.785257,503,fist
1780322678.806201,438,fist
1780322678.826623,519,fist
1780322678.847206,516,fist
1780322678.867629,515,fist
1780322678.887458,505,fist
1780322678.907934,524,fist
1780322678.929193,504,fist
1780322678.945220,461,fist
1780322678.966223,513,fist
1780322678.986225,508,fist
1780322679.006649,489,fist
1780322679.027231,460,fist
1780322679.047758,561,fist
1780322679.068183,547,fist
1780322679.088183,519,fist
1780322679.109242,522,fist
1780322679.125665,493,fist
1780322679.145911,475,fist
1780322679.166759,539,fist
1780322679.187253,549,fist
1780322679.206769,528,fist
1780322679.228224,529,fist
1780322679.248357,499,fist
1780322679.268401,492,fist
1780322679.285266,494,fist
1780322679.305038,462,fist
1780322679.326188,513,fist
1780322679.346755,569,fist
1780322679.367278,542,fist
1780322679.387178,529,fist
1780322679.408225,494,fist
1780322679.428686,465,fist
1780322679.449289,537,fist
1780322679.469712,504,fist
1780322679.490293,494,fist
1780322679.506172,499,fist
1780322679.527300,521,fist
1780322679.547097,556,fist
1780322679.567952,492,fist
1780322679.588183,580,fist
1780322679.609347,497,fist
1780322679.629313,539,fist
1780322679.649736,531,fist
1780322679.666319,561,fist
1780322679.686757,497,fist
1780322679.706913,525,fist
1780322679.727748,541,fist
1780322679.748169,509,fist
1780322679.767941,504,fist
1780322679.789381,505,fist
1780322679.809759,520,fist
1780322679.829764,487,fist
1780322679.846634,465,fist
1780322679.867347,584,fist
1780322679.887349,498,fist
1780322679.907583,539,fist
1780322679.928182,519,fist
1780322679.948182,459,fist
1780322679.969171,543,fist
1780322679.989784,527,fist
1780322680.006383,520,fist
1780322680.026759,580,fist
1780322680.046757,552,fist
1780322680.067795,507,fist
1780322680.088184,508,fist
1780322680.108474,537,fist
1780322680.128542,457,fist
1780322680.149806,510,fist
1780322680.170388,530,fist
1780322680.186118,540,fist
1780322680.207361,515,fist
1780322680.227396,549,fist
1780322680.247243,567,fist
1780322680.268525,525,fist
1780322680.288346,527,fist
1780322680.309408,514,fist
1780322680.329830,518,fist
1780322680.350413,564,fist
1780322680.370833,562,fist
1780322680.390943,550,fist
1780322680.407215,533,fist
1780322680.428179,541,fist
1780322680.448170,484,fist
1780322680.469289,525,fist
1780322680.489852,479,fist
1780322680.510435,584,fist
1780322680.530191,513,fist
1780322680.551440,478,fist
1780322680.567443,517,fist
1780322680.587866,521,fist
1780322680.607928,504,fist
1780322680.628940,581,fist
1780322680.649454,541,fist
1780322680.669163,532,fist
1780322701.134722,493,fist
1780322701.155172,489,fist
1780322701.175701,542,fist
1780322701.196284,503,fist
1780322701.216707,542,fist
1780322701.237289,535,fist
1780322701.257702,492,fist
1780322701.278170,528,fist
1780322701.298170,557,fist
1780322701.318706,538,fist
1780322701.335303,520,fist
1780322701.356171,552,fist
1780322701.376308,566,fist
1780322701.396704,587,fist
1780322701.417314,514,fist
1780322701.437706,518,fist
1780322701.458172,533,fist
1780322701.478706,496,fist
1780322701.495325,506,fist
1780322701.515748,488,fist
1780322701.536330,514,fist
1780322701.556705,518,fist
1780322701.576878,499,fist
1780322701.597658,512,fist
1780322701.618170,553,fist
1780322701.638708,520,fist
1780322701.659364,520,fist
1780322701.678705,555,fist
1780322701.700353,510,fist
1780322701.716356,537,fist
1780322701.736705,522,fist
1780322701.756705,511,fist
1780322701.776875,496,fist
1780322701.798181,460,fist
1780322701.818325,506,fist
1780322701.838707,504,fist
1780322701.859796,492,fist
1780322701.876377,505,fist
1780322701.896706,504,fist
1780322701.916840,502,fist
1780322701.937708,509,fist
1780322701.957708,524,fist
1780322701.977931,524,fist
1780322701.999395,519,fist
1780322702.019397,495,fist
1780322702.039710,478,fist
1780322702.060400,489,fist
1780322702.080823,435,fist
1780322702.097408,478,fist
1780322702.117720,479,fist
1780322702.137712,497,fist
1780322702.158710,468,fist
1780322702.178712,523,fist
1780322702.199842,495,fist
1780322702.220424,507,fist
1780322702.240846,535,fist
1780322702.261429,542,fist
1780322702.277433,512,fist
1780322702.297711,484,fist
1780322702.318170,521,fist
1780322702.338385,589,fist
1780322702.359444,465,fist
1780322702.379196,506,fist
1780322702.400449,500,fist
1780322702.420873,529,fist
1780322702.437455,528,fist
1780322702.457738,546,fist
1780322702.478184,543,fist
1780322702.498712,532,fist
1780322702.519362,541,fist
1780322702.539889,551,fist
1780322702.560472,534,fist
1780322702.580895,483,fist
1780322702.601477,492,fist
1780322702.617174,591,fist
1780322702.637707,637,fist
1780322702.658172,518,fist
1780322702.678647,510,fist
1780322702.698710,521,fist
1780322702.719914,532,fist
1780322702.739723,499,fist
1780322702.760919,523,fist
1780322702.776875,506,fist
1780322702.797647,524,fist
1780322702.818169,479,fist
1780322702.838709,517,fist
1780322702.858708,523,fist
1780322702.879192,473,fist
1780322702.900324,512,fist
1780322702.920521,490,fist
1780322702.941524,496,fist
1780322702.961524,542,fist
1780322702.980979,487,fist
1780322702.998171,523,fist
1780322703.018345,556,fist
1780322703.039537,543,fist
1780322703.059961,501,fist
1780322703.080544,519,fist
1780322703.100967,549,fist
1780322703.121548,482,fist
1780322703.141971,507,fist
1780322703.157727,565,fist
1780322703.178170,536,fist
1780322703.198709,495,fist
1780322703.219563,514,fist
1780322703.240565,528,fist
1780322703.260584,527,fist
1780322703.280741,497,fist
1780322703.301573,502,fist
1780322703.321997,511,fist
1780322703.337708,536,fist
1780322703.358706,500,fist
1780322703.379192,500,fist
1780322703.400008,515,fist
1780322703.420590,514,fist
1780322703.441013,503,fist
1780322703.460949,512,fist
1780322703.481201,469,fist
1780322703.498708,516,fist
1780322703.518185,522,fist
1780322703.539607,526,fist
1780322703.559708,556,fist
1780322703.580033,490,fist
1780322703.600615,540,fist
1780322703.621038,478,fist
1780322703.641620,534,fist
1780322703.661757,527,fist
1780322703.678185,472,fist
1780322703.698185,540,fist
1780322703.719632,485,fist
1780322703.740055,486,fist
1780322703.760637,522,fist
1780322703.780972,489,fist
1780322703.801642,504,fist
1780322703.822066,563,fist
1780322703.842648,512,fist
1780322703.858172,476,fist
1780322703.878171,502,fist
1780322703.899656,549,fist
1780322703.920079,525,fist
1780322703.940661,485,fist
1780322703.961085,506,fist
1780322703.981667,504,fist
1780322704.002090,526,fist
1780322704.022671,497,fist
1780322704.043094,514,fist
1780322704.059678,481,fist
1780322704.080101,528,fist
1780322704.100684,503,fist
1780322704.121107,540,fist
1780322704.141689,533,fist
1780322704.161692,549,fist
1780322704.182359,540,fist
1780322704.202698,517,fist
1780322704.223170,510,fist
1780322704.239703,562,fist
1780322704.260126,507,fist
1780322704.280709,464,fist
1780322704.301132,492,fist
1780322704.321714,544,fist
1780322704.342137,500,fist
1780322704.362720,498,fist
1780322704.383185,516,fist
1780322704.399725,486,fist
1780322704.419728,489,fist
1780322704.440730,505,fist
1780322704.460733,608,fist
1780322704.480965,486,fist
1780322704.501164,476,fist
1780322704.522162,500,fist
1780322704.542745,530,fist
1780322704.563015,521,fist
1780322704.579190,513,fist
1780322704.600173,508,fist
1780322704.620755,551,fist
1780322704.641178,489,fist
1780322704.661761,505,fist
1780322704.682184,557,fist
1780322704.702367,501,fist
1780322704.723190,522,fist
1780322704.739771,519,fist
1780322704.759775,516,fist
1780322704.780198,503,fist
1780322704.800780,490,fist
1780322704.821191,498,fist
1780322704.841786,450,fist
1780322704.862209,521,fist
1780322704.882792,526,fist
1780322704.903171,507,fist
1780322704.923795,477,fist
1780322704.944218,527,fist
1780322704.960802,533,fist
1780322704.980961,520,fist
1780322705.001808,522,fist
1780322705.022231,511,fist
1780322705.042813,550,fist
1780322705.063236,494,fist
1780322705.083818,506,fist
1780322705.103340,547,fist
1780322705.124824,504,fist
1780322705.140390,514,fist
1780322705.161250,513,fist
1780322705.181704,515,fist
1780322705.202255,496,fist
1780322705.222838,556,fist
1780322705.243342,500,fist
1780322705.263844,517,fist
1780322705.284267,492,fist
1780322705.300849,519,fist
1780322705.321272,507,fist
1780322705.341855,504,fist
1780322705.362277,546,fist
1780322705.382860,489,fist
1780322705.402863,518,fist
1780322705.423866,496,fist
1780322705.443869,558,fist
1780322705.464290,543,fist
1780322705.480874,549,fist
1780322705.501297,499,fist
1780322705.521879,528,fist
1780322705.542303,556,fist
1780322705.562885,473,fist
1780322705.583308,480,fist
1780322705.603891,498,fist
1780322705.624314,517,fist
1780322705.640896,511,fist
1780322705.660898,487,fist
1780322705.681901,539,fist
1780322705.701904,540,fist
1780322705.722518,545,fist
1780322705.742910,532,fist
1780322705.763344,539,fist
1780322705.783183,531,fist
1780322705.804338,563,fist
1780322705.824919,491,fist
1780322705.845173,479,fist
1780322705.861926,501,fist
1780322705.881954,508,fist
1780322705.902588,474,fist
1780322705.923062,468,fist
1780322705.943937,529,fist
1780322705.964285,498,fist
1780322705.985179,552,fist
1780322706.005366,524,fist
1780322706.021369,517,fist
1780322706.041951,536,fist
1780322706.062068,503,fist
1780322706.082580,511,fist
1780322706.103380,523,fist
1780322706.123345,499,fist
1780322706.144385,502,fist
1780322706.164968,479,fist
1780322706.185391,522,fist
1780322706.201705,504,fist
1780322706.222396,481,fist
1780322706.242979,498,fist
1780322706.263342,544,fist
1780322706.283984,537,fist
1780322706.304407,515,fist
1780322706.324990,501,fist
1780322706.344992,551,fist
1780322706.361415,524,fist
1780322706.381998,544,fist
1780322706.402421,537,fist
1780322706.423004,506,fist
1780322706.443427,533,fist
1780322706.464009,499,fist
1780322706.484432,532,fist
1780322706.505015,503,fist
1780322706.525438,494,fist
1780322706.542020,502,fist
1780322706.562443,523,fist
1780322706.582198,529,fist
1780322706.603050,515,fist
1780322706.624031,504,fist
1780322706.644034,506,fist
1780322706.665037,536,fist
1780322706.685040,515,fist
1780322706.705359,532,fist
1780322706.726043,492,fist
1780322706.746466,539,fist
1780322706.763050,508,fist
1780322706.783473,519,fist
1780322706.804056,521,fist
1780322706.824479,519,fist
1780322706.845061,494,fist
1780322706.865484,522,fist
1780322706.885744,520,fist
1780322706.905692,509,fist
1780322706.923072,523,fist
1780322706.943075,521,fist
1780322706.963498,574,fist
1780322706.984081,565,fist
1780322707.004503,544,fist
1780322707.025052,537,fist
1780322707.045509,497,fist
1780322707.066092,498,fist
1780322707.086515,501,fist
1780322707.103170,525,fist
1780322707.123520,502,fist
1780322707.144103,515,fist
1780322707.164526,538,fist
1780322707.185108,522,fist
1780322707.205351,509,fist
1780322707.226114,515,fist
1780322707.246537,514,fist
1780322707.262540,496,fist
1780322707.282666,540,fist
1780322707.303545,511,fist
1780322707.324128,493,fist
1780322707.344172,510,fist
1780322707.365133,531,fist
1780322707.385556,528,fist
1780322707.405539,507,fist
1780322707.426562,525,fist
1780322707.443144,530,fist
1780322707.463567,532,fist
1780322707.483940,485,fist
1780322707.504572,507,fist
1780322707.525155,515,fist
1780322707.544668,550,fist
1780322707.566161,527,fist
1780322707.586164,543,fist
1780322707.606584,536,fist
1780322707.626698,517,fist
1780322707.643592,520,fist
1780322707.664174,537,fist
1780322707.684597,533,fist
1780322707.705180,525,fist
1780322707.725603,500,fist
1780322707.746186,512,fist
1780322707.766609,508,fist
1780322707.787190,529,fist
1780322707.806710,492,fist
1780322707.824197,531,fist
1780322707.844199,531,fist
1780322707.865202,523,fist
1780322707.885205,588,fist
1780322707.905531,533,fist
1780322707.926210,508,fist
1780322707.946634,541,fist
1780322707.966697,523,fist
1780322707.983699,494,fist
1780322708.004128,504,fist
1780322708.024644,514,fist
1780322708.045227,529,fist
1780322708.065650,508,fist
1780322708.086232,517,fist
1780322708.106656,560,fist
1780322708.127238,560,fist
1780322708.147599,541,fist
1780322708.164243,501,fist
1780322708.183935,546,fist
1780322708.204669,495,fist
1780322708.224737,504,fist
1780322708.245307,515,fist
1780322708.265832,515,fist
1780322708.286680,509,fist
1780322708.306348,532,fist
1780322708.327698,522,fist
1780322708.344268,537,fist
1780322708.364691,526,fist
1780322708.385274,523,fist
1780322708.405697,493,fist
1780322708.426279,521,fist
1780322708.446411,507,fist
1780322708.466871,558,fist
1780322708.487708,480,fist
1780322708.503710,502,fist
1780322708.528169,558,fist
1780322708.544716,499,fist
1780322708.565299,497,fist
1780322708.585414,551,fist
1780322708.606304,483,fist
1780322708.626696,505,fist
1780322708.647310,538,fist
1780322708.667733,552,fist
1780322708.687696,513,fist
1780322708.708697,517,fist
1780322708.725321,527,fist
1780322708.745743,534,fist
1780322708.766398,524,fist
1780322708.786329,514,fist
1780322708.806541,497,fist
1780322708.827335,543,fist
1780322708.847697,512,fist
1780322708.867698,560,fist
1780322708.884763,523,fist
1780322708.905358,515,fist
1780322708.925768,513,fist
1780322708.946351,575,fist
1780322708.966774,527,fist
1780322708.987357,521,fist
1780322709.007416,504,fist
1780322709.027876,536,fist
1780322709.048179,463,fist
1780322709.065367,551,fist
1780322709.085370,500,fist
1780322709.106373,511,fist
1780322709.126376,525,fist
1780322709.146758,504,fist
1780322709.167382,517,fist
1780322709.187805,538,fist
1780322709.207722,532,fist
1780322709.224810,529,fist
1780322709.245392,508,fist
1780322709.265815,479,fist
1780322709.286397,534,fist
1780322709.306821,501,fist
1780322709.327404,528,fist
1780322709.347699,501,fist
1780322709.368170,498,fist
1780322709.388702,544,fist
1780322709.405473,531,fist
1780322709.425504,528,fist
1780322709.445840,524,fist
1780322709.466423,566,fist
1780322709.486515,506,fist
1780322709.506713,524,fist
1780322709.527852,513,fist
1780322709.548170,500,fist
1780322709.568476,507,fist
1780322709.589437,520,fist
1780322709.609176,540,fist
1780322709.626445,532,fist
1780322709.646700,538,fist
1780322709.666874,511,fist
1780322709.687402,556,fist
1780322709.708201,493,fist
1780322709.728170,523,fist
1780322709.749461,530,fist
1780322709.769464,517,fist
1780322709.785887,511,fist
1780322709.806071,532,fist
1780322709.826892,508,fist
1780322709.846700,514,fist
1780322709.867875,514,fist
1780322709.888554,533,fist
1780322709.908382,516,fist
1780322709.929486,511,fist
1780322709.949909,523,fist
1780322709.966357,503,fist
1780322709.986915,536,fist
1780322710.007546,555,fist
1780322710.027524,529,fist
1780322710.048179,498,fist
1780322710.068170,510,fist
1780322710.088451,501,fist
1780322710.109511,510,fist
1780322710.125934,528,fist
1780322710.146517,545,fist
1780322710.166249,500,fist
1780322710.186697,519,fist
1780322710.207719,529,fist
1780322710.228455,517,fist
1780322710.248180,519,fist
1780322710.269533,496,fist
1780322710.289196,547,fist
1780322710.305924,513,fist
1780322710.326541,518,fist
1780322710.347544,521,fist
1780322710.367547,545,fist
1780322710.387874,515,fist
1780322710.408544,535,fist
1780322710.428976,558,fist
1780322710.448699,482,fist
1780322710.469186,544,fist
1780322710.490172,477,fist
1780322710.506562,541,fist
1780322710.527575,530,fist
1780322710.547577,533,fist
1780322710.567920,525,fist
1780322710.588170,498,fist
1780322710.609700,521,fist
1780322710.629705,550,fist
1780322710.649709,544,fist
1780322710.670597,530,fist
1780322710.686696,529,fist
1780322710.706698,528,fist
1780322710.727699,525,fist
1780322710.748703,592,fist
1780322710.768698,504,fist
1780322710.789697,502,fist
1780322710.809147,518,fist
1780322710.829695,500,fist
1780322710.846695,544,fist
1780322710.867616,509,fist
1780322710.887696,511,fist
1780322710.908695,500,fist
1780322710.928179,529,fist
1780322710.949695,527,fist
1780322710.969630,545,fist
1780322710.990699,536,fist
1780322711.010178,511,fist
1780322711.027182,562,fist
1780322711.047699,543,fist
1780322711.067703,524,fist
1780322711.088170,498,fist
1780322711.108695,540,fist
1780322711.129697,519,fist
1780322711.150031,541,fist
1780322711.170657,512,fist
1780322711.186694,503,fist
1780322711.207662,503,fist
1780322711.227695,513,fist
1780322711.248694,527,fist
1780322711.268696,529,fist
1780322711.289674,521,fist
1780322711.309693,526,fist
1780322711.330171,524,fist
1780322711.350682,544,fist
1780322711.371103,498,fist
1780322711.391685,520,fist
1780322711.408170,528,fist
1780322711.428693,524,fist
1780322711.448694,561,fist
1780322711.469699,518,fist
1780322711.490121,535,fist
1780322711.510704,511,fist
1780322711.531171,508,fist
1780322711.551709,525,fist
1780322711.572132,497,fist
1780322711.588170,487,fist
1780322711.607918,489,fist
1780322711.628239,514,fist
1780322711.649244,507,fist
1780322711.670236,521,fist
1780322711.690241,505,fist
1780322711.711152,498,fist
1780322711.731693,535,fist
1780322711.747692,522,fist
1780322711.768172,523,fist
1780322711.788692,558,fist
1780322711.809692,504,fist
1780322711.830176,542,fist
1780322711.850751,566,fist
1780322711.871174,508,fist
1780322711.891695,558,fist
1780322711.911700,523,fist
1780322711.928170,535,fist
1780322711.947903,498,fist
1780322711.969235,532,fist
1780322711.989770,493,fist
1780322712.010193,530,fist
1780322712.030694,500,fist
1780322712.051199,534,fist
1780322712.071781,524,fist
1780322712.087692,531,fist
1780322712.108693,566,fist
1780322712.129171,519,fist
1780322712.149792,509,fist
1780322712.170215,515,fist
1780322712.190798,518,fist
1780322712.210800,499,fist
1780322712.231241,528,fist
1780322712.251806,545,fist
1780322712.272227,512,fist
1780322712.292698,517,fist
1780322712.308693,506,fist
1780322712.329817,522,fist
1780322712.350240,505,fist
1780322712.370693,491,fist
1780322712.391246,535,fist
1780322712.411211,518,fist
1780322712.432189,547,fist
1780322712.452832,508,fist
1780322712.468179,502,fist
1780322712.489839,541,fist
1780322712.509842,523,fist
1780322712.530889,529,fist
1780322712.550847,546,fist
1780322712.571269,504,fist
1780322712.591853,512,fist
1780322712.612276,505,fist
1780322712.632693,543,fist
1780322712.648693,517,fist
1780322712.669864,528,fist
1780322712.690287,553,fist
1780322712.710870,535,fist
1780322712.730891,534,fist
1780322712.751875,532,fist
1780322712.772298,530,fist
1780322712.792881,533,fist
1780322712.813170,512,fist
1780322712.829886,495,fist
1780322712.849174,531,fist
1780322712.870311,506,fist
1780322712.890894,514,fist
1780322712.911065,505,fist
1780322712.931891,519,fist
1780322712.952323,540,fist
1780322712.972180,519,fist
1780322712.988694,536,fist
1780322713.009911,514,fist
1780322713.030334,532,fist
1780322713.050189,521,fist
1780322713.071340,532,fist
1780322713.091897,508,fist
1780322713.111695,555,fist
1780322713.132143,530,fist
1780322713.152930,533,fist
1780322713.173342,515,fist
1780322713.193933,511,fist
1780322713.210131,525,fist
1780322713.230886,527,fist
1780322713.251364,514,fist
1780322713.271947,520,fist
1780322713.292370,530,fist
1780322713.313058,505,fist
1780322713.333374,529,fist
1780322713.353171,530,fist
1780322713.370381,523,fist
1780322713.390963,511,fist
1780322713.410766,478,fist
1780322713.431969,520,fist
1780322713.451971,527,fist
1780322713.472974,533,fist
1780322713.492977,493,fist
1780322713.513338,523,fist
1780322713.533983,515,fist
1780322713.550405,522,fist
1780322713.570988,515,fist
1780322713.591361,514,fist
1780322713.611994,536,fist
1780322713.631884,528,fist
1780322713.652999,535,fist
1780322713.673422,549,fist
1780322713.694005,527,fist
1780322713.710016,506,fist
1780322713.730192,527,fist
1780322713.751013,520,fist
1780322713.772190,530,fist
1780322713.791884,512,fist
1780322713.812132,506,fist
1780322713.832882,527,fist
1780322713.853142,515,fist
1780322713.874030,505,fist
1780322713.890452,494,fist
1780322713.911035,562,fist
1780322713.931191,550,fist
1780322713.952040,524,fist
1780322713.972125,552,fist
1780322713.992698,547,fist
1780322714.013469,497,fist
1780322714.034052,502,fist
1780322714.050054,546,fist
1780322714.069996,496,fist
1780322714.095057,474,fist
1780322714.111483,519,fist
1780322714.131218,492,fist
1780322714.152488,520,fist
1780322714.173071,517,fist
1780322714.192698,531,fist
1780322714.214077,531,fist
1780322714.234151,570,fist
1780322714.254172,516,fist
1780322714.271505,552,fist
1780322714.292087,523,fist
1780322714.312510,532,fist
1780322714.332695,517,fist
1780322714.353171,516,fist
1780322714.374099,552,fist
1780322714.393389,504,fist
1780322714.415104,522,fist
1780322714.435107,542,fist
1780322714.451530,536,fist
1780322714.472112,516,fist
1780322714.492535,547,fist
1780322714.513169,517,fist
1780322714.532876,521,fist
1780322714.554173,495,fist
1780322714.574546,533,fist
1780322714.595129,523,fist
1780322714.611552,559,fist
1780322714.631876,507,fist
1780322714.651469,529,fist
1780322714.673169,579,fist
1780322714.693142,501,fist
1780322714.714145,503,fist
1780322714.734148,482,fist
1780322714.754172,527,fist
1780322714.775154,530,fist
1780322714.791576,524,fist
1780322714.812158,508,fist
1780322714.831873,529,fist
1780322714.853164,506,fist
1780322714.873587,545,fist
1780322714.894170,513,fist
1780322714.914593,513,fist
1780322714.935176,492,fist
1780322714.951178,533,fist
1780322714.972181,528,fist
1780322714.992183,502,fist
1780322715.013186,516,fist
1780322715.032872,525,fist
1780322715.053348,516,fist
1780322715.074173,507,fist
1780322715.094618,514,fist
1780322715.115204,524,fist
1780322715.135621,553,fist
1780322715.156204,498,fist
1780322715.172629,517,fist
1780322715.193211,485,fist
1780322715.213634,513,fist
1780322715.234217,508,fist
1780322715.254640,494,fist
1780322715.275223,524,fist
1780322715.295645,521,fist
1780322715.316228,552,fist
1780322715.332230,527,fist
1780322715.352654,514,fist
1780322715.373236,553,fist
1780322715.392792,505,fist
1780322715.414200,517,fist
1780322715.434665,510,fist
1780322715.455274,529,fist
1780322715.475670,544,fist
1780322715.496253,522,fist
1780322715.512676,496,fist
1780322715.532867,496,fist
1780322715.553171,495,fist
1780322715.574264,507,fist
1780322715.594687,533,fist
1780322715.615269,513,fist
1780322715.635272,510,fist
1780322715.655725,507,fist
1780322715.672277,514,fist
1780322715.692135,511,fist
1780322715.713283,531,fist
1780322715.733693,496,fist
1780322715.754354,487,fist
1780322715.774712,512,fist
1780322715.795362,509,fist
1780322715.815198,523,fist
1780322715.836299,535,fist
1780322715.852723,524,fist
1780322715.873305,534,fist
1780322715.893308,547,fist
1780322715.914196,510,fist
1780322715.934313,504,fist
1780322715.955373,522,fist
1780322715.975319,526,fist
1780322715.995375,475,fist
1780322716.015809,540,fist
1780322716.036692,511,fist
1780322716.057174,478,fist
1780322716.073399,492,fist
1780322716.094336,537,fist
1780322716.114759,543,fist
1780322716.135402,524,fist
1780322716.155765,483,fist
1780322716.175814,527,fist
1780322716.196694,496,fist
1780322716.217352,460,fist
1780322716.232860,520,fist
1780322716.253337,517,fist
1780322716.274360,496,fist
1780322716.294784,466,fist
1780322716.315366,488,fist
1780322716.335789,508,fist
1780322716.355582,520,fist
1780322716.376873,524,fist
1780322716.397377,507,fist
1780322716.413800,487,fist
1780322716.434383,505,fist
1780322716.454172,524,fist
1780322716.475389,503,fist
1780322716.495811,491,fist
1780322716.516193,507,fist
1780322716.536404,510,fist
1780322716.556693,493,fist
1780322716.573402,514,fist
1780322716.593825,535,fist
1780322716.614190,532,fist
1780322716.634830,503,fist
1780322716.655413,540,fist
1780322716.675836,498,fist
1780322716.696418,483,fist
1780322716.716841,506,fist
1780322716.736691,538,fist
1780322716.753171,475,fist
1780322716.774429,488,fist
1780322716.794852,533,fist
1780322716.815360,552,fist
1780322716.835447,491,fist
1780322716.856440,524,fist
1780322716.876174,478,fist
1780322716.897446,492,fist
1780322716.917165,508,fist
1780322716.937872,547,fist
1780322716.954387,538,fist
1780322716.974877,505,fist
1780322716.995459,496,fist
1780322717.015188,496,fist
1780322717.036465,490,fist
1780322717.056381,532,fist
1780322717.076860,497,fist
1780322717.097518,473,fist
1780322717.118180,549,fist
1780322717.134478,503,fist
1780322717.155544,490,fist
1780322717.175485,490,fist
1780322717.195910,486,fist
1780322717.216141,489,fist
1780322717.236913,505,fist
1780322717.256930,514,fist
1780322717.277689,515,fist
1780322717.297690,524,fist
1780322717.314924,507,fist
1780322717.335506,506,fist
1780322717.355909,507,fist
1780322717.376512,502,fist
1780322717.396935,515,fist
1780322717.416729,487,fist
1780322717.437688,505,fist
1780322717.457689,522,fist
1780322717.474525,487,fist
1780322717.494949,502,fist
1780322717.515532,510,fist
1780322717.535954,505,fist
1780322717.556171,505,fist
1780322717.576960,500,fist
1780322717.597695,535,fist
1780322717.617852,503,fist
1780322717.637696,525,fist
1780322717.654172,503,fist
1780322717.675553,493,fist
1780322717.695567,506,fist
1780322717.716181,509,fist
1780322717.736691,495,fist
1780322717.757630,501,fist
1780322717.777692,542,fist
1780322717.798170,498,fist
1780322717.818181,518,fist
1780322717.839107,496,fist
1780322717.855578,527,fist
1780322717.876001,495,fist
1780322717.896512,517,fist
1780322717.917007,494,fist
1780322717.937589,539,fist
1780322717.957714,474,fist
1780322717.978348,583,fist
1780322717.998170,513,fist
1780322718.019600,465,fist
1780322718.036023,483,fist
1780322718.056689,469,fist
1780322718.076700,473,fist
1780322718.096858,456,fist
1780322718.117614,472,fist
1780322718.138061,506,fist
1780322718.158690,515,fist
1780322718.178544,483,fist
1780322718.195625,497,fist
1780322718.216048,523,fist
1780322718.236630,502,fist
1780322718.256858,499,fist
1780322718.276871,504,fist
1780322718.297507,517,fist
1780322718.317795,481,fist
1780322718.338690,493,fist
1780322718.359687,490,fist
1780322718.375649,544,fist
1780322718.396685,542,fist
1780322718.415980,499,fist
1780322718.436686,526,fist
1780322718.457700,507,fist
1780322718.478170,558,fist
1780322718.498181,490,fist
1780322718.519090,507,fist
1780322718.535672,505,fist
1780322718.556095,454,fist
1780322718.576677,557,fist
1780322718.596639,501,fist
1780322718.617683,496,fist
1780322718.638183,456,fist
1780322718.658592,498,fist
1780322718.678419,552,fist
1780322718.699694,457,fist
1780322718.719695,482,fist
1780322718.740698,491,fist
1780322718.756702,530,fist
1780322718.777125,477,fist
1780322718.797503,493,fist
1780322718.818170,479,fist
1780322718.838687,495,fist
1780322718.858354,501,fist
1780322718.879717,513,fist
1780322718.900141,536,fist
1780322718.920723,488,fist
1780322718.936685,526,fist
1780322718.957686,485,fist
1780322718.977865,549,fist
1780322718.998171,451,fist
1780322719.018174,534,fist
1780322719.039741,475,fist
1780322719.059744,525,fist
1780322719.080746,481,fist
1780322719.096749,515,fist
1780322719.117172,489,fist
1780322719.137755,507,fist
1780322719.157689,520,fist
1780322719.177879,563,fist
1780322719.199190,488,fist
1780322719.219766,483,fist
1780322719.240189,474,fist
1780322719.260771,504,fist
1780322719.276688,511,fist
1780322719.297498,493,fist
1780322719.317167,516,fist
1780322719.338691,481,fist
1780322719.357932,469,fist
1780322719.379172,476,fist
1780322719.399791,480,fist
1780322719.420214,465,fist
1780322719.436832,528,fist
1780322719.456691,481,fist
1780322719.477801,501,fist
1780322719.498181,507,fist
1780322719.518180,513,fist
1780322719.539230,515,fist
1780322719.559691,486,fist
1780322719.579530,479,fist
1780322719.600818,488,fist
1780322719.616163,514,fist
1780322719.641821,438,fist
1780322719.657708,473,fist
1780322719.677712,486,fist
1780322719.698692,526,fist
1780322719.719255,498,fist
1780322719.739837,501,fist
1780322719.760260,489,fist
1780322719.780827,509,fist
1780322719.801265,477,fist
1780322719.817162,487,fist
1780322719.838020,523,fist
1780322719.857986,460,fist
1780322719.878692,511,fist
1780322719.899469,443,fist
1780322719.920283,479,fist
1780322719.940865,506,fist
1780322719.961288,499,fist
1780322719.981871,483,fist
1780322719.997492,553,fist
1780322720.017802,474,fist
1780322720.038527,497,fist
1780322720.058550,484,fist
1780322720.079884,509,fist
1780322720.100307,505,fist
1780322720.120890,474,fist
1780322720.141313,502,fist
1780322720.157864,477,fist
1780322720.177692,499,fist
1780322771.397806,526,open
1780322771.417629,494,open
1780322771.437629,507,open
1780322771.458631,512,open
1780322771.478628,498,open
1780322771.499966,507,open
1780322771.520389,496,open
1780322771.540628,501,open
1780322771.561392,496,open
1780322771.581975,502,open
1780322771.598029,493,open
1780322771.618170,496,open
1780322771.638633,492,open
1780322771.659988,506,open
1780322771.679629,510,open
1780322771.700994,504,open
1780322771.721416,502,open
1780322771.741999,515,open
1780322771.757806,503,open
1780322771.777627,526,open
1780322771.798170,509,open
1780322771.818628,502,open
1780322771.840013,510,open
1780322771.860436,498,open
1780322771.880630,521,open
1780322771.901442,495,open
1780322771.922024,509,open
1780322771.942447,524,open
1780322771.963031,538,open
1780322771.979200,532,open
1780322772.000035,518,open
1780322772.020458,512,open
1780322772.041041,496,open
1780322772.061043,508,open
1780322772.082047,480,open
1780322772.102049,497,open
1780322772.122473,507,open
1780322772.138346,483,open
1780322772.159477,520,open
1780322772.179627,512,open
1780322772.200483,504,open
1780322772.221065,521,open
1780322772.240628,512,open
1780322772.262071,510,open
1780322772.282494,493,open
1780322772.303182,504,open
1780322772.318630,518,open
1780322772.340082,509,open
1780322772.360085,500,open
1780322772.380915,519,open
1780322772.401090,524,open
1780322772.421514,520,open
1780322772.441268,505,open
1780322772.462519,503,open
1780322772.482629,497,open
1780322772.503342,492,open
1780322772.524105,512,open
1780322772.540063,485,open
1780322772.561112,495,open
1780322772.581181,505,open
1780322772.602118,521,open
1780322772.622541,518,open
1780322772.643084,515,open
1780322772.663546,502,open
1780322772.684129,524,open
1780322772.700131,508,open
1780322772.720555,526,open
1780322772.741137,500,open
1780322772.761560,502,open
1780322772.782142,518,open
1780322772.802566,508,open
1780322772.823148,520,open
1780322772.843571,515,open
1780322772.864154,517,open
1780322772.880627,525,open
1780322772.901159,507,open
1780322772.921582,509,open
1780322772.942165,518,open
1780322772.962588,496,open
1780322772.983346,520,open
1780322773.002376,503,open
1780322773.024176,505,open
1780322773.040178,517,open
1780322773.060601,520,open
1780322773.081312,528,open
1780322773.101607,507,open
1780322773.122189,529,open
1780322773.141825,504,open
1780322773.163365,507,open
1780322773.183618,510,open
1780322773.204171,529,open
1780322773.220623,517,open
1780322773.241206,516,open
1780322773.261629,523,open
1780322773.282212,504,open
1780322773.302214,516,open
1780322773.323217,517,open
1780322773.343171,511,open
1780322773.363643,505,open
1780322773.384223,504,open
1780322773.404646,504,open
1780322773.421231,501,open
1780322773.441628,510,open
1780322773.462236,516,open
1780322773.482659,503,open
1780322773.503242,519,open
1780322773.523665,515,open
1780322773.544247,513,open
1780322773.564172,501,open
1780322773.585252,503,open
1780322773.601255,527,open
1780322773.621679,526,open
1780322773.642261,509,open
1780322773.662684,522,open
1780322773.683267,509,open
1780322773.703742,527,open
1780322773.724272,508,open
1780322773.744695,527,open
1780322773.761277,496,open
1780322773.781172,514,open
1780322773.802283,532,open
1780322773.822597,507,open
1780322773.843289,521,open
1780322773.863671,525,open
1780322773.884294,509,open
1780322773.904718,513,open
1780322773.925300,518,open
1780322773.941302,531,open
1780322773.961725,505,open
1780322773.982201,511,open
1780322774.002731,507,open
1780322774.023314,509,open
1780322774.043817,518,open
1780322774.064319,496,open
1780322774.084742,513,open
1780322774.105174,544,open
1780322774.121747,519,open
1780322774.141955,518,open
1780322774.162753,527,open
1780322774.183258,505,open
1780322774.203758,496,open
1780322774.224341,493,open
1780322774.244344,485,open
1780322774.265347,508,open
1780322774.285347,509,open
1780322774.305432,507,open
1780322774.322318,508,open
1780322774.342778,545,open
1780322774.362566,537,open
1780322774.383783,529,open
1780322774.404500,516,open
1780322774.424789,503,open
1780322774.445173,514,open
1780322774.465793,518,open
1780322774.486376,499,open
1780322774.502379,522,open
1780322774.523382,508,open
1780322774.543385,518,open
1780322774.564388,523,open
1780322774.584391,533,open
1780322774.604814,512,open
1780322774.625396,528,open
1780322774.645819,521,open
1780322774.662401,507,open
1780322774.682184,517,open
1780322774.703205,527,open
1780322774.723830,529,open
1780322774.744413,501,open
1780322774.764836,508,open
1780322774.785175,514,open
1780322774.805841,538,open
1780322774.826424,507,open
1780322774.842426,516,open
1780322774.862661,507,open
1780322774.883432,502,open
1780322774.903855,515,open
1780322774.924438,531,open
1780322774.944861,526,open
1780322774.965443,527,open
1780322774.985867,519,open
1780322775.002448,525,open
1780322775.022871,534,open
1780322775.043454,512,open
1780322775.063154,495,open
1780322775.084460,503,open
1780322775.104659,495,open
1780322775.125340,503,open
1780322775.145355,498,open
1780322775.166471,523,open
1780322775.182192,531,open
1780322775.206622,512,open
1780322775.223479,533,open
1780322775.243902,518,open
1780322775.264194,517,open
1780322775.284908,512,open
1780322775.305490,524,open
1780322775.325913,523,open
1780322775.346494,526,open
1780322775.366918,500,open
1780322775.387500,535,open
1780322775.403924,520,open
1780322775.424507,519,open
1780322775.444509,533,open
1780322775.465512,520,open
1780322775.485515,527,open
1780322775.505665,516,open
1780322775.526623,500,open
1780322775.546838,514,open
1780322775.563525,487,open
1780322775.583949,532,open
1780322775.604532,510,open
1780322775.624954,531,open
1780322775.645537,499,open
1780322775.665738,538,open
1780322775.686636,525,open
1780322775.706966,522,open
1780322775.727548,525,open
1780322775.743172,526,open
1780322775.764554,534,open
1780322775.784556,520,open
1780322775.804979,515,open
1780322775.825562,526,open
1780322775.845985,519,open
1780322775.866623,535,open
1780322775.886213,533,open
1780322775.903573,523,open
1780322775.923996,527,open
1780322775.944578,522,open
1780322775.965002,513,open
1780322775.985656,516,open
1780322776.005857,528,open
1780322776.026173,522,open
1780322776.046985,508,open
1780322776.067595,512,open
1780322776.083597,523,open
1780322776.104021,529,open
1780322776.124603,517,open
1780322776.144478,543,open
1780322776.165608,525,open
1780322776.186031,538,open
1780322776.206176,533,open
1780322776.227071,533,open
1780322776.247558,514,open
1780322776.267801,514,open
1780322776.284625,505,open
1780322776.305048,529,open
1780322776.325630,508,open
1780322776.346054,507,open
1780322776.366636,505,open
1780322776.386797,508,open
1780322776.407642,533,open
1780322776.427173,515,open
1780322776.448170,523,open
1780322776.464650,528,open
1780322776.485073,534,open
1780322776.505655,535,open
1780322776.526078,518,open
1780322776.546661,532,open
1780322776.566623,515,open
1780322776.587625,512,open
1780322776.608184,509,open
1780322776.624672,511,open
1780322776.645095,511,open
1780322776.665678,522,open
1780322776.685680,523,open
1780322776.705984,525,open
1780322776.726686,525,open
1780322776.747689,513,open
1780322776.767627,520,open
1780322776.787628,514,open
1780322776.804626,514,open
1780322776.825119,508,open
1780322776.845509,516,open
1780322776.866125,534,open
1780322776.886789,516,open
1780322776.906556,525,open
1780322776.927714,536,open
1780322776.948170,520,open
1780322776.964719,534,open
1780322776.984692,523,open
1780322777.005681,519,open
1780322777.025727,514,open
1780322777.045612,518,open
1780322777.066798,534,open
1780322777.087156,525,open
1780322777.107623,506,open
1780322777.127625,531,open
1780322777.148170,512,open
1780322777.168623,509,open
1780322777.185749,517,open
1780322777.206172,492,open
1780322777.226622,525,open
1780322777.246809,505,open
1780322777.267760,490,open
1780322777.288185,526,open
1780322777.308650,512,open
1780322777.328534,510,open
1780322777.349772,531,open
1780322777.365774,529,open
1780322777.386197,521,open
1780322777.406819,528,open
1780322777.427203,535,open
1780322777.447592,514,open
1780322777.467642,535,open
1780322777.488170,515,open
1780322777.508593,525,open
1780322777.525796,524,open
1780322777.546219,513,open
1780322777.566802,516,open
1780322777.587224,537,open
1780322777.607388,513,open
1780322777.627799,534,open
1780322777.648170,539,open
1780322777.668170,513,open
1780322777.689818,529,open
1780322777.705626,527,open
1780322777.726244,512,open
1780322777.746357,505,open
1780322777.767249,532,open
1780322777.787799,519,open
1780322777.807543,525,open
1780322777.828621,535,open
1780322777.849260,528,open
1780322777.865843,499,open
1780322777.886266,508,open
1780322777.906848,524,open
1780322777.926618,521,open
1780322777.947514,525,open
1780322777.967460,514,open
1780322777.987799,542,open
1780322778.008620,532,open
1780322778.028449,525,open
1780322778.049865,518,open
1780322778.070193,535,open
1780322778.086873,522,open
1780322778.106619,532,open
1780322778.127799,532,open
1780322778.148227,525,open
1780322778.168621,520,open
1780322778.189307,520,open
1780322778.209889,530,open
1780322778.230299,537,open
1780322778.246851,513,open
1780322778.266898,524,open
1780322778.287179,531,open
1780322778.307624,542,open
1780322778.328185,514,open
1780322778.348624,516,open
1780322778.368622,533,open
1780322778.389915,534,open
1780322778.410338,524,open
1780322778.426629,528,open
1780322778.447343,507,open
1780322778.467620,540,open
1780322778.488169,510,open
1780322778.508620,522,open
1780322778.528622,526,open
1780322778.549937,536,open
1780322778.569949,521,open
1780322778.590943,522,open
1780322778.606631,519,open
1780322778.627420,517,open
1780322778.647798,522,open
1780322778.667623,519,open
1780322778.688170,517,open
1780322778.709379,530,open
1780322778.729172,528,open
1780322778.750385,530,open
1780322778.766652,526,open
1780322778.787390,514,open
1780322778.807649,522,open
1780322778.827622,528,open
1780322778.848179,545,open
1780322778.868793,531,open
1780322778.889983,550,open
1780322778.909986,518,open
1780322778.930410,528,open
1780322778.950989,517,open
1780322778.971414,528,open
1780322778.987904,512,open
1780322779.007638,526,open
1780322779.028620,504,open
1780322779.049426,530,open
1780322779.070008,526,open
1780322779.090432,507,open
1780322779.111013,536,open
1780322779.131437,531,open
1780322779.147798,526,open
1780322779.167622,537,open
1780322779.188663,521,open
1780322779.208638,503,open
1780322779.229171,508,open
1780322779.250033,524,open
1780322779.270457,504,open
1780322779.291039,528,open
1780322779.311462,532,open
1780322779.327798,516,open
1780322779.348170,501,open
1780322779.368170,529,open
1780322779.389473,521,open
1780322779.410056,519,open
1780322779.429624,517,open
1780322779.451061,511,open
1780322779.471484,509,open
1780322779.487619,525,open
1780322779.507797,514,open
1780322779.528181,519,open
1780322779.549171,553,open
1780322779.569498,544,open
1780322779.590080,540,open
1780322779.610503,509,open
1780322779.630637,539,open
1780322779.651271,509,open
1780322779.668185,523,open
1780322779.688179,513,open
1780322779.708207,505,open
1780322779.729207,506,open
1780322779.750102,502,open
1780322779.770525,515,open
1780322779.791108,531,open
1780322779.811110,521,open
1780322779.832111,538,open
1780322779.851172,547,open
1780322779.872537,530,open
1780322779.889194,500,open
1780322779.909544,498,open
1780322779.930199,490,open
1780322779.950550,489,open
1780322779.971133,526,open
1780322779.991556,508,open
1780322780.012137,514,open
1780322780.032560,535,open
1780322780.049170,536,open
1780322780.069566,520,open
1780322780.090149,526,open
1780322780.110152,549,open
1780322780.130618,524,open
1780322780.151157,507,open
1780322780.171580,509,open
1780322780.192163,493,open
1780322780.212586,541,open
1780322780.229170,509,open
1780322780.249591,528,open
1780322780.270174,520,open
1780322780.290597,552,open
1780322780.311180,521,open
1780322780.331191,527,open
1780322780.352185,525,open
1780322780.372608,519,open
1780322780.388622,533,open
1780322780.408642,518,open
1780322780.430196,512,open
1780322780.450198,519,open
1780322780.470622,521,open
1780322780.491204,514,open
1780322780.511628,506,open
1780322780.532210,505,open
1780322780.552634,520,open
1780322780.569215,506,open
1780322780.589638,510,open
1780322780.609619,516,open
1780322780.630622,496,open
1780322780.651226,513,open
1780322780.671649,519,open
1780322780.692232,499,open
1780322780.712655,496,open
1780322780.729192,521,open
1780322780.753181,521,open
1780322780.769663,514,open
1780322780.790245,529,open
1780322780.810642,516,open
1780322780.830619,498,open
1780322780.851674,513,open
1780322780.872257,504,open
1780322780.892366,532,open
1780322780.913261,497,open
1780322780.933684,499,open
1780322780.950268,519,open
1780322780.970691,496,open
1780322780.991273,530,open
1780322781.011697,509,open
1780322781.032179,511,open
1780322781.052282,488,open
1780322781.073285,508,open
1780322781.093287,509,open
1780322781.109649,534,open
1780322781.130273,509,open
1780322781.150715,509,open
1780322781.171298,488,open
1780322781.191721,478,open
1780322781.212304,473,open
1780322781.232775,456,open
1780322781.253183,454,open
1780322781.273672,448,open
1780322781.290315,466,open
1780322781.310668,465,open
1780322781.330621,532,open
1780322781.351111,515,open
1780322781.372326,524,open
1780322781.392328,518,open
1780322781.412752,544,open
1780322781.433334,524,open
1780322781.449757,531,open
1780322781.470339,519,open
1780322781.490762,539,open
1780322781.511345,556,open
1780322781.531768,537,open
1780322781.552351,519,open
1780322781.572774,537,open
1780322781.593356,521,open
1780322781.613780,510,open
1780322781.629621,505,open
1780322781.650173,519,open
1780322781.671367,553,open
1780322781.691370,519,open
1780322781.711637,520,open
1780322781.732221,535,open
1780322781.752799,537,open
1780322781.773381,518,open
1780322781.793804,519,open
1780322781.814385,519,open
1780322781.834809,501,open
1780322781.851510,507,open
1780322781.871815,516,open
1780322781.892397,503,open
1780322781.912214,508,open
1780322781.933403,506,open
1780322781.953171,497,open
1780322781.974408,521,open
1780322781.994411,503,open
1780322782.010383,513,open
1780322782.030620,513,open
1780322782.051840,533,open
1780322782.072422,509,open
1780322782.092845,535,open
1780322782.113428,540,open
1780322782.133660,513,open
1780322782.154433,511,open
1780322782.174368,513,open
1780322782.191438,497,open
1780322782.211862,496,open
1780322782.232444,501,open
1780322782.252254,500,open
1780322782.273449,501,open
1780322782.293452,531,open
1780322782.314456,504,open
1780322782.334458,546,open
1780322782.350799,492,open
1780322782.371464,490,open
1780322782.391887,520,open
1780322782.412469,505,open
1780322782.432206,506,open
1780322782.453173,501,open
1780322782.473898,503,open
1780322782.494480,504,open
1780322782.514903,509,open
1780322782.530620,502,open
1780322782.551498,492,open
1780322782.572397,493,open
1780322782.592494,496,open
1780322782.613186,511,open
1780322782.633500,493,open
1780322782.653171,509,open
1780322782.674505,510,open
1780322782.694926,487,open
1780322782.715509,510,open
1780322782.731993,526,open
1780322782.752516,519,open
1780322782.772939,493,open
1780322782.793357,495,open
1780322782.813945,489,open
1780322782.834527,501,open
1780322782.854950,509,open
1780322782.875532,500,open
1780322782.895956,507,open
1780322782.912538,489,open
1780322782.932196,513,open
1780322782.952964,505,open
1780322782.973546,503,open
1780322782.993969,498,open
1780322783.014172,517,open
1780322783.034975,514,open
1780322783.055171,509,open
1780322783.075696,499,open
1780322783.092563,493,open
1780322783.112986,505,open
1780322783.133188,521,open
1780322783.153187,502,open
1780322783.174574,501,open
1780322783.194997,492,open
1780322783.215589,523,open
1780322783.235582,491,open
1780322783.252005,512,open
1780322783.272588,506,open
1780322783.292199,490,open
1780322783.313586,496,open
1780322783.334017,514,open
1780322783.354174,498,open
1780322783.375022,487,open
1780322783.395604,504,open
1780322783.415911,525,open
1780322783.432669,536,open
1780322783.452682,502,open
1780322783.473615,500,open
1780322783.494038,496,open
1780322783.514621,492,open
1780322783.534623,504,open
1780322783.555657,522,open
1780322783.575629,491,open
1780322783.596050,521,open
1780322783.616618,509,open
1780322783.632855,516,open
1780322783.653183,511,open
1780322783.674063,511,open
1780322783.694222,520,open
1780322783.715069,514,open
1780322783.735651,513,open
1780322783.756075,492,open
1780322783.776625,522,open
1780322783.797079,509,open
1780322783.813662,506,open
1780322783.833182,506,open
1780322783.854192,521,open
1780322783.874671,491,open
1780322783.895093,506,open
1780322783.915676,506,open
1780322783.936099,491,open
1780322783.956616,493,open
1780322783.973182,495,open
1780322783.993687,502,open
1780322784.014110,497,open
1780322784.034693,486,open
1780322784.055204,516,open
1780322784.075698,506,open
1780322784.096121,511,open
1780322784.116704,522,open
1780322784.137178,496,open
1780322784.153170,504,open
1780322784.173712,516,open
1780322784.194134,501,open
1780322784.214717,487,open
1780322784.235140,509,open
1780322784.255723,538,open
1780322784.276146,500,open
1780322784.296729,493,open
1780322784.313184,514,open
1780322784.333734,514,open
1780322784.354174,500,open
1780322784.374739,496,open
1780322784.395168,490,open
1780322784.415745,512,open
1780322784.436168,518,open
1780322784.456630,500,open
1780322784.476753,508,open
1780322784.497754,489,open
1780322784.517757,503,open
1780322784.534182,506,open
1780322784.554172,506,open
1780322784.575187,501,open
1780322784.595174,508,open
1780322784.616193,494,open
1780322784.636615,503,open
1780322784.656633,496,open
1780322784.677780,509,open
1780322784.698171,510,open
1780322784.714786,491,open
1780322784.735209,499,open
1780322784.755792,501,open
1780322784.775795,502,open
1780322784.796190,479,open
1780322784.816204,484,open
1780322784.837208,512,open
1780322784.857213,484,open
1780322784.874217,509,open
1780322784.894221,518,open
1780322784.915227,483,open
1780322784.935230,508,open
1780322784.956235,502,open
1780322784.976239,491,open
1780322784.997244,495,open
1780322785.017239,481,open
1780322785.038244,495,open
1780322785.054833,484,open
1780322785.074836,483,open
1780322785.095259,489,open
1780322785.115841,499,open
1780322785.136264,494,open
1780322785.156888,497,open
1780322785.176535,501,open
1780322785.197796,483,open
1780322785.213586,484,open
1780322785.234858,514,open
1780322785.255281,498,open
1780322785.275863,508,open
1780322785.296287,493,open
1780322785.316542,477,open
1780322785.337292,518,open
1780322785.357358,478,open
1780322785.378181,493,open
1780322785.398171,483,open
1780322785.418616,522,open
1780322785.435305,523,open
1780322785.455173,487,open
1780322785.476311,500,open
1780322785.496894,504,open
1780322785.516613,500,open
1780322785.537791,494,open
1780322785.558173,522,open
1780322785.578183,505,open
1780322785.595328,505,open
1780322785.615910,469,open
1780322785.636333,496,open
1780322785.656174,486,open
1780322785.676612,512,open
1780322785.697790,492,open
1780322785.717618,482,open
1780322785.738615,483,open
1780322785.758614,502,open
1780322785.775352,479,open
1780322785.795935,490,open
1780322785.816358,482,open
1780322785.836613,492,open
1780322785.856804,484,open
1780322785.877790,495,open
1780322785.898171,472,open
1780322785.918618,472,open
1780322785.935251,483,open
1780322785.955957,491,open
1780322785.975960,479,open
1780322785.996895,508,open
1780322786.016965,467,open
1780322786.037790,492,open
1780322786.057614,526,open
1780322786.078182,475,open
1780322786.098172,500,open
1780322786.115399,535,open
1780322786.135982,494,open
1780322786.156175,478,open
1780322786.176612,488,open
1780322786.197411,483,open
1780322786.217790,491,open
1780322786.238184,468,open
1780322786.258201,484,open
1780322786.278616,469,open
1780322786.300002,516,open
1780322786.320014,505,open
1780322786.336430,493,open
1780322786.356171,518,open
1780322786.377435,485,open
1780322786.397789,498,open
1780322786.418180,508,open
1780322786.438170,502,open
1780322786.458612,479,open
1780322786.480028,485,open
1780322786.496452,498,open
1780322786.517035,488,open
1780322786.536611,486,open
1780322786.557521,497,open
1780322786.578185,479,open
1780322786.598171,508,open
1780322786.619563,494,open
1780322786.639612,480,open
1780322786.660054,499,open
1780322786.676477,477,open
1780322786.697176,491,open
1780322786.716611,527,open
1780322786.738184,489,open
1780322786.758184,493,open
1780322786.778641,496,open
1780322786.799494,501,open
1780322786.820066,488,open
1780322786.836183,499,open
1780322786.856217,507,open
1780322786.877504,485,open
1780322786.897355,482,open
1780322786.917789,499,open
1780322786.938339,496,open
1780322786.958631,476,open
1780322786.980098,499,open
1780322787.000101,512,open
1780322787.016610,497,open
1780322787.036606,492,open
1780322787.057530,507,open
1780322787.077614,503,open
1780322787.098612,500,open
1780322787.119200,508,open
1780322787.139541,490,open
1780322787.160172,509,open
1780322787.176546,476,open
1780322787.197129,493,open
1780322787.217131,495,open
1780322787.238184,515,open
1780322787.257851,489,open
1780322787.278563,501,open
1780322787.299142,506,open
1780322787.319566,470,open
1780322787.340148,513,open
1780322787.360569,489,open
1780322787.381153,496,open
1780322787.397576,509,open
1780322787.417636,505,open
1780322787.438615,500,open
1780322787.458615,493,open
1780322787.479587,481,open
1780322787.500170,480,open
1780322787.520592,529,open
1780322787.541175,500,open
1780322787.561599,480,open
1780322787.577625,487,open
1780322787.598171,507,open
1780322787.618185,501,open
1780322787.638556,500,open
1780322787.659616,508,open
1780322787.680195,471,open
1780322787.700618,494,open
1780322787.721200,500,open
1780322787.737622,503,open
1780322787.757794,502,open
1780322787.777796,488,open
1780322787.799211,488,open
1780322787.819634,506,open
1780322787.840190,489,open
1780322787.860144,489,open
1780322787.880545,506,open
1780322787.901225,499,open
1780322787.917615,487,open
1780322787.938177,482,open
1780322787.958632,475,open
1780322787.979171,482,open
1780322787.999659,484,open
1780322788.020241,484,open
1780322788.040664,502,open
1780322788.061247,491,open
1780322788.077670,490,open
1780322788.098171,508,open
1780322788.118171,486,open
1780322788.138502,509,open
1780322788.158642,491,open
1780322788.180209,485,open
1780322788.200266,494,open
1780322788.220690,485,open
1780322788.240616,495,open
1780322788.261179,490,open
1780322788.282184,519,open
1780322788.298170,505,open
1780322788.319282,484,open
1780322788.339613,482,open
1780322788.360288,492,open
1780322788.380613,499,open
1780322788.401174,490,open
1780322788.421716,487,open
1780322788.442299,498,open
1780322788.457628,491,open
1780322788.478614,492,open
1780322788.499174,508,open
1780322788.519730,518,open
1780322788.539613,501,open
1780322788.560736,485,open
1780322788.580613,499,open
1780322788.601742,513,open
1780322788.622324,489,open
1780322788.638170,493,open
1780322788.658611,477,open
1780322788.679170,492,open
1780322788.700335,499,open
1780322788.720758,513,open
1780322788.740612,498,open
1780322788.761622,515,open
1780322788.782346,500,open
1780322788.798170,492,open
1780322788.818170,485,open
1780322788.839354,506,open
1780322788.859610,490,open
1780322788.880194,503,open
1780322788.900783,489,open
1780322788.921366,504,open
1780322788.941789,494,open
1780322788.962371,500,open
1780322788.978813,502,open
1780322788.999376,484,open
1780322789.019358,490,open
1780322789.040382,500,open
1780322789.060805,514,open
1780322789.080624,515,open
1780322789.101390,488,open
1780322789.122393,508,open
1780322789.142393,499,open
1780322789.162779,510,open
1780322789.183399,483,open
1780322789.199824,491,open
1780322789.220407,480,open
1780322789.240610,486,open
1780322789.261412,482,open
1780322789.281836,495,open
1780322789.302181,496,open
1780322789.322798,478,open
1780322789.343423,517,open
1780322789.359846,516,open
1780322789.379611,502,open
1780322789.400432,504,open
1780322789.421434,508,open
1780322789.441418,502,open
1780322789.461860,513,open
1780322789.482443,514,open
1780322789.502866,491,open
1780322789.523448,499,open
1780322789.539871,499,open
1780322789.560453,504,open
1780322789.580640,487,open
1780322789.601459,504,open
1780322789.621882,472,open
1780322789.642465,498,open
1780322789.662888,490,open
1780322789.682609,489,open
1780322789.699473,501,open
1780322789.720475,517,open
1780322789.740478,513,open
1780322789.760901,496,open
1780322789.780609,494,open
1780322789.801908,478,open
1780322789.822490,501,open
1780322789.842913,486,open
1780322789.863495,480,open
1780322789.879918,479,open
1780322789.900501,496,open
1780322789.920924,478,open
1780322789.941577,497,open
1780322789.961930,518,open
1780322789.982555,507,open
1780322790.002650,517,open
1780322790.023517,505,open
1780322790.043216,493,open
1780322790.064520,511,open
1780322790.080192,489,open
1780322790.100948,492,open
1780322790.121610,496,open
1780322790.141954,493,open
1780322790.162491,508,open
1780322790.182528,521,open
1780322790.203529,492,open
1780322790.223964,516,open
1780322790.244547,514,open
1780322790.261038,522,open
1780322790.281553,503,open
1780322790.301976,509,open
1780322790.322558,501,open
1780322790.342561,505,open
1780322790.363523,501,open
1780322790.383567,519,open
1780322790.403990,512,open
1780322790.420195,502,open
1780322790.440995,494,open
1780322800.611976,501,open
1780322800.632202,498,open
1780322800.652982,476,open
1780322800.672601,496,open
1780322800.693987,515,open
1780322800.714410,528,open
1780322800.734993,511,open
1780322800.755416,512,open
1780322800.771998,515,open
1780322800.792421,521,open
1780322800.813004,513,open
1780322800.833426,530,open
1780322800.853172,520,open
1780322800.874012,504,open
1780322800.895015,510,open
1780322800.915018,514,open
1780322800.930597,513,open
1780322800.952023,526,open
1780322800.972446,502,open
1780322800.993028,496,open
1780322801.013369,511,open
1780322801.033405,488,open
1780322801.054457,501,open
1780322801.074194,488,open
1780322801.095462,502,open
1780322801.116045,514,open
1780322801.136404,507,open
1780322801.156593,522,open
1780322801.176596,513,open
1780322801.194056,518,open
1780322801.213182,514,open
1780322801.234482,497,open
1780322801.254191,475,open
1780322801.275487,500,open
1780322801.296070,501,open
1780322801.316492,504,open
1780322801.336604,495,open
1780322801.353182,508,open
1780322801.374081,522,open
1780322801.394504,503,open
1780322801.415087,507,open
1780322801.435510,516,open
1780322801.456092,501,open
1780322801.476592,474,open
1780322801.496747,501,open
1780322801.517110,498,open
1780322801.533523,509,open
1780322801.554171,500,open
1780322801.574529,501,open
1780322801.595111,496,open
1780322801.615535,490,open
1780322801.636117,497,open
1780322801.656592,471,open
1780322801.676595,456,open
1780322801.693545,461,open
1780322801.714128,425,open
1780322801.734155,437,open
1780322801.754946,432,open
1780322801.775556,446,open
1780322801.796139,459,open
1780322801.816142,449,open
1780322801.837145,497,open
1780322801.856544,475,open
1780322801.873570,481,open
1780322801.894152,503,open
1780322801.914421,501,open
1780322801.935158,514,open
1780322801.955581,533,open
1780322801.976014,545,open
1780322801.996596,556,open
1780322802.017204,578,open
1780322802.037584,550,open
1780322802.057484,537,open
1780322802.078490,528,open
1780322802.094493,523,open
1780322802.114498,498,open
1780322802.135502,506,open
1780322802.156010,525,open
1780322802.176015,508,open
1780322802.197020,534,open
1780322802.217025,536,open
1780322802.237575,534,open
1780322802.254085,546,open
1780322802.275090,512,open
1780322802.295094,498,open
1780322802.316098,512,open
1780322802.336103,512,open
1780322802.357110,482,open
1780322802.377115,511,open
1780322802.398119,497,open
1780322802.418124,503,open
1780322802.435128,506,open
1780322802.455135,499,open
1780322802.475139,522,open
1780322802.496143,511,open
1780322802.516148,518,open
1780322802.537153,503,open
1780322802.557160,495,open
1780322802.578166,476,open
1780322802.594287,500,open
1780322802.614451,505,open
1780322802.635455,512,open
1780322802.655463,509,open
1780322802.676467,489,open
1780322802.696472,467,open
1780322802.717476,482,open
1780322802.737481,459,open
1780322802.757488,460,open
1780322802.774492,454,open
1780322802.794497,463,open
1780322802.815501,474,open
1780322802.835506,476,open
1780322802.856062,501,open
1780322802.877067,492,open
1780322802.897071,464,open
1780322802.918077,505,open
1780322802.934079,488,open
1780322802.955084,481,open
1780322802.975089,487,open
1780322802.996093,489,open
1780322803.016098,503,open
1780322803.037102,500,open
1780322803.057107,495,open
1780322803.078112,513,open
1780322803.098116,497,open
1780322803.118121,530,open
1780322803.139125,500,open
1780322803.155129,508,open
1780322803.176133,512,open
1780322803.196138,488,open
1780322803.217142,488,open
1780322803.237734,478,open
1780322803.257740,473,open
1780322803.278746,474,open
1780322803.298750,482,open
1780322803.319754,487,open
1780322803.335758,512,open
1780322803.355766,516,open
1780322803.376770,499,open
1780322803.396775,506,open
1780322803.417780,501,open
1780322803.437784,494,open
1780322803.458792,491,open
1780322803.478796,483,open
1780322803.495800,492,open
1780322803.515804,478,open
1780322803.536809,494,open
1780322803.556813,501,open
1780322803.577818,498,open
1780322803.597823,503,open
1780322803.618827,519,open
1780322803.638832,490,open
1780322803.659840,523,open
1780322803.675843,482,open
1780322803.695848,500,open
1780322803.716853,482,open
1780322803.736857,488,open
1780322803.757696,499,open
1780322803.777700,499,open
1780322803.798705,494,open
1780322803.818710,473,open
1780322803.835713,487,open
1780322803.856224,474,open
1780322803.876228,491,open
1780322803.897233,502,open
1780322803.917237,515,open
1780322803.938242,499,open
1780322803.958250,534,open
1780322803.978803,526,open
1780322803.998807,507,open
1780322804.019812,499,open
1780322804.039816,494,open
1780322804.056327,494,open
1780322804.077331,485,open
1780322804.097336,477,open
1780322804.118340,472,open
1780322804.138345,495,open
1780322804.159348,504,open
1780322804.179353,530,open
1780322804.199590,513,open
1780322804.216593,521,open
1780322804.237475,492,open
1780322804.257171,485,open
1780322804.277919,488,open
1780322804.297910,464,open
1780322804.319486,478,open
1780322804.339047,479,open
1780322804.359054,487,open
1780322804.380059,522,open
1780322804.396593,520,open
1780322804.417172,539,open
1780322804.437818,523,open
1780322804.458172,520,open
1780322804.478333,502,open
1780322804.499511,495,open
1780322804.519934,490,open
1780322804.540517,484,open
1780322804.555702,481,open
1780322804.577593,491,open
1780322804.597525,505,open
1780322804.618170,515,open
1780322804.638170,519,open
1780322804.658171,501,open
1780322804.679178,512,open
1780322804.699959,492,open
1780322804.720541,488,open
1780322804.736964,494,open
1780322804.757546,473,open
1780322804.777597,493,open
1780322804.797919,501,open
1780322804.818398,499,open
1780322804.839591,489,open
1780322804.859981,504,open
1780322804.880342,502,open
1780322804.900985,493,open
1780322804.921567,483,open
1780322804.941570,519,open
1780322804.958042,481,open
1780322804.978592,484,open
1780322804.998171,507,open
1780322805.019583,497,open
1780322805.040006,500,open
1780322805.060589,496,open
1780322805.080592,499,open
1780322805.101593,512,open
1780322805.117769,494,open
1780322805.138179,493,open
1780322805.158369,479,open
1780322805.179605,483,open
1780322805.200028,482,open
1780322805.220610,474,open
1780322805.240613,495,open
1780322805.261616,496,open
1780322805.281619,511,open
1780322805.297769,491,open
1780322805.318181,478,open
1780322805.338182,484,open
1780322805.359609,499,open
1780322805.379589,479,open
1780322805.400635,497,open
1780322805.421059,474,open
1780322805.441641,505,open
1780322805.457172,486,open
1780322805.478170,522,open
1780322805.498397,520,open
1780322805.519652,476,open
1780322805.539654,468,open
1780322805.560657,470,open
1780322805.580610,482,open
1780322805.601083,466,open
1780322805.621666,475,open
1780322805.638182,498,open
1780322805.658623,535,open
1780322805.678593,487,open
1780322805.699677,546,open
1780322805.720100,510,open
1780322805.740682,500,open
1780322805.761105,508,open
1780322805.781795,515,open
1780322805.802010,496,open
1780322805.822691,489,open
1780322805.838368,516,open
1780322805.859119,473,open
1780322805.879171,517,open
1780322805.900124,507,open
1780322805.920707,493,open
1780322805.941130,486,open
1780322805.961713,486,open
1780322805.982135,511,open
1780322806.002718,533,open
1780322806.019182,487,open
1780322806.039723,483,open
1780322806.060147,486,open
1780322806.080715,561,open
1780322806.100453,512,open
1780322806.121735,498,open
1780322806.142158,485,open
1780322806.162751,483,open
1780322806.178180,485,open
1780322806.199192,521,open
1780322806.219748,491,open
1780322806.240181,515,open
1780322806.260754,508,open
1780322806.281177,511,open
1780322806.301759,484,open
1780322806.322183,517,open
1780322806.342765,502,open
1780322806.358356,494,open
1780322806.379798,487,open
1780322806.400193,475,open
1780322806.420776,491,open
1780322806.440788,497,open
1780322806.461782,477,open
1780322806.481785,500,open
1780322806.502788,469,open
1780322806.522790,470,open
1780322806.538594,416,open
1780322806.559795,418,open
1780322806.580044,431,open
1780322806.600801,422,open
1780322806.621224,436,open
1780322806.641806,424,open
1780322806.662185,476,open
1780322806.682886,466,open
1780322806.703240,499,open
1780322806.723815,519,open
1780322806.739820,527,open
1780322806.760823,528,open
1780322806.780611,514,open
1780322806.801828,520,open
1780322806.821831,539,open
1780322806.842254,530,open
1780322806.862837,514,open
1780322806.882385,513,open
1780322806.903393,510,open
1780322806.920265,523,open
1780322806.940848,514,open
1780322806.961271,511,open
1780322806.981190,515,open
1780322807.002276,518,open
1780322807.022859,511,open
1780322807.043338,532,open
1780322807.063864,531,open
1780322807.079585,517,open
1780322807.100290,517,open
1780322807.120198,512,open
1780322807.141405,522,open
1780322807.161878,510,open
1780322807.182301,515,open
1780322807.203149,520,open
1780322807.223306,491,open
1780322807.243841,511,open
1780322807.260194,500,open
1780322807.280895,514,open
1780322807.301317,520,open
1780322807.321175,468,open
1780322807.342323,488,open
1780322807.362906,506,open
1780322807.383206,481,open
1780322807.403911,513,open
1780322807.419914,515,open
1780322807.440337,517,open
1780322807.460919,515,open
1780322807.480633,510,open
1780322807.501925,522,open
1780322807.522174,512,open
1780322807.542931,491,open
1780322807.563353,519,open
1780322807.583184,506,open
1780322807.604357,491,open
1780322807.624939,519,open
1780322807.641364,487,open
1780322807.661947,479,open
1780322807.681949,494,open
1780322807.702952,522,open
1780322807.722955,493,open
1780322807.743958,487,open
1780322807.763143,496,open
1780322807.784147,519,open
1780322807.804150,517,open
1780322807.821154,493,open
1780322807.841971,502,open
1780322807.862395,501,open
1780322807.882977,516,open
1780322807.903400,491,open
1780322807.923983,497,open
1780322807.944406,507,open
1780322807.964989,526,open
1780322807.980193,494,open
1780322808.001993,534,open
1780322808.021997,515,open
1780322808.042419,526,open
1780322808.063002,495,open
1780322808.083425,499,open
1780322808.104007,499,open
1780322808.124431,484,open
1780322808.145013,504,open
1780322808.161287,502,open
1780322808.181193,508,open
1780322808.202441,505,open
1780322808.223024,518,open
1780322808.243447,503,open
1780322808.263362,522,open
1780322808.284453,488,open
1780322808.305036,498,open
1780322808.321038,495,open
1780322808.341461,519,open
1780322808.362043,505,open
1780322808.382467,506,open
1780322808.403049,491,open
1780322808.423472,526,open
1780322808.444055,496,open
1780322808.464478,512,open
1780322808.485060,496,open
1780322808.501483,508,open
1780322808.526069,494,open
1780322808.542597,503,open
1780322808.562601,505,open
1780322808.582605,501,open
1780322808.603610,500,open
1780322808.623615,497,open
1780322808.645082,485,open
1780322808.665083,511,open
1780322808.686087,509,open
1780322808.702090,510,open
1780322808.722513,521,open
1780322808.743170,509,open
1780322808.763357,516,open
1780322808.784101,516,open
1780322808.804525,525,open
1780322808.825107,524,open
1780322808.845530,524,open
1780322808.866113,487,open
1780322808.881661,522,open
1780322808.903170,514,open
1780322808.923120,526,open
1780322808.944123,501,open
1780322808.963605,513,open
1780322808.985129,519,open
1780322809.005172,499,open
1780322809.025555,500,open
1780322809.042137,489,open
1780322809.062560,509,open
1780322809.082364,501,open
1780322809.103375,495,open
1780322809.124148,499,open
1780322809.144571,509,open
1780322809.165173,504,open
1780322809.185544,506,open
1780322809.205510,501,open
1780322809.222162,505,open
1780322809.242403,518,open
1780322809.263170,515,open
1780322809.283594,547,open
1780322809.304173,509,open
1780322809.324596,510,open
1780322809.345179,505,open
1780322809.365355,516,open
1780322809.382172,504,open
1780322809.402607,502,open
1780322809.423190,502,open
1780322809.443613,499,open
1780322809.464195,508,open
1780322809.484618,501,open
1780322809.504597,514,open
1780322809.525624,489,open
1780322809.546207,510,open
1780322809.566207,526,open
1780322809.586589,506,open
1780322809.603340,510,open
1780322809.623637,516,open
1780322809.644220,510,open
1780322809.664643,508,open
1780322809.685225,514,open
1780322809.705771,521,open
1780322809.726232,510,open
1780322809.746654,516,open
1780322809.767237,506,open
1780322809.783659,499,open
1780322809.804242,512,open
1780322809.824665,507,open
1780322809.845248,493,open
1780322809.865251,492,open
1780322809.886253,519,open
1780322809.905673,495,open
1780322809.926604,503,open
1780322809.943187,507,open
1780322809.963684,492,open
1780322809.984267,523,open
1780322810.004690,507,open
1780322810.025272,517,open
1780322810.045696,501,open
1780322810.066278,517,open
1780322810.086214,499,open
1780322810.107284,515,open
1780322810.123707,515,open
1780322810.144289,477,open
1780322810.164292,508,open
1780322810.185294,518,open
1780322810.205234,503,open
1780322810.225720,525,open
1780322810.246303,512,open
1780322810.266761,516,open
1780322810.283308,515,open
1780322810.303705,514,open
1780322810.324314,500,open
1780322810.344737,499,open
1780322810.365319,505,open
1780322810.385743,544,open
1780322810.406325,535,open
1780322810.426172,495,open
1780322810.447330,533,open
1780322810.467584,518,open
1780322810.488241,528,open
1780322810.504338,508,open
1780322810.524762,519,open
1780322810.545344,507,open
1780322810.565768,521,open
1780322810.586254,527,open
1780322810.606595,506,open
1780322810.627355,503,open
1780322810.647763,503,open
1780322810.664361,501,open
1780322810.684784,488,open
1780322810.705366,505,open
1780322810.725790,507,open
1780322810.746372,520,open
1780322810.766795,520,open
1780322810.787269,518,open
1780322810.806595,522,open
1780322810.827583,508,open
1780322810.844385,515,open
1780322810.864809,506,open
1780322810.885216,516,open
1780322810.905573,507,open
1780322810.926396,505,open
1780322810.946671,529,open
1780322810.966577,505,open
1780322810.987175,527,open
1780322811.008183,529,open
1780322811.024831,513,open
1780322811.045413,547,open
1780322811.065836,520,open
1780322811.086418,519,open
1780322811.106421,519,open
1780322811.127358,527,open
1780322811.147427,503,open
1780322811.167762,504,open
1780322811.184432,508,open
1780322811.204855,508,open
1780322811.225437,527,open
1780322811.245861,517,open
1780322811.266443,526,open
1780322811.286866,523,open
1780322811.306596,526,open
1780322811.327762,512,open
1780322811.348170,537,open
1780322811.368587,518,open
1780322811.389458,511,open
1780322811.405463,531,open
1780322811.426466,522,open
1780322811.446584,504,open
1780322811.466891,517,open
1780322811.487474,507,open
1780322811.507859,508,open
1780322811.528483,504,open
1780322811.548170,528,open
1780322811.565485,509,open
1780322811.585908,521,open
1780322811.606176,520,open
1780322811.626584,507,open
1780322811.647496,512,open
1780322811.667336,542,open
1780322811.688584,504,open
1780322811.708170,531,open
1780322811.729585,506,open
1780322811.745509,513,open
1780322811.765933,508,open
1780322811.786595,521,open
1780322811.806942,515,open
1780322811.827521,499,open
1780322811.847761,528,open
1780322811.868170,529,open
1780322811.888607,518,open
1780322811.905532,511,open
1780322811.925955,491,open
1780322811.946205,515,open
1780322811.966960,532,open
1780322811.987429,523,open
1780322812.007614,539,open
1780322812.028586,533,open
1780322812.048171,544,open
1780322812.069170,551,open
1780322812.085556,528,open
1780322812.105979,517,open
1780322812.126582,516,open
1780322812.146583,503,open
1780322812.167584,518,open
1780322812.187583,518,open
1780322812.208181,522,open
1780322812.228180,509,open
1780322812.249576,517,open
1780322812.269999,548,open
1780322812.290581,538,open
1780322812.306593,537,open
1780322812.327589,540,open
1780322812.347592,533,open
1780322812.368183,540,open
1780322812.388179,540,open
1780322812.408180,529,open
1780322812.429602,512,open
1780322812.449190,506,open
1780322812.466671,513,open
1780322812.487031,518,open
1780322812.507614,509,open
1780322812.527761,530,open
1780322812.548170,533,open
1780322812.568200,516,open
1780322812.589626,536,open
1780322812.609586,525,open
1780322812.630603,519,open
1780322812.646634,498,open
1780322812.667347,517,open
1780322812.687584,492,open
1780322812.707613,503,open
1780322812.728184,522,open
1780322812.748184,520,open
1780322812.769650,530,open
1780322812.790074,539,open
1780322812.806629,541,open
1780322812.827079,529,open
1780322812.847662,535,open
1780322812.868170,527,open
1780322812.888184,494,open
1780322812.908585,506,open
1780322812.929672,493,open
1780322812.950172,501,open
1780322812.970386,508,open
1780322812.986592,519,open
1780322813.007103,525,open
1780322813.027582,523,open
1780322813.048171,555,open
1780322813.068170,537,open
1780322813.088732,527,open
1780322813.109697,532,open
1780322813.129583,528,open
1780322813.150700,520,open
1780322813.171123,512,open
1780322813.187708,512,open
1780322813.208181,513,open
1780322813.228180,519,open
1780322813.249170,540,open
1780322813.269719,545,open
1780322813.289620,559,open
1780322813.310724,526,open
1780322813.330585,533,open
1780322813.351181,523,open
1780322813.367733,527,open
1780322813.387354,506,open
1780322813.408587,507,open
1780322813.428581,496,open
1780322813.449176,495,open
1780322813.470167,512,open
1780322813.490750,551,open
1780322813.511173,527,open
1780322813.527537,550,open
1780322813.548170,563,open
1780322813.568175,519,open
1780322813.588700,549,open
1780322813.609766,524,open
1780322813.629769,518,open
1780322813.650190,507,open
1780322813.670774,516,open
1780322813.691198,510,open
1780322813.707582,509,open
1780322813.728174,521,open
1780322813.748171,545,open
1780322813.769208,524,open
1780322813.789122,532,open
1780322813.810214,533,open
1780322813.830584,521,open
1780322813.851214,513,open
1780322813.867316,514,open
1780322813.887348,516,open
1780322813.908182,492,open
1780322813.928601,512,open
1780322813.949191,524,open
1780322813.969816,526,open
1780322813.990239,503,open
1780322814.010821,524,open
1780322814.030619,549,open
1780322814.047759,529,open
1780322814.068314,547,open
1780322814.088582,531,open
1780322814.109255,552,open
1780322814.129581,499,open
1780322814.150172,516,open
1780322814.170843,511,open
1780322814.191267,504,open
1780322814.211849,511,open
1780322814.231851,511,open
1780322814.252853,513,open
1780322814.268579,510,open
1780322814.289280,547,open
1780322814.309863,528,open
1780322814.330286,534,open
1780322814.350171,526,open
1780322814.371291,520,open
1780322814.391874,519,open
1780322814.412297,503,open
1780322814.428170,513,open
1780322814.449172,520,open
1780322814.469885,506,open
1780322814.490308,515,open
1780322814.510890,537,open
1780322814.530583,531,open
1780322814.551896,533,open
1780322814.571899,529,open
1780322814.592322,544,open
1780322814.608171,518,open
1780322814.629038,502,open
1780322814.649910,512,open
1780322814.670332,518,open
1780322814.690915,490,open
1780322814.711338,531,open
1780322814.731984,522,open
1780322814.752344,536,open
1780322814.768170,519,open
1780322814.788583,537,open
1780322814.809932,542,open
1780322814.829934,527,open
1780322814.850173,521,open
1780322814.870940,531,open
1780322814.891363,521,open
1780322814.911946,492,open
1780322814.932172,512,open
1780322814.948170,530,open
1780322814.969374,499,open
1780322814.989956,506,open
1780322815.010380,540,open
1780322815.030582,536,open
1780322815.051385,525,open
1780322815.071968,520,open
1780322815.092391,537,open
1780322815.112971,509,open
1780322815.133394,505,open
1780322815.149170,510,open
1780322815.169981,496,open
1780322815.190404,512,open
1780322815.210987,532,open
1780322815.230758,533,open
1780322815.251992,533,open
1780322815.272415,524,open
1780322815.292777,511,open
1780322815.313452,529,open
1780322815.329767,504,open
1780322815.350426,516,open
1780322815.371009,520,open
1780322815.391432,529,open
1780322815.412014,535,open
1780322815.432163,537,open
1780322815.453020,561,open
1780322815.473023,547,open
1780322815.494025,523,open
1780322815.510028,535,open
1780322815.529963,528,open
1780322815.551033,509,open
1780322815.571456,506,open
1780322815.592039,503,open
1780322815.612462,510,open
1780322815.632233,534,open
1780322815.653181,514,open
1780322815.670050,532,open
1780322815.690473,528,open
1780322815.711055,530,open
1780322815.730614,525,open
1780322815.752061,508,open
1780322815.772064,508,open
1780322815.793067,504,open
1780322815.813070,500,open
1780322815.833183,518,open
1780322815.850171,535,open
1780322815.870498,532,open
1780322815.891080,542,open
1780322815.911175,530,open
1780322815.932086,549,open
1780322815.952351,544,open
1780322815.973170,541,open
1780322815.993515,530,open
1780322816.014096,499,open
1780322816.034518,492,open
1780322816.051091,524,open
1780322816.071105,498,open
1780322816.092108,509,open
1780322816.112111,500,open
1780322816.132221,516,open
1780322816.153184,547,open
1780322816.173540,535,open
1780322816.194126,521,open
1780322816.214545,513,open
1780322816.230582,521,open
1780322816.251550,496,open
1780322816.272251,501,open
1780322816.292556,500,open
1780322816.313180,506,open
1780322816.333192,515,open
1780322816.354193,528,open
1780322816.374567,543,open
1780322816.390569,558,open
1780322816.411152,535,open
1780322816.431605,555,open
1780322816.452158,506,open
1780322816.472139,496,open
1780322816.493181,476,open
1780322816.513587,483,open
1780322816.534174,491,open
1780322816.554172,506,open
1780322816.571174,516,open
1780322816.591597,550,open
1780322816.612180,534,open
1780322816.632597,535,open
1780322816.653180,526,open
1780322816.673608,515,open
1780322816.694191,500,open
1780322816.714194,496,open
1780322816.730579,489,open
1780322816.751199,485,open
1780322816.771622,506,open
1780322816.792205,518,open
1780322816.812628,517,open
1780322816.833210,513,open
1780322816.853181,536,open
1780322816.874216,525,open
1780322816.894639,524,open
1780322816.915219,519,open
1780322816.935643,507,open
1780322816.952227,518,open
1780322816.972239,511,open
1780322816.993185,527,open
1780322817.013235,505,open
1780322817.034238,514,open
1780322817.054240,529,open
1780322817.074662,500,open
1780322817.095246,501,open
1780322817.115173,507,open
1780322817.132092,490,open
1780322817.152674,503,open
1780322817.173178,507,open
1780322817.193680,534,open
1780322817.214262,553,open
1780322817.234750,516,open
1780322817.255171,525,open
1780322817.275692,537,open
1780322817.292273,530,open
1780322817.312223,492,open
1780322817.332248,496,open
1780322817.353170,486,open
1780322817.373182,495,open
1780322817.393954,538,open
1780322817.414711,516,open
1780322817.435293,541,open
1780322817.455716,535,open
1780322817.472298,523,open
1780322817.492721,521,open
1780322817.513278,520,open
1780322817.533163,482,open
1780322817.554171,488,open
1780322817.574733,479,open
1780322817.594881,504,open
1780322817.615738,498,open
1780322817.631281,541,open
1780322817.652323,550,open
1780322817.672746,527,open
1780322817.693328,534,open
1780322817.713752,543,open
1780322817.734171,524,open
1780322817.754194,508,open
1780322817.775340,484,open
1780322817.795763,495,open
1780322817.816343,488,open
1780322817.836766,505,open
1780322817.853187,511,open
1780322817.873172,521,open
1780322817.894356,562,open
1780322817.914369,531,open
1780322817.935362,532,open
1780322817.955173,503,open
1780322817.976366,511,open
1780322817.995581,488,open
1780322818.012793,511,open
1780322818.033375,475,open
1780322818.053170,514,open
1780322818.074171,518,open
1780322818.094778,548,open
1780322818.115387,552,open
1780322818.135810,544,open
1780322818.155589,531,open
1780322818.176576,501,open
1780322818.193397,500,open
1780322818.213181,468,open
1780322818.234403,478,open
1780322818.254195,500,open
1780322818.274869,529,open
1780322818.295411,510,open
1780322818.315835,522,open
1780322818.336417,532,open
1780322818.352840,530,open
1780322818.373213,529,open
1780322818.393846,514,open
1780322818.414273,479,open
1780322818.434851,483,open
1780322818.455433,500,open
1780322818.475857,508,open
1780322818.496439,509,open
1780322818.516863,527,open
1780322818.533445,552,open
1780322818.553180,524,open
1780322818.573173,529,open
1780322818.594452,508,open
1780322818.614876,504,open
1780322818.635458,496,open
1780322818.655635,495,open
1780322818.676464,503,open
1780322818.696887,496,open
1780322818.717467,511,open
1780322818.737754,499,open
1780322818.754475,518,open
1780322818.774898,518,open
1780322818.795480,529,open
1780322818.815905,509,open
1780322818.836394,494,open
1780322818.856580,503,open
1780322818.877491,502,open
1780322818.897497,495,open
1780322818.913917,518,open
1780322818.934500,520,open
1780322818.954923,534,open
1780322818.975305,529,open
1780322818.995929,523,open
1780322819.016574,536,open
1780322819.037052,525,open
1780322819.057583,506,open
1780322819.077754,507,open
1780322819.094522,490,open
1780322819.114945,517,open
1780322819.135528,505,open
1780322819.155951,506,open
1780322819.176192,521,open
1780322819.196582,520,open
1780322819.217539,499,open
1780322819.236766,512,open
1780322819.253182,489,open
1780322819.274196,502,open
1780322819.294969,528,open
1780322819.315380,496,open
1780322819.335975,499,open
1780322819.356601,510,open
1780322819.376981,516,open
1780322819.397563,509,open
1780322819.417753,510,open
1780322819.434568,529,open
1780322819.454215,522,open
1780322819.475574,506,open
1780322819.495577,492,open
1780322819.516001,490,open
1780322819.536574,499,open
1780322819.556578,501,open
1780322819.577576,506,open
1780322819.593171,512,open
1780322819.614594,515,open
1780322819.635016,502,open
1780322819.655240,506,open
1780322889.222182,481,open
1780322889.242605,487,open
1780322889.262523,502,open
1780322889.279130,511,open
1780322889.300193,510,open
1780322889.320195,502,open
1780322889.340618,478,open
1780322889.361201,498,open
1780322889.381624,494,open
1780322889.402207,491,open
1780322889.422630,466,open
1780322889.442361,500,open
1780322889.463131,493,open
1780322889.484218,502,open
1780322889.504638,514,open
1780322889.525221,496,open
1780322889.541646,489,open
1780322889.562228,485,open
1780322889.582652,530,open
1780322889.603234,517,open
1780322889.623348,511,open
1780322889.644240,509,open
1780322889.664243,529,open
1780322889.684666,532,open
1780322889.704355,509,open
1780322889.725616,504,open
1780322889.746176,519,open
1780322889.762179,481,open
1780322889.782357,503,open
1780322889.803682,496,open
1780322889.824265,489,open
1780322889.844688,479,open
1780322889.865270,500,open
1780322889.885694,526,open
1780322889.905543,511,open
1780322889.922278,505,open
1780322889.943344,511,open
1780322889.963170,507,open
1780322889.983707,506,open
1780322890.004289,513,open
1780322890.024713,512,open
1780322890.045195,520,open
1780322890.065718,493,open
1780322890.086301,516,open
1780322890.102723,511,open
1780322890.123306,516,open
1780322890.143755,504,open
1780322890.164311,500,open
1780322890.184735,487,open
1780322890.205083,505,open
1780322890.225543,499,open
1780322890.245955,509,open
1780322890.261517,511,open
1780322890.282705,507,open
1780322890.303380,490,open
1780322890.323753,529,open
1780322890.344336,505,open
1780322890.364759,512,open
1780322890.385231,499,open
1780322890.405765,504,open
1780322890.426347,512,open
1780322890.446439,497,open
1780322890.467402,502,open
1780322890.483852,502,open
1780322890.504275,527,open
1780322890.524674,505,open
1780322890.545022,503,open
1780322890.565244,504,open
1780322890.586210,483,open
1780322890.606371,499,open
1780322890.626494,524,open
1780322890.647346,512,open
1780322890.662932,515,open
1780322890.684383,521,open
1780322890.704806,542,open
1780322890.725388,515,open
1780322890.745812,533,open
1780322890.766394,518,open
1780322890.786046,504,open
1780322890.806499,497,open
1780322890.823170,500,open
1780322890.844405,507,open
1780322890.864408,498,open
1780322890.885411,510,open
1780322890.905498,503,open
1780322890.925837,496,open
1780322890.946504,499,open
1780322890.966843,527,open
1780322890.987265,493,open
1780322891.003847,506,open
1780322891.024430,509,open
1780322891.044853,501,open
1780322891.065435,504,open
1780322891.085859,517,open
1780322891.105669,505,open
1780322891.126489,506,open
1780322891.147447,500,open
1780322891.163449,523,open
1780322891.184452,530,open
1780322891.204574,507,open
1780322891.224878,497,open
1780322891.245460,518,open
1780322891.265884,494,open
1780322891.286440,498,open
1780322891.306653,489,open
1780322891.326681,508,open
1780322891.347673,525,open
1780322891.368170,508,open
1780322891.384900,526,open
1780322891.405351,515,open
1780322891.425906,487,open
1780322891.445944,515,open
1780322891.466672,521,open
1780322891.487494,514,open
1780322891.507493,508,open
1780322891.528171,519,open
1780322891.544384,496,open
1780322891.564925,504,open
1780322891.585508,498,open
1780322891.605560,517,open
1780322891.626513,497,open
1780322891.646936,514,open
1780322891.667518,511,open
1780322891.687670,528,open
1780322891.708182,526,open
1780322891.724947,510,open
1780322891.745529,551,open
1780322891.765952,531,open
1780322891.786492,522,open
1780322891.806529,504,open
1780322891.827540,516,open
1780322891.847543,520,open
1780322891.867673,476,open
1780322891.884548,482,open
1780322891.904972,448,open
1780322891.925554,461,open
1780322891.945940,443,open
1780322891.966560,428,open
1780322891.986983,450,open
1780322892.007499,483,open
1780322892.027176,503,open
1780322892.048499,543,open
1780322892.064994,555,open
1780322892.085577,571,open
1780322892.105579,569,open
1780322892.126408,559,open
1780322892.145938,570,open
1780322892.167008,554,open
1780322892.187590,534,open
1780322892.207499,543,open
1780322892.224595,523,open
1780322892.248174,548,open
1780322892.269598,527,open
1780322892.285572,550,open
1780322892.306500,526,open
1780322892.326497,532,open
1780322892.347612,527,open
1780322892.367672,517,open
1780322892.388179,516,open
1780322892.408518,522,open
1780322892.429622,509,open
1780322892.445626,500,open
1780322892.466049,534,open
1780322892.486671,506,open
1780322892.507055,513,open
1780322892.527637,524,open
1780322892.547498,530,open
1780322892.568172,538,open
1780322892.589172,523,open
1780322892.609329,528,open
1780322892.626071,522,open
1780322892.646671,538,open
1780322892.666498,519,open
1780322892.687495,532,open
1780322892.707501,508,open
1780322892.728180,512,open
1780322892.748182,506,open
1780322892.769670,508,open
1780322892.785673,497,open
1780322892.806097,518,open
1780322892.826697,508,open
1780322892.847102,529,open
1780322892.867672,519,open
1780322892.888185,550,open
1780322892.908185,520,open
1780322892.929200,536,open
1780322892.949696,523,open
1780322892.966118,519,open
1780322892.986700,554,open
1780322893.006536,530,open
1780322893.027690,527,open
1780322893.047671,517,open
1780322893.068181,538,open
1780322893.088337,550,open
1780322893.108336,502,open
1780322893.125719,509,open
1780322893.145554,506,open
1780322893.166725,485,open
1780322893.186495,516,open
1780322893.207600,510,open
1780322893.227671,530,open
1780322893.248555,508,open
1780322893.268681,514,open
1780322893.289742,535,open
1780322893.310163,535,open
1780322893.330746,528,open
1780322893.346750,540,open
1780322893.367671,547,open
1780322893.387761,535,open
1780322893.407466,525,open
1780322893.428182,524,open
1780322893.449172,525,open
1780322893.469766,527,open
1780322893.490190,532,open
1780322893.506173,511,open
1780322893.527195,543,open
1780322893.547671,530,open
1780322893.567671,508,open
1780322893.588342,510,open
1780322893.608342,508,open
1780322893.629789,521,open
1780322893.650212,504,open
1780322893.670794,509,open
1780322893.686797,505,open
1780322893.707220,515,open
1780322893.727671,522,open
1780322893.747670,509,open
1780322893.768559,519,open
1780322893.789231,550,open
1780322893.809813,537,open
1780322893.829493,544,open
1780322893.850819,524,open
1780322893.867242,526,open
1780322893.887670,520,open
1780322893.907570,527,open
1780322893.928182,530,open
1780322893.949253,527,open
1780322893.969496,546,open
1780322893.989838,526,open
1780322894.010841,523,open
1780322894.026784,528,open
1780322894.047267,526,open
1780322894.067899,540,open
1780322894.088342,534,open
1780322894.108510,529,open
1780322894.129349,521,open
1780322894.149860,518,open
1780322894.169872,524,open
1780322894.190866,521,open
1780322894.211006,512,open
1780322894.231915,499,open
1780322894.248172,511,open
1780322894.268431,548,open
1780322894.288359,531,open
1780322894.309882,514,open
1780322894.329507,521,open
1780322894.350308,540,open
1780322894.370890,504,open
1780322894.391313,511,open
1780322894.407632,536,open
1780322894.428179,512,open
1780322894.448203,511,open
1780322894.469419,514,open
1780322894.489586,523,open
1780322894.510330,523,open
1780322894.530913,528,open
1780322894.551336,522,open
1780322894.571918,506,open
1780322894.587518,505,open
1780322894.608497,514,open
1780322894.628492,511,open
1780322894.648491,518,open
1780322894.669932,525,open
1780322894.690355,512,open
1780322894.710938,516,open
1780322894.730492,517,open
1780322894.747669,522,open
1780322894.768254,509,open
1780322894.788182,494,open
1780322894.808518,524,open
1780322894.829191,506,open
1780322894.850377,524,open
1780322894.870960,518,open
1780322894.891383,510,open
1780322894.911483,506,open
1780322894.927487,519,open
1780322894.948170,499,open
1780322894.968493,518,open
1780322894.988490,535,open
1780322895.009831,540,open
1780322895.030402,525,open
1780322895.050984,523,open
1780322895.071408,528,open
1780322895.091988,521,open
1780322895.112411,527,open
1780322895.132508,515,open
1780322895.149490,527,open
1780322895.170002,522,open
1780322895.189571,528,open
1780322895.210577,525,open
1780322895.230489,515,open
1780322895.251356,531,open
1780322895.272014,533,open
1780322895.292438,518,open
1780322895.308674,510,open
1780322895.328675,520,open
1780322895.350026,513,open
1780322895.370449,522,open
1780322895.391031,527,open
1780322895.411097,514,open
1780322895.432037,525,open
1780322895.452432,526,open
1780322895.473043,522,open
1780322895.488183,530,open
1780322895.510048,510,open
1780322895.530051,512,open
1780322895.551054,509,open
1780322895.571056,536,open
1780322895.591479,516,open
1780322895.612062,519,open
1780322895.632493,507,open
1780322895.648492,509,open
1780322895.668697,524,open
1780322895.690073,496,open
1780322895.710496,547,open
1780322895.730359,524,open
1780322895.751502,528,open
1780322895.772084,518,open
1780322895.792534,539,open
1780322895.812571,522,open
1780322895.828370,531,open
1780322895.849515,558,open
1780322895.869497,537,open
1780322895.890521,543,open
1780322895.911103,525,open
1780322895.931526,530,open
1780322895.952109,513,open
1780322895.972532,518,open
1780322895.993112,520,open
1780322896.013535,509,open
1780322896.029555,513,open
1780322896.050543,532,open
1780322896.071125,515,open
1780322896.091548,525,open
1780322896.112131,525,open
1780322896.132238,510,open
1780322896.153170,533,open
1780322896.173170,508,open
1780322896.194141,513,open
1780322896.210144,517,open
1780322896.229926,537,open
1780322896.251150,527,open
1780322896.271573,526,open
1780322896.292156,526,open
1780322896.312567,534,open
1780322896.332356,526,open
1780322896.353363,525,open
1780322896.370166,519,open
1780322896.390589,535,open
1780322896.411172,524,open
1780322896.430629,509,open
1780322896.452178,506,open
1780322896.472180,503,open
1780322896.493184,517,open
1780322896.513182,515,open
1780322896.533609,509,open
1780322896.550192,525,open
1780322896.570615,515,open
1780322896.591197,526,open
1780322896.611620,517,open
1780322896.631847,512,open
1780322896.652626,528,open
1780322896.673208,519,open
1780322896.693631,531,open
1780322896.710213,513,open
1780322896.730176,509,open
1780322896.751219,507,open
1780322896.771275,526,open
1780322896.792224,524,open
1780322896.812227,508,open
1780322896.832504,535,open
1780322896.853357,529,open
1780322896.873656,517,open
1780322896.894236,531,open
1780322896.914172,516,open
1780322896.930500,521,open
1780322896.951666,521,open
1780322896.972249,520,open
1780322896.992672,518,open
1780322897.012560,522,open
1780322897.033678,525,open
1780322897.054360,508,open
1780322897.074682,531,open
1780322897.095265,509,open
1780322897.111269,520,open
1780322897.131693,509,open
1780322897.152274,511,open
1780322897.172697,510,open
1780322897.193280,525,open
1780322897.213703,529,open
1780322897.234285,541,open
1780322897.254709,535,open
1780322897.270920,545,open
1780322897.291713,516,open
1780322897.312296,525,open
1780322897.332521,527,open
1780322897.353181,510,open
1780322897.373725,524,open
1780322897.394307,500,open
1780322897.414310,521,open
1780322897.435313,507,open
1780322897.451315,536,open
1780322897.471739,507,open
1780322897.492321,547,open
1780322897.512556,505,open
1780322897.533328,537,open
1780322897.553172,521,open
1780322897.574332,530,open
1780322897.594756,516,open
1780322897.611337,516,open
1780322897.631761,528,open
1780322897.652343,533,open
1780322897.672346,536,open
1780322897.693348,523,open
1780322897.713346,519,open
1780322897.734354,523,open
1780322897.754360,524,open
1780322897.774780,525,open
1780322897.795360,522,open
1780322897.815783,520,open
1780322897.832368,513,open
1780322897.852791,510,open
1780322897.873336,507,open
1780322897.893797,501,open
1780322897.914379,533,open
1780322897.934530,498,open
1780322897.955383,521,open
1780322897.975806,498,open
1780322897.992390,520,open
1780322898.011962,511,open
1780322898.032518,518,open
1780322898.053181,521,open
1780322898.073171,529,open
1780322898.094404,539,open
1780322898.115026,527,open
1780322898.135501,515,open
1780322898.155832,515,open
1780322898.172414,518,open
1780322898.192838,524,open
1780322898.213212,519,open
1780322898.233843,499,open
1780322898.254359,521,open
1780322898.274908,538,open
1780322898.295431,516,open
1780322898.315517,526,open
1780322898.336291,506,open
1780322898.352439,510,open
1780322898.372863,520,open
1780322898.393445,528,open
1780322898.413572,512,open
1780322898.434451,511,open
1780322898.454874,516,open
1780322898.475456,523,open
1780322898.495865,516,open
1780322898.512461,510,open
1780322898.532634,517,open
1780322898.552716,532,open
1780322898.573966,546,open
1780322898.594472,559,open
1780322898.614485,538,open
1780322898.635478,524,open
1780322898.655638,542,open
1780322898.676136,498,open
1780322898.692486,512,open
1780322898.716907,498,open
1780322898.732955,514,open
1780322898.753341,537,open
1780322898.774497,509,open
1780322898.794516,548,open
1780322898.814951,519,open
1780322898.835956,520,open
1780322898.856310,513,open
1780322898.876485,515,open
1780322898.893514,491,open
1780322898.913495,525,open
1780322898.934519,491,open
1780322898.954171,514,open
1780322898.975525,521,open
1780322898.995486,544,open
1780322899.015951,539,open
1780322899.036489,526,open
1780322899.056491,541,open
1780322899.073539,524,open
1780322899.093962,494,open
1780322899.114171,498,open
1780322899.134967,501,open
1780322899.155550,504,open
1780322899.175973,516,open
1780322899.196483,523,open
1780322899.216483,543,open
1780322899.233623,541,open
1780322899.253345,503,open
1780322899.273986,519,open
1780322899.294569,516,open
1780322899.314377,499,open
1780322899.335575,506,open
1780322899.355998,490,open
1780322899.376581,524,open
1780322899.396484,521,open
1780322899.413585,517,open
1780322899.434009,512,open
1780322899.454592,507,open
1780322899.475014,495,open
1780322899.495597,494,open
1780322899.515566,500,open
1780322899.536661,501,open
1780322899.556500,508,open
1780322899.573028,512,open
1780322899.593611,528,open
1780322899.614033,513,open
1780322899.634616,526,open
1780322899.654392,505,open
1780322899.675622,474,open
1780322899.695662,486,open
1780322899.716575,496,open
1780322899.736484,487,open
1780322899.757491,510,open
1780322899.777664,513,open
1780322899.794638,549,open
1780322899.815061,518,open
1780322899.835644,513,open
1780322899.855172,497,open
1780322899.876485,505,open
1780322899.896652,493,open
1780322899.917581,508,open
1780322899.937657,500,open
1780322899.957522,495,open
1780322899.974663,506,open
1780322899.995086,512,open
1780322900.015170,504,open
1780322900.036091,510,open
1780322900.056494,505,open
1780322900.077097,500,open
1780322900.097663,508,open
1780322900.117439,530,open
1780322900.134351,493,open
1780322900.154195,520,open
1780322900.175690,514,open
1780322900.195693,513,open
1780322900.216146,494,open
1780322900.236733,490,open
1780322900.256494,503,open
1780322900.277543,527,open
1780322900.298180,498,open
1780322900.314709,501,open
1780322900.335133,530,open
1780322900.355688,503,open
1780322900.376174,495,open
1780322900.396721,509,open
1780322900.416695,495,open
1780322900.437428,508,open
1780322900.457949,496,open
1780322900.474370,511,open
1780322900.494488,498,open
1780322900.515157,492,open
1780322900.535371,509,open
1780322900.555683,538,open
1780322900.575953,515,open
1780322900.597146,505,open
1780322900.617599,489,open
1780322900.637484,499,open
1780322900.658484,509,open
1780322900.679178,497,open
1780322900.695762,511,open
1780322900.716185,512,open
1780322900.736768,511,open
1780322900.756483,486,open
1780322900.777483,522,open
1780322900.797663,516,open
1780322900.818172,504,open
1780322900.838484,501,open
1780322900.855205,507,open
1780322900.875787,529,open
1780322900.895859,497,open
1780322900.916793,512,open
1780322900.936482,486,open
1780322900.957173,547,open
1780322900.977484,488,open
1780322900.998475,521,open
1780322901.019180,507,open
1780322901.035809,499,open
1780322901.055506,491,open
1780322901.076131,493,open
1780322901.096817,491,open
1780322901.117662,501,open
1780322901.137662,507,open
1780322901.157510,537,open
1780322901.178458,502,open
1780322901.195251,510,open
1780322901.215834,515,open
1780322901.236257,515,open
1780322901.256485,495,open
1780322901.277216,495,open
1780322901.297662,502,open
1780322901.318180,485,open
1780322901.338180,507,open
1780322901.359274,495,open
1780322901.375856,499,open
1780322901.395854,506,open
1780322901.416666,515,open
1780322901.436864,488,open
1780322901.457354,505,open
1780322901.477662,524,open
1780322901.498181,483,open
1780322901.518589,488,open
1780322901.539345,482,open
1780322901.559878,491,open
1780322901.580302,481,open
1780322901.596886,513,open
1780322901.617173,487,open
1780322901.637662,483,open
1780322901.657502,502,open
1780322901.678432,512,open
1780322901.699320,480,open
1780322901.719902,517,open
1780322901.739905,486,open
1780322901.756138,494,open
1780322901.776378,510,open
1780322901.797334,496,open
1780322901.817662,498,open
1780322901.837482,503,open
1780322901.858490,511,open
1780322901.879196,486,open
1780322901.899928,493,open
1780322901.920351,496,open
1780322901.936936,496,open
1780322901.956495,492,open
1780322901.977532,518,open
1780322901.998171,492,open
1780322902.018483,497,open
1780322902.038919,493,open
1780322902.059367,496,open
1780322902.079354,508,open
1780322902.096054,501,open
1780322902.116958,500,open
1780322902.136481,502,open
1780322902.157503,502,open
1780322902.177661,506,open
1780322902.198363,522,open
1780322902.219165,505,open
1780322902.239663,498,open
1780322902.260459,497,open
1780322902.276981,522,open
1780322902.296655,488,open
1780322902.317661,497,open
1780322902.337661,476,open
1780322902.358502,507,open
1780322902.378180,508,open
1780322902.399198,499,open
1780322902.420000,495,open
1780322902.440420,506,open
1780322902.460483,489,open
1780322902.477428,490,open
1780322902.497661,491,open
1780322902.518170,501,open
1780322902.538344,498,open
1780322902.559355,501,open
1780322902.580022,501,open
1780322902.600445,515,open
1780322902.621026,497,open
1780322902.641449,510,open
1780322902.657483,487,open
1780322902.677483,501,open
1780322902.698458,488,open
1780322902.718345,492,open
1780322902.739527,496,open
1780322902.759709,497,open
1780322902.780469,495,open
1780322902.800483,491,open
1780322902.821367,488,open
1780322902.837664,491,open
1780322902.858505,486,open
1780322902.878180,490,open
1780322902.899486,473,open
1780322902.920068,484,open
1780322902.940207,490,open
1780322902.961074,487,open
1780322902.981497,496,open
1780322902.997483,475,open
1780322903.017837,498,open
1780322903.038484,486,open
1780322903.058482,522,open
1780322903.079196,470,open
1780322903.100093,482,open
1780322903.120516,481,open
1780322903.141200,504,open
1780322903.161522,502,open
1780322903.178180,486,open
1780322903.198500,496,open
1780322903.219110,511,open
1780322903.239560,487,open
1780322903.259481,503,open
1780322903.280171,488,open
1780322903.301121,497,open
1780322903.321124,488,open
1780322903.337481,494,open
1780322903.362023,509,open
1780322903.378500,492,open
1780322903.398480,516,open
1780322903.419480,496,open
1780322903.439481,493,open
1780322903.460240,498,open
1780322903.481146,491,open
1780322903.501569,504,open
1780322903.522150,488,open
1780322903.542573,481,open
1780322903.558489,490,open
1780322903.579195,492,open
1780322903.599872,491,open
1780322903.620165,498,open
1780322903.640588,503,open
1780322903.661346,489,open
1780322903.681594,487,open
1780322903.701745,506,open
1780322903.718181,490,open
1780322903.738503,494,open
1780322903.759481,503,open
1780322903.779479,515,open
1780322903.800610,497,open
1780322903.821193,489,open
1780322903.841415,518,open
1780322903.862198,498,open
1780322903.882215,491,open
1780322903.899203,501,open
1780322903.919206,494,open
1780322903.939629,495,open
1780322903.959532,479,open
1780322903.980501,497,open
1780322904.001217,507,open
1780322904.021641,508,open
1780322904.041814,479,open
1780322904.058499,494,open
1780322904.078479,497,open
1780322904.099618,501,open
1780322904.120234,492,open
1780322904.140657,493,open
1780322904.160484,487,open
1780322904.181467,514,open
1780322904.202245,480,open
1780322904.222248,505,open
1780322904.238181,491,open
1780322904.259253,506,open
1780322904.279480,517,open
1780322904.300259,498,open
1780322904.320682,503,open
1780322904.341264,483,open
1780322904.361060,470,open
1780322904.382208,493,open
1780322904.402691,497,open
1780322904.423274,499,open
1780322904.443697,488,open
1780322904.460281,480,open
1780322904.480491,486,open
1780322904.501287,515,open
1780322904.521289,477,open
1780322904.542292,504,open
1780322904.562295,494,open
1780322904.582511,495,open
1780322904.603301,503,open
1780322904.619723,510,open
1780322904.640306,518,open
1780322904.660544,506,open
1780322904.680559,498,open
1780322904.701734,500,open
1780322904.722317,508,open
1780322904.742740,477,open
1780322904.763322,507,open
1780322904.783023,508,open
1780322904.800328,533,open
1780322904.820330,465,open
1780322904.841333,496,open
1780322904.861356,501,open
1780322904.881524,489,open
1780322904.902341,501,open
1780322904.922202,501,open
1780322904.943347,508,open
1780322904.959647,509,open
1780322904.980201,500,open
1780322905.000775,488,open
1780322905.021531,499,open
1780322905.041815,493,open
1780322905.062259,503,open
1780322905.082898,504,open
1780322905.103174,488,open
1780322905.123765,509,open
1780322905.140374,498,open
1780322905.160377,495,open
1780322905.180727,489,open
1780322905.201313,494,open
1780322905.221770,490,open
1780322905.242388,486,open
1780322905.262489,519,open
1780322905.282495,492,open
1780322905.303815,492,open
1780322905.324398,520,open
1780322905.340822,476,open
1780322905.361485,496,open
1780322905.381482,493,open
1780322905.402410,509,open
1780322905.422833,499,open
1780322905.443171,497,open
1780322905.463419,495,open
1780322905.484421,499,open
1780322905.504424,501,open
1780322905.520847,504,open
1780322905.541430,496,open
1780322905.561853,490,open
1780322905.582484,492,open
1780322905.602859,502,open
1780322905.623441,514,open
1780322905.643864,497,open
1780322905.664447,503,open
1780322905.680869,490,open
1780322905.701452,497,open
1780322905.721875,482,open
1780322905.742457,488,open
1780322905.762596,493,open
1780322905.783512,500,open
1780322905.803466,492,open
1780322905.823889,531,open
1780322905.844471,504,open
1780322905.860894,480,open
1780322905.881477,521,open
1780322905.901900,502,open
1780322905.922482,490,open
1780322905.942905,517,open
1780322905.963488,504,open
1780322905.983911,484,open
1780322906.004493,503,open
1780322906.024819,501,open
1780322906.041499,527,open
1780322906.061501,516,open
1780322906.082511,500,open
1780322906.102507,496,open
1780322906.122930,510,open
1780322906.143512,526,open
1780322906.163935,498,open
1780322906.184518,511,open
1780322906.204170,495,open
1780322906.225522,499,open
1780322906.241947,513,open
1780322906.262281,483,open
1780322906.282505,522,open
1780322906.303181,504,open
1780322906.323957,491,open
1780322906.344540,498,open
1780322906.364963,518,open
1780322906.385279,507,open
1780322906.405172,496,open
1780322906.421971,498,open
1780322906.442554,500,open
1780322906.462475,503,open
1780322906.483559,503,open
1780322906.503982,512,open
1780322906.524565,523,open
1780322906.544988,506,open
1780322906.565571,514,open
1780322906.581993,515,open
1780322906.602576,512,open
1780322906.622999,489,open
1780322906.643581,501,open
1780322906.664005,516,open
1780322906.684485,505,open
1780322906.704590,496,open
1780322906.725593,494,open
1780322906.745596,504,open
1780322906.761358,512,open
1780322906.782601,508,open
1780322906.803024,513,open
1780322906.823607,494,open
1780322906.844029,501,open
1780322906.864612,508,open
1780322906.885035,494,open
1780322906.905487,510,open
1780322906.922040,504,open
1780322906.942623,519,open
1780322906.962160,504,open
1780322906.983629,507,open
1780322907.003631,507,open
1780322907.024157,493,open
1780322907.044636,512,open
1780322907.065061,492,open
1780322907.085643,500,open
1780322907.105675,522,open
1780322907.126649,498,open
1780322907.143070,486,open
1780322907.163180,508,open
1780322907.184076,495,open
1780322907.204348,514,open
1780322907.225082,511,open
1780322907.245664,507,open
1780322907.266086,512,open
1780322907.286477,504,open
1780322907.306808,495,open
1780322907.323095,533,open
1780322907.343678,510,open
1780322907.364101,546,open
1780322907.384684,516,open
1780322907.405107,497,open
1780322907.425689,516,open
1780322907.445799,508,open
1780322907.466695,495,open
1780322907.482853,506,open
1780322907.503700,505,open
1780322907.524123,543,open
1780322907.544706,504,open
1780322907.565129,524,open
1780322907.585711,515,open
1780322907.606134,510,open
1780322907.626717,516,open
1780322907.646720,493,open
1780322907.662480,499,open
1780322907.683737,505,open
1780322907.704148,500,open
1780322907.724731,505,open
1780322907.745154,511,open
1780322907.765736,518,open
1780322907.785357,507,open
1780322907.806477,527,open
1780322907.823170,499,open
1780322907.843747,497,open
1780322907.864173,535,open
1780322907.884752,505,open
1780322907.904678,496,open
1780322907.925354,499,open
1780322907.945761,507,open
1780322907.966499,520,open
1780322907.986491,517,open
1780322908.006649,510,open
1780322908.027481,534,open
1780322908.044194,524,open
1780322908.064777,515,open
1780322908.085073,508,open
1780322908.105783,504,open
1780322908.126192,526,open
1780322908.146534,500,open
1780322908.167210,514,open
1780322908.187573,507,open
1780322908.203796,495,open
1780322908.224799,533,open
1780322908.244802,503,open
1780322908.265805,509,open
1780322926.669760,523,open
1780322926.690343,527,open
1780322926.710766,514,open
1780322926.731346,516,open
1780322926.751770,500,open
1780322926.772352,527,open
1780322926.792457,524,open
1780322926.813358,499,open
1780322926.829201,504,open
1780322926.850365,512,open
1780322926.870377,511,open
1780322926.891371,550,open
1780322926.911373,512,open
1780322926.932200,516,open
1780322926.952379,506,open
1780322926.972802,511,open
1780322926.988652,535,open
1780322927.009807,509,open
1780322927.030390,506,open
1780322927.050813,505,open
1780322927.071395,510,open
1780322927.091818,518,open
1780322927.112288,479,open
1780322927.132200,521,open
1780322927.153381,489,open
1780322927.173829,511,open
1780322927.194459,498,open
1780322927.210414,514,open
1780322927.231160,500,open
1780322927.251420,525,open
1780322927.271843,514,open
1780322927.292426,503,open
1780322927.312930,510,open
1780322927.333431,512,open
1780322927.353171,513,open
1780322927.370436,506,open
1780322927.390860,492,open
1780322927.411442,514,open
1780322927.431865,502,open
1780322927.452447,524,open
1780322927.472871,517,open
1780322927.493600,499,open
1780322927.513876,514,open
1780322927.534459,511,open
1780322927.554430,491,open
1780322927.575308,506,open
1780322927.591131,522,open
1780322927.611890,495,open
1780322927.632525,504,open
1780322927.652667,502,open
1780322927.673604,500,open
1780322927.693901,508,open
1780322927.714265,517,open
1780322927.734905,519,open
1780322927.751488,496,open
1780322927.771888,506,open
1780322927.792494,508,open
1780322927.812281,503,open
1780322927.833500,509,open
1780322927.852989,505,open
1780322927.874506,494,open
1780322927.894508,506,open
1780322927.914355,518,open
1780322927.931173,498,open
1780322927.951937,499,open
1780322927.972519,498,open
1780322927.992381,496,open
1780322928.013525,512,open
1780322928.033948,503,open
1780322928.054173,505,open
1780322928.074954,490,open
1780322928.095517,491,open
1780322928.111548,498,open
1780322928.132541,512,open
1780322928.152544,486,open
1780322928.173547,509,open
1780322928.193549,509,open
1780322928.213964,501,open
1780322928.234555,487,open
1780322928.254442,506,open
1780322928.271560,487,open
1780322928.291983,507,open
1780322928.312387,494,open
1780322928.332682,490,open
1780322928.353170,517,open
1780322928.373995,498,open
1780322928.394577,488,open
1780322928.415000,509,open
1780322928.435583,505,open
1780322928.456003,544,open
1780322928.476249,520,open
1780322928.492591,519,open
1780322928.512275,501,open
1780322928.533597,510,open
1780322928.553338,482,open
1780322928.574602,502,open
1780322928.595025,480,open
1780322928.615606,512,open
1780322928.636029,479,open
1780322928.652613,496,open
1780322928.673036,502,open
1780322928.693618,517,open
1780322928.714042,499,open
1780322928.734178,523,open
1780322928.754181,498,open
1780322928.775186,502,open
1780322928.795191,494,open
1780322928.816196,500,open
1780322928.832027,509,open
1780322928.853061,487,open
1780322928.873643,521,open
1780322928.893171,489,open
1780322928.914649,490,open
1780322928.935072,502,open
1780322928.955173,499,open
1780322928.976077,499,open
1780322928.992660,527,open
1780322929.013169,505,open
1780322929.033470,506,open
1780322929.053183,495,open
1780322929.074671,481,open
1780322929.094674,499,open
1780322929.115677,495,open
1780322929.135679,495,open
1780322929.155521,496,open
1780322929.172684,498,open
1780322929.193185,494,open
1780322929.213690,518,open
1780322929.234113,499,open
1780322929.254696,480,open
1780322929.275119,479,open
1780322929.295583,480,open
1780322929.316124,482,open
1780322929.332456,476,open
1780322929.352709,493,open
1780322929.377631,490,open
1780322929.393715,511,open
1780322929.414718,490,open
1780322929.434721,498,open
1780322929.455196,499,open
1780322929.475726,479,open
1780322929.495599,487,open
1780322929.516730,484,open
1780322929.537153,497,open
1780322929.553171,503,open
1780322929.574160,490,open
1780322929.594743,488,open
1780322929.615166,502,open
1780322929.635748,501,open
1780322929.655481,517,open
1780322929.676754,489,open
1780322929.697177,497,open
1780322929.717203,512,open
1780322929.733762,492,open
1780322929.754193,478,open
1780322929.774767,498,open
1780322929.795191,498,open
1780322929.815773,501,open
1780322929.836196,494,open
1780322929.856196,496,open
1780322929.877202,495,open
1780322929.893784,493,open
1780322929.914207,482,open
1780322929.934789,502,open
1780322929.955213,484,open
1780322929.975795,497,open
1780322929.995595,501,open
1780322930.016801,481,open
1780322930.036803,490,open
1780322930.057193,508,open
1780322930.073808,487,open
1780322930.094232,504,open
1780322930.114814,516,open
1780322930.135237,489,open
1780322930.155457,507,open
1780322930.176243,488,open
1780322930.196365,504,open
1780322930.217249,501,open
1780322930.233831,491,open
1780322930.254257,497,open
1780322930.274836,496,open
1780322930.294549,495,open
1780322930.315842,501,open
1780322930.335845,489,open
1780322930.356564,484,open
1780322930.376468,504,open
1780322930.397221,496,open
1780322930.417630,490,open
1780322930.437456,495,open
1780322930.454172,504,open
1780322930.475284,503,open
1780322930.495591,490,open
1780322930.516290,478,open
1780322930.536873,499,open
1780322930.556459,499,open
1780322930.577464,493,open
1780322930.597450,499,open
1780322930.614883,501,open
1780322930.634886,493,open
1780322930.655397,491,open
1780322930.675891,484,open
1780322930.695588,469,open
1780322930.716897,483,open
1780322930.736769,462,open
1780322930.757459,495,open
1780322930.778170,476,open
1780322930.794878,489,open
1780322930.815331,503,open
1780322930.835914,491,open
1780322930.856200,493,open
1780322930.876412,485,open
1780322930.897343,525,open
1780322930.917476,472,open
1780322930.938180,487,open
1780322930.954350,497,open
1780322930.974932,495,open
1780322930.995355,509,open
1780322931.015430,501,open
1780322931.036461,493,open
1780322931.056505,512,open
1780322931.076462,530,open
1780322931.097629,494,open
1780322931.118184,481,open
1780322931.134955,506,open
1780322931.155171,502,open
1780322931.175960,497,open
1780322931.196458,495,open
1780322931.216460,502,open
1780322931.237389,504,open
1780322931.257473,493,open
1780322931.277629,498,open
1780322931.298183,494,open
1780322931.318184,492,open
1780322931.339406,504,open
1780322931.355415,489,open
1780322931.376464,490,open
1780322931.396525,498,open
1780322931.417183,485,open
1780322931.437240,482,open
1780322931.458450,474,open
1780322931.479172,491,open
1780322931.499435,489,open
1780322931.516007,497,open
1780322931.535516,522,open
1780322931.557099,495,open
1780322931.576460,504,open
1780322931.597439,475,open
1780322931.617628,500,open
1780322931.638219,485,open
1780322931.658532,490,open
1780322931.679453,473,open
1780322931.695579,498,open
1780322931.716506,499,open
1780322931.737038,497,open
1780322931.757451,490,open
1780322931.777474,508,open
1780322931.798182,482,open
1780322931.818183,501,open
1780322931.838640,486,open
1780322931.855201,497,open
1780322931.876057,475,open
1780322931.896480,498,open
1780322931.917175,478,open
1780322931.937485,483,open
1780322931.957483,482,open
1780322931.978177,496,open
1780322931.999181,513,open
1780322932.019497,484,open
1780322932.036079,495,open
1780322932.056458,502,open
1780322932.076451,498,open
1780322932.097507,489,open
1780322932.117218,502,open
1780322932.138442,500,open
1780322932.158474,476,open
1780322932.179471,498,open
1780322932.200099,501,open
1780322932.220101,497,open
1780322932.236449,489,open
1780322932.257172,500,open
1780322932.277451,511,open
1780322932.298182,491,open
1780322932.318476,506,open
1780322932.339198,494,open
1780322932.359199,483,open
1780322932.380202,509,open
1780322932.400549,479,open
1780322932.416449,472,open
1780322932.437450,486,open
1780322932.457481,494,open
1780322932.477627,497,open
1780322932.499185,467,open
1780322932.519196,486,open
1780322932.540148,491,open
1780322932.559484,490,open
1780322932.580500,510,open
1780322932.596457,485,open
1780322932.617579,498,open
1780322932.638180,485,open
1780322932.658497,488,open
1780322932.678452,511,open
1780322932.699590,486,open
1780322932.719450,506,open
1780322932.740596,494,open
1780322932.756459,493,open
1780322932.777181,493,open
1780322932.798232,494,open
1780322932.818183,493,open
1780322932.838229,497,open
1780322932.859198,466,open
1780322932.879615,492,open
1780322932.900198,503,open
1780322932.920621,471,open
1780322932.936450,505,open
1780322932.957319,499,open
1780322932.978184,510,open
1780322932.998179,507,open
1780322933.018424,491,open
1780322933.039637,496,open
1780322933.060220,498,open
1780322933.080474,505,open
1780322933.101223,495,open
1780322933.121226,493,open
1780322933.137627,496,open
1780322933.158172,499,open
1780322933.178179,507,open
1780322933.198469,511,open
1780322933.219662,483,open
1780322933.240244,510,open
1780322933.260477,502,open
1780322933.281249,520,open
1780322933.301672,500,open
1780322933.318337,499,open
1780322933.338182,507,open
1780322933.359261,497,open
1780322933.379684,506,open
1780322933.400267,514,open
1780322933.420279,507,open
1780322933.441272,516,open
1780322933.461275,516,open
1780322933.477450,492,open
1780322933.498176,484,open
1780322933.518184,495,open
1780322933.539286,488,open
1780322933.559709,493,open
1780322933.579461,510,open
1780322933.600714,487,open
1780322933.621297,498,open
1780322933.641720,489,open
1780322933.657504,493,open
1780322933.678183,495,open
1780322933.699308,483,open
1780322933.719311,501,open
1780322933.740313,517,open
1780322933.760316,496,open
1780322933.780739,499,open
1780322933.801322,519,open
1780322933.817626,507,open
1780322933.838184,532,open
1780322933.858430,486,open
1780322933.879333,528,open
1780322933.899756,494,open
1780322933.920338,505,open
1780322933.940762,498,open
1780322933.961457,495,open
1780322933.981178,504,open
1780322934.002347,496,open
1780322934.022770,501,open
1780322934.038469,493,open
1780322934.058469,493,open
1780322934.079193,499,open
1780322934.100238,498,open
1780322934.120786,489,open
1780322934.141369,486,open
1780322934.161463,504,open
1780322934.181511,516,open
1780322934.202796,512,open
1780322934.219379,518,open
1780322934.239803,519,open
1780322934.260450,516,open
1780322934.280466,501,open
1780322934.301391,503,open
1780322934.321814,520,open
1780322934.342397,488,open
1780322934.362453,480,open
1780322934.378448,490,open
1780322934.399404,496,open
1780322934.419827,537,open
1780322934.439636,494,open
1780322934.460270,496,open
1780322934.481416,499,open
1780322934.501839,495,open
1780322934.522421,508,open
1780322934.542845,512,open
1780322934.559511,487,open
1780322934.579199,516,open
1780322934.600432,505,open
1780322934.620855,494,open
1780322934.641483,511,open
1780322934.661440,499,open
1780322934.682195,484,open
1780322934.702446,507,open
1780322934.718180,497,open
1780322934.739451,493,open
1780322934.759524,474,open
1780322934.780537,496,open
1780322934.800880,486,open
1780322934.821462,496,open
1780322934.841886,501,open
1780322934.862217,491,open
1780322934.882491,506,open
1780322934.899473,490,open
1780322934.923894,516,open
1780322934.940479,506,open
1780322934.960540,509,open
1780322934.981545,521,open
1780322935.001487,510,open
1780322935.021910,520,open
1780322935.042591,503,open
1780322935.062215,519,open
1780322935.083498,513,open
1780322935.099921,519,open
1780322935.120504,493,open
1780322935.140927,511,open
1780322935.161480,525,open
1780322935.181932,505,open
1780322935.202515,527,open
1780322935.222938,520,open
1780322935.243521,511,open
1780322935.263944,535,open
1780322935.280526,518,open
1780322935.300529,494,open
1780322935.320951,536,open
1780322935.341534,518,open
1780322935.361957,529,open
1780322935.382450,521,open
1780322935.402454,518,open
1780322935.423545,498,open
1780322935.439968,502,open
1780322935.460550,486,open
1780322935.480450,489,open
1780322935.501556,500,open
1780322935.521719,486,open
1780322935.542562,487,open
1780322935.562211,500,open
1780322935.583500,513,open
1780322935.603578,493,open
1780322935.619992,505,open
1780322935.640575,546,open
1780322935.660733,505,open
1780322935.681213,520,open
1780322935.702004,522,open
1780322935.722586,510,open
1780322935.742803,492,open
1780322935.762742,510,open
1780322935.784015,494,open
1780322935.800597,497,open
1780322935.820731,485,open
1780322935.841610,497,open
1780322935.861783,502,open
1780322935.882422,503,open
1780322935.902373,493,open
1780322935.923706,524,open
1780322935.943617,491,open
1780322935.964038,491,open
1780322935.984620,474,open
1780322936.001045,499,open
1780322936.021627,488,open
1780322936.042051,486,open
1780322936.062207,512,open
1780322936.082454,512,open
1780322936.103639,517,open
1780322936.124062,529,open
1780322936.144713,523,open
1780322936.165068,515,open
1780322936.181650,505,open
1780322936.201653,516,open
1780322936.222656,476,open
1780322936.242658,504,open
1780322936.263170,490,open
1780322936.283718,495,open
1780322936.304087,492,open
1780322936.324669,507,open
1780322936.341092,502,open
1780322936.361748,493,open
1780322936.382097,492,open
1780322936.402680,525,open
1780322936.423058,528,open
1780322936.443686,492,open
1780322936.464109,524,open
1780322936.484691,493,open
1780322936.505114,499,open
1780322936.521697,499,open
1780322936.541699,486,open
1780322936.562122,499,open
1780322936.582236,491,open
1780322936.603179,518,open
1780322936.623711,541,open
1780322936.644133,540,open
1780322936.664716,510,open
1780322936.680517,532,open
1780322936.701722,508,open
1780322936.722144,506,open
1780322936.742727,501,open
1780322936.763222,506,open
1780322936.783733,494,open
1780322936.804156,524,open
1780322936.824738,538,open
1780322936.844741,514,open
1780322936.865742,532,open
1780322936.885745,526,open
1780322936.902169,509,open
1780322936.922752,513,open
1780322936.943185,512,open
1780322936.963184,475,open
1780322936.984180,480,open
1780322937.004763,473,open
1780322937.025186,506,open
1780322937.045531,498,open
1780322937.066191,515,open
1780322937.082255,544,open
1780322937.103174,512,open
1780322937.123779,540,open
1780322937.143782,528,open
1780322937.164785,524,open
1780322937.184788,518,open
1780322937.205211,496,open
1780322937.225753,482,open
1780322937.242222,492,open
1780322937.262195,497,open
1780322937.283281,491,open
1780322937.303183,495,open
1780322937.324228,497,open
1780322937.344810,510,open
1780322937.365174,524,open
1780322937.385937,490,open
1780322937.406239,517,open
1780322937.422821,533,open
1780322937.442823,528,open
1780322937.463826,513,open
1780322937.483829,506,open
1780322937.504252,496,open
1780322937.524835,518,open
1780322937.545258,521,open
1780322937.565174,517,open
1780322937.581446,506,open
1780322937.602683,551,open
1780322937.623269,529,open
1780322937.643851,533,open
1780322937.664274,510,open
1780322937.684857,489,open
1780322937.705280,511,open
1780322937.725862,514,open
1780322937.745450,496,open
1780322937.766865,487,open
1780322937.786869,512,open
1780322937.803204,523,open
1780322937.823876,512,open
1780322937.844299,495,open
1780322937.864882,544,open
1780322937.885305,517,open
1780322937.905193,528,open
1780322937.926309,517,open
1780322937.946892,531,open
1780322937.963315,511,open
1780322937.983898,515,open
1780322938.004321,506,open
1780322938.024904,495,open
1780322938.045327,509,open
1780322938.065909,526,open
1780322938.085912,518,open
1780322938.106915,527,open
1780322938.126452,542,open
1780322938.143340,516,open
1780322938.163923,520,open
1780322938.183484,528,open
1780322938.204928,506,open
1780322938.225351,513,open
1780322938.245520,527,open
1780322938.266362,526,open
1780322938.286940,510,open
1780322938.303363,510,open
1780322938.323170,523,open
1780322938.344368,524,open
1780322938.364950,544,open
1780322938.384953,521,open
1780322938.405956,527,open
1780322938.425959,519,open
1780322938.446442,509,open
1780322938.466965,511,open
1780322938.483451,499,open
1780322938.503969,516,open
1780322938.524393,524,open
1780322938.544975,514,open
1780322938.565398,524,open
1780322938.585981,519,open
1780322938.606202,543,open
1780322938.626987,531,open
1780322938.647407,498,open
1780322938.667993,525,open
1780322938.687444,529,open
1780322938.704997,514,open
1780322938.725000,525,open
1780322938.745423,518,open
1780322938.766006,513,open
1780322938.786453,527,open
1780322938.806207,531,open
1780322938.827433,527,open
1780322938.847445,515,open
1780322938.864439,544,open
1780322938.885022,516,open
1780322938.905445,516,open
1780322938.926028,527,open
1780322938.946439,504,open
1780322938.967034,530,open
1780322938.987444,531,open
1780322939.007175,521,open
1780322939.027204,528,open
1780322939.044465,545,open
1780322939.065047,502,open
1780322939.085470,521,open
1780322939.105456,523,open
1780322939.126476,537,open
1780322939.147058,511,open
1780322939.167481,494,open
1780322939.187265,521,open
1780322939.204486,519,open
1780322939.225070,518,open
1780322939.245492,505,open
1780322939.265974,528,open
1780322939.286442,546,open
1780322939.306365,529,open
1780322939.327083,509,open
1780322939.347900,511,open
1780322939.367388,537,open
1780322939.384511,516,open
1780322939.405094,508,open
1780322939.425283,511,open
1780322939.445945,516,open
1780322939.466444,521,open
1780322939.486440,529,open
1780322939.507444,519,open
1780322939.527669,528,open
1780322939.544533,518,open
1780322939.568444,494,open
1780322939.585119,521,open
1780322939.605445,510,open
1780322939.626124,505,open
1780322939.646588,511,open
1780322939.666472,526,open
1780322939.687441,511,open
1780322939.707449,487,open
1780322939.728441,509,open
1780322939.748445,531,open
1780322939.765564,499,open
1780322939.786146,518,open
1780322939.806448,510,open
1780322939.827152,524,open
1780322939.847575,525,open
1780322939.867399,518,open
1780322939.888184,521,open
1780322939.909163,504,open
1780322939.925165,519,open
1780322939.945504,528,open
1780322939.966171,506,open
1780322939.986440,517,open
1780322940.007177,509,open
1780322940.027181,518,open
1780322940.048180,535,open
1780322940.068467,546,open
1780322940.089250,554,open
1780322940.105501,530,open
1780322940.126193,565,open
1780322940.146395,543,open
1780322940.167199,517,open
1780322940.187619,518,open
1780322940.207449,515,open
1780322940.228181,511,open
1780322940.249207,533,open
1780322940.269372,518,open
1780322940.285635,532,open
1780322940.305501,510,open
1780322940.326641,536,open
1780322940.347215,525,open
1780322940.367619,519,open
1780322940.388184,513,open
1780322940.408764,498,open
1780322940.428445,514,open
1780322940.445500,499,open
1780322940.466240,526,open
1780322940.486457,516,open
1780322940.506457,548,open
1780322940.527258,534,open
1780322940.548218,538,open
1780322940.568170,518,open
1780322940.589257,513,open
1780322940.608514,515,open
1780322940.629681,508,open
1780322940.650264,511,open
1780322940.666446,500,open
1780322940.686667,495,open
1780322940.707618,539,open
1780322940.727895,519,open
1780322940.748180,520,open
1780322940.769282,515,open
1780322940.789705,527,open
1780322940.809504,515,open
1780322940.825721,518,open
1780322940.847293,510,open
1780322940.867295,511,open
1780322940.888193,541,open
1780322940.907444,522,open
1780322940.928445,530,open
1780322940.949197,527,open
1780322940.969729,508,open
1780322940.990312,519,open
1780322941.006640,522,open
1780322941.026456,515,open
1780322941.047618,513,open
1780322941.068171,520,open
1780322941.088444,522,open
1780322941.109328,527,open
1780322941.129751,525,open
1780322941.150334,525,open
1780322941.166448,550,open
1780322941.186759,531,open
1780322941.207342,535,open
1780322941.227446,513,open
1780322941.248185,530,open
1780322941.268170,543,open
1780322941.289443,545,open
1780322941.309776,531,open
1780322941.330453,524,open
1780322941.346781,534,open
1780322941.367364,527,open
1780322941.387524,515,open
1780322941.408176,516,open
1780322941.428179,520,open
1780322941.449375,502,open
1780322941.469798,534,open
1780322941.490381,522,open
1780322941.509665,510,open
1780322941.531384,523,open
1780322941.551388,516,open
1780322941.567618,543,open
1780322941.588442,516,open
1780322941.608476,524,open
1780322941.629179,521,open
1780322941.649190,532,open
1780322941.670406,518,open
1780322941.690828,542,open
1780322941.711411,537,open
1780322941.727175,543,open
1780322941.748444,525,open
1780322941.768170,525,open
1780322941.789440,524,open
1780322941.809472,521,open
1780322941.830473,510,open
1780322941.850195,508,open
1780322941.870854,507,open
1780322941.891436,524,open
1780322941.907475,517,open
1780322941.928211,522,open
1780322941.948184,531,open
1780322941.969544,548,open
1780322941.989454,538,open
1780322942.010453,529,open
1780322942.030876,513,open
1780322942.051443,495,open
1780322942.067445,513,open
1780322942.088181,531,open
1780322942.108492,521,open
1780322942.128233,523,open
1780322942.149472,522,open
1780322942.169895,553,open
1780322942.190477,536,open
1780322942.210901,514,open
1780322942.231483,513,open
1780322942.247617,504,open
1780322942.268170,504,open
1780322942.288938,512,open
1780322942.309494,520,open
1780322942.329464,530,open
1780322942.350197,518,open
1780322942.370923,521,open
1780322942.391505,540,open
1780322942.411506,545,open
1780322942.432453,527,open
1780322942.448436,534,open
1780322942.468169,516,open
1780322942.489519,524,open
1780322942.509942,523,open
1780322942.530535,546,open
1780322942.550947,520,open
1780322942.571530,517,open
1780322942.591952,522,open
1780322942.612147,519,open
1780322942.628180,516,open
1780322942.649540,508,open
1780322942.669170,511,open
1780322942.690546,528,open
1780322942.710969,524,open
1780322942.731191,523,open
1780322942.751554,541,open
1780322942.772557,521,open
1780322942.788170,527,open
1780322942.808489,522,open
1780322942.829413,522,open
1780322942.849989,507,open
1780322942.870571,520,open
1780322942.890994,501,open
1780322942.911577,502,open
1780322942.932000,520,open
1780322942.952582,524,open
1780322942.968170,517,open
1780322942.989588,527,open
1780322943.009590,549,open
1780322943.030439,506,open
1780322943.050596,534,open
1780322943.071019,527,open
1780322943.091601,543,open
1780322943.112025,528,open
1780322943.128440,541,open
1780322943.149030,516,open
1780322943.169612,526,open
1780322943.190035,531,open
1780322943.210618,518,open
1780322943.230790,525,open
1780322943.251623,519,open
1780322943.272047,525,open
1780322943.292629,512,open
1780322943.312141,497,open
1780322943.333633,516,open
1780322943.349637,519,open
1780322943.370060,519,open
1780322943.390643,537,open
1780322943.411066,516,open
1780322943.431443,523,open
1780322943.452071,501,open
1780322943.472162,535,open
1780322943.493077,511,open
1780322943.513142,517,open
1780322943.530173,527,open
1780322943.550665,510,open
1780322943.571171,546,open
1780322943.591670,499,open
1780322943.612093,517,open
1780322943.632456,518,open
1780322943.653184,535,open
1780322943.673682,494,open
1780322943.689684,523,open
1780322943.709458,502,open
1780322943.730175,526,open
1780322943.751112,546,open
1780322943.771695,511,open
1780322943.792118,502,open
1780322943.812136,516,open
1780322943.832442,505,open
1780322943.853181,528,open
1780322943.870129,502,open
1780322943.890711,514,open
1780322943.911135,522,open
1780322943.931717,509,open
1780322943.951720,504,open
1780322943.972723,503,open
1780322943.992726,521,open
1780322944.013459,504,open
1780322944.029731,497,open
1780322944.050153,533,open
1780322944.070736,530,open
1780322944.091159,527,open
1780322944.111742,535,open
1780322944.132165,496,open
1780322944.152748,520,open
1780322944.173171,521,open
1780322944.193753,514,open
1780322944.214174,524,open
1780322944.234319,494,open
1780322944.250762,515,open
1780322944.271764,514,open
1780322944.291700,517,open
1780322944.312131,500,open
1780322944.332463,511,open
1780322944.353171,537,open
1780322944.373171,518,open
1780322944.394200,526,open
1780322944.410783,540,open
1780322944.431194,511,open
1780322944.451789,526,open
1780322944.472212,498,open
1780322944.492795,495,open
1780322944.513132,518,open
1780322944.533800,495,open
1780322944.554201,530,open
1780322944.574806,509,open
1780322944.590808,544,open
1780322944.611232,515,open
1780322944.631671,519,open
1780322944.652237,499,open
1780322944.672820,515,open
1780322944.693243,500,open
1780322944.713130,503,open
1780322944.734248,494,open
1780322944.754830,512,open
1780322944.771253,511,open
1780322944.791835,496,open
1780322944.812127,508,open
1780322944.832482,494,open
1780322944.853183,500,open
1780322944.873847,504,open
1780322944.893859,542,open
1780322944.914129,507,open
1780322944.930440,517,open
1780322944.951278,492,open
1780322944.971861,508,open
1780322944.992284,493,open
1780322945.012125,508,open
1780322945.032483,524,open
1780322945.053185,509,open
1780322945.074295,492,open
1780322945.094877,517,open
1780322945.115298,513,open
1780322945.135441,506,open
1780322945.152443,521,open
1780322945.172447,478,open
1780322945.192452,493,open
1780322945.213457,510,open
1780322945.234053,500,open
1780322945.254057,545,open
1780322945.274062,517,open
1780322945.295067,499,open
1780322945.311070,514,open
1780322945.332075,498,open
1780322945.352446,501,open
1780322945.373336,489,open
1780322945.393919,487,open
1780322945.414123,511,open
1780322945.434924,500,open
1780322945.455347,510,open
1780322945.475929,500,open
1780322945.491439,505,open
1780322945.512120,508,open
1780322945.532805,504,open
1780322945.553171,506,open
1780322945.573943,498,open
1780322945.594367,523,open
1780322945.614949,534,open
1780322945.635372,517,open
1780322945.651954,504,open
1780322945.672377,495,open
1780322945.692960,524,open
1780322945.713141,498,open
1780322957.486005,505,open
1780322957.506477,514,open
1780322957.526344,541,open
1780322957.543592,514,open
1780322957.563013,532,open
1780322957.584018,530,open
1780322957.604601,521,open
1780322957.625024,538,open
1780322957.645344,519,open
1780322957.666013,532,open
1780322957.686421,527,open
1780322957.706435,524,open
1780322957.727441,548,open
1780322957.747228,535,open
1780322957.764622,535,open
1780322957.785045,518,open
1780322957.805628,511,open
1780322957.826051,548,open
1780322957.846344,512,open
1780322957.867130,508,open
1780322957.887599,521,open
1780322957.907442,523,open
1780322957.928180,522,open
1780322957.948343,512,open
1780322957.968425,510,open
1780322957.989604,539,open
1780322958.010074,524,open
1780322958.026659,525,open
1780322958.046343,555,open
1780322958.067426,543,open
1780322958.088185,538,open
1780322958.108506,534,open
1780322958.129171,528,open
1780322958.149674,533,open
1780322958.170097,534,open
1780322958.186422,507,open
1780322958.206379,527,open
1780322958.227599,521,open
1780322958.247341,529,open
1780322958.267432,530,open
1780322958.288172,503,open
1780322958.309161,521,open
1780322958.329199,495,open
1780322958.350123,513,open
1780322958.366705,510,open
1780322958.386421,531,open
1780322958.407438,519,open
1780322958.428174,507,open
1780322958.448339,523,open
1780322958.469171,521,open
1780322958.489722,537,open
1780322958.510145,526,open
1780322958.526426,528,open
1780322958.546338,528,open
1780322958.567153,533,open
1780322958.587599,537,open
1780322958.607453,515,open
1780322958.628219,522,open
1780322958.648337,520,open
1780322958.669747,513,open
1780322958.690170,518,open
1780322958.706485,534,open
1780322958.726952,497,open
1780322958.747130,528,open
1780322958.767409,539,open
1780322958.788229,543,open
1780322958.809195,532,open
1780322958.829769,538,open
1780322958.849772,519,open
1780322958.870772,524,open
1780322958.890774,522,open
1780322958.911198,530,open
1780322958.927422,528,open
1780322958.947333,526,open
1780322958.968182,553,open
1780322958.989211,523,open
1780322959.009422,528,open
1780322959.030217,530,open
1780322959.050798,524,open
1780322959.071222,518,open
1780322959.087598,541,open
1780322959.107441,542,open
1780322959.128180,537,open
1780322959.147975,530,open
1780322959.169816,510,open
1780322959.189819,520,open
1780322959.210242,515,open
1780322959.230824,531,open
1780322959.251248,533,open
1780322959.267429,530,open
1780322959.287421,515,open
1780322959.308450,507,open
1780322959.329196,516,open
1780322959.349841,520,open
1780322959.370264,505,open
1780322959.390847,531,open
1780322959.411270,508,open
1780322959.427177,530,open
1780322959.447329,522,open
1780322959.468171,534,open
1780322959.488239,525,open
1780322959.509233,525,open
1780322959.529189,528,open
1780322959.550288,539,open
1780322959.570871,536,open
1780322959.591294,507,open
1780322959.607420,526,open
1780322959.628254,501,open
1780322959.648328,529,open
1780322959.668425,522,open
1780322959.689888,515,open
1780322959.710311,498,open
1780322959.730651,525,open
1780322959.750706,514,open
1780322959.766644,522,open
1780322959.791899,526,open
1780322959.807424,539,open
1780322959.828605,525,open
1780322959.849357,510,open
1780322959.869912,508,open
1780322959.889643,494,open
1780322959.910918,527,open
1780322959.931341,514,open
1780322959.951922,532,open
1780322959.972345,518,open
1780322959.988180,537,open
1780322960.009327,543,open
1780322960.029439,516,open
1780322960.050357,514,open
1780322960.070940,524,open
1780322960.090943,511,open
1780322960.111945,505,open
1780322960.131948,501,open
1780322960.148323,509,open
1780322960.168332,528,open
1780322960.189336,507,open
1780322960.209665,520,open
1780322960.230303,507,open
1780322960.250898,531,open
1780322960.270903,517,open
1780322960.291907,525,open
1780322960.312153,504,open
1780322960.328592,508,open
1780322960.348726,518,open
1780322960.369731,503,open
1780322960.389735,521,open
1780322960.410740,509,open
1780322960.430744,517,open
1780322960.450749,532,open
1780322960.471754,540,open
1780322960.487757,517,open
1780322960.508419,508,open
1780322960.529171,496,open
1780322960.550006,519,open
1780322960.570429,508,open
1780322960.590762,494,open
1780322960.611177,503,open
1780322960.632017,539,open
1780322960.652325,553,open
1780322960.668419,517,open
1780322960.688416,555,open
1780322960.709448,512,open
1780322960.729170,523,open
1780322960.750454,510,open
1780322960.771036,520,open
1780322960.791416,529,open
1780322960.811981,515,open
1780322960.832432,486,open
1780322960.853045,497,open
1780322960.873469,503,open
1780322960.890053,509,open
1780322960.910476,532,open
1780322960.930616,510,open
1780322960.951482,519,open
1780322960.972064,530,open
1780322960.992194,509,open
1780322961.012981,508,open
1780322961.033072,501,open
1780322961.049495,495,open
1780322961.070077,506,open
1780322961.090501,532,open
1780322961.111083,519,open
1780322961.131506,513,open
1780322961.152089,484,open
1780322961.172512,532,open
1780322961.193183,507,open
1780322961.212980,510,open
1780322961.230100,506,open
1780322961.250523,528,open
1780322961.271106,506,open
1780322961.291529,497,open
1780322961.311977,489,open
1780322961.332190,530,open
1780322961.353170,527,open
1780322961.372900,514,open
1780322961.389542,510,open
1780322961.410125,493,open
1780322961.430535,509,open
1780322961.451130,525,open
1780322961.471553,490,open
1780322961.491941,499,open
1780322961.511975,501,open
1780322961.532443,507,open
1780322961.553312,491,open
1780322961.570147,516,open
1780322961.590149,527,open
1780322961.611152,507,open
1780322961.630537,529,open
1780322961.652158,516,open
1780322961.672161,531,open
1780322961.692584,511,open
1780322961.712976,507,open
1780322961.733552,511,open
1780322961.754170,494,open
1780322961.770594,512,open
1780322961.790598,497,open
1780322961.811602,492,open
1780322961.832163,523,open
1780322961.852693,540,open
1780322961.872697,526,open
1780322961.893702,514,open
1780322961.913890,505,open
1780322961.933894,490,open
1780322961.950105,501,open
1780322961.971109,518,open
1780322961.991704,491,open
1780322962.012311,479,open
1780322962.032315,517,open
1780322962.053212,501,open
1780322962.073131,517,open
1780322962.094218,500,open
1780322962.114641,501,open
1780322962.131223,520,open
1780322962.151647,510,open
1780322962.172229,522,open
1780322962.192652,502,open
1780322962.212970,505,open
1780322962.233440,504,open
1780322962.254241,506,open
1780322962.274244,532,open
1780322962.290666,498,open
1780322962.310430,515,open
1780322962.331671,505,open
1780322962.352254,504,open
1780322962.372339,511,open
1780322962.392673,491,open
1780322962.412969,497,open
1780322962.434266,493,open
1780322962.454689,501,open
1780322962.471271,493,open
1780322962.491694,502,open
1780322962.512423,504,open
1780322962.531418,503,open
1780322962.553172,516,open
1780322962.573159,517,open
1780322962.594288,513,open
1780322962.613969,516,open
1780322962.634711,495,open
1780322962.655302,501,open
1780322962.671719,521,open
1780322962.692301,499,open
1780322962.712420,497,open
1780322962.733090,503,open
1780322962.753171,516,open
1780322962.773984,488,open
1780322962.794735,508,open
1780322962.815317,501,open
1780322962.835492,526,open
1780322962.852323,487,open
1780322962.871643,474,open
1780322962.892638,486,open
1780322962.912973,482,open
1780322962.933754,489,open
1780322962.954171,486,open
1780322962.974760,500,open
1780322962.995447,503,open
1780322963.011392,475,open
1780322963.032348,507,open
1780322963.052771,494,open
1780322963.073365,504,open
1780322963.093867,492,open
1780322963.113980,498,open
1780322963.134782,508,open
1780322963.155173,504,open
1780322963.175788,498,open
1780322963.191790,492,open
1780322963.211960,491,open
1780322963.232430,504,open
1780322963.253172,501,open
1780322963.273802,518,open
1780322963.294421,498,open
1780322963.314743,504,open
1780322963.335390,514,open
1780322963.351813,491,open
1780322963.372395,487,open
1780322963.392818,483,open
1780322963.412961,480,open
1780322963.433824,492,open
1780322963.454406,500,open
1780322963.474418,493,open
1780322963.495231,500,open
1780322963.515414,499,open
1780322963.535835,498,open
1780322963.556398,493,open
1780322963.572842,496,open
1780322963.593425,485,open
1780322963.612958,491,open
1780322963.634431,497,open
1780322963.654854,519,open
1780322963.675436,505,open
1780322963.695404,485,open
1780322963.716441,497,open
1780322963.736413,507,open
1780322963.753171,485,open
1780322963.773450,500,open
1780322963.794453,480,open
1780322963.814455,464,open
1780322963.835458,461,open
1780322963.855214,480,open
1780322963.875884,488,open
1780322963.896023,502,open
1780322963.912290,487,open
1780322963.933190,511,open
1780322963.953171,526,open
1780322963.974478,491,open
1780322963.994901,486,open
1780322964.015483,497,open
1780322964.035637,488,open
1780322964.056339,479,open
1780322964.076174,498,open
1780322964.092769,499,open
1780322964.113497,486,open
1780322964.133191,494,open
1780322964.154502,503,open
1780322964.174925,492,open
1780322964.195353,492,open
1780322964.215931,490,open
1780322964.236514,503,open
1780322964.252638,490,open
1780322964.273519,513,open
1780322964.293942,474,open
1780322964.314524,518,open
1780322964.334171,476,open
1780322964.355593,491,open
1780322964.375953,482,open
1780322964.396175,501,open
1780322964.416965,489,open
1780322964.437538,531,open
1780322964.456654,518,open
1780322964.473967,489,open
1780322964.494549,500,open
1780322964.514972,505,open
1780322964.535555,517,open
1780322964.555384,488,open
1780322964.576652,491,open
1780322964.596194,500,open
1780322964.617413,500,open
1780322964.633989,501,open
1780322964.654571,501,open
1780322964.674352,486,open
1780322964.695280,487,open
1780322964.715580,517,open
1780322964.736551,489,open
1780322964.756291,492,open
1780322964.777588,504,open
1780322964.797281,483,open
1780322964.813947,513,open
1780322964.834596,477,open
1780322964.855019,477,open
1780322964.875411,488,open
1780322964.895708,467,open
1780322964.916411,504,open
1780322964.936579,500,open
1780322964.957363,476,open
1780322964.974036,489,open
1780322964.994618,504,open
1780322965.013883,477,open
1780322965.035624,492,open
1780322965.055430,506,open
1780322965.075636,494,open
1780322965.096640,492,open
1780322965.117055,493,open
1780322965.137174,502,open
1780322965.153170,491,open
1780322965.174643,502,open
1780322965.195066,490,open
1780322965.215648,507,open
1780322965.235635,483,open
1780322965.256411,482,open
1780322965.277077,510,open
1780322965.297083,476,open
1780322965.317591,507,open
1780322965.338340,484,open
1780322965.358173,485,open
1780322965.375091,493,open
1780322965.395273,477,open
1780322965.416096,499,open
1780322965.436679,492,open
1780322965.456419,494,open
1780322965.477591,478,open
1780322965.498170,509,open
1780322965.518180,485,open
1780322965.535113,508,open
1780322965.555695,482,open
1780322965.576118,493,open
1780322965.596274,497,open
1780322965.617124,484,open
1780322965.637591,483,open
1780322965.657469,492,open
1780322965.678593,488,open
1780322965.698177,491,open
1780322965.715124,521,open
1780322965.735720,501,open
1780322965.755417,492,open
1780322965.776171,501,open
1780322965.796272,509,open
1780322965.817412,502,open
1780322965.837833,473,open
1780322965.858291,491,open
1780322965.875159,477,open
1780322965.895269,499,open
1780322965.916165,494,open
1780322965.936748,484,open
1780322965.956817,480,open
1780322965.977651,509,open
1780322965.997768,501,open
1780322966.017386,505,open
1780322966.037975,479,open
1780322966.055191,510,open
1780322966.075634,486,open
1780322966.096269,484,open
1780322966.115936,490,open
1780322966.136420,496,open
1780322966.157426,489,open
1780322966.177415,512,open
1780322966.198268,481,open
1780322966.215207,489,open
1780322966.235634,488,open
1780322966.255172,482,open
1780322966.276414,473,open
1780322966.296177,490,open
1780322966.316410,504,open
1780322966.337590,472,open
1780322966.357411,472,open
1780322966.378415,508,open
1780322966.398420,486,open
1780322966.419412,497,open
1780322966.436237,509,open
1780322966.456417,510,open
1780322966.477242,500,open
1780322966.497177,505,open
1780322966.518286,480,open
1780322966.538292,514,open
1780322966.559253,512,open
1780322966.579415,505,open
1780322966.600172,502,open
1780322966.615638,516,open
1780322966.636409,501,open
1780322966.656416,481,open
1780322966.677414,522,open
1780322966.697637,511,open
1780322966.718170,503,open
1780322966.738411,508,open
1780322966.759861,512,open
1780322966.776284,494,open
1780322966.796424,509,open
1780322966.817290,509,open
1780322966.837985,524,open
1780322966.858411,472,open
1780322966.878640,512,open
1780322966.898644,497,open
1780322966.919569,498,open
1780322966.939886,510,open
1780322966.956308,493,open
1780322966.976172,497,open
1780322966.997261,495,open
1780322967.017410,498,open
1780322967.038170,486,open
1780322967.058679,511,open
1780322967.079089,495,open
1780322967.099908,513,open
1780322967.116408,498,open
1780322967.136612,488,open
1780322967.157409,511,open
1780322967.177175,487,open
1780322967.197259,477,open
1780322967.219036,489,open
1780322967.238710,495,open
1780322967.259414,493,open
1780322967.279649,502,open
1780322967.300354,494,open
1780322967.320533,505,open
1780322967.337411,509,open
1780322967.357648,506,open
1780322967.378174,506,open
1780322967.398258,498,open
1780322967.419412,530,open
1780322967.439955,507,open
1780322967.460377,491,open
1780322967.480172,492,open
1780322967.496257,501,open
1780322967.517411,488,open
1780322967.537410,498,open
1780322967.558420,494,open
1780322967.578175,512,open
1780322967.599397,520,open
1780322967.619633,502,open
1780322967.640403,504,open
1780322967.660985,492,open
1780322967.677413,536,open
1780322967.697254,492,open
1780322967.718170,497,open
1780322967.738170,489,open
1780322967.759413,503,open
1780322967.779176,503,open
1780322967.800425,490,open
1780322967.821007,522,open
1780322967.837009,491,open
1780322967.857014,501,open
1780322967.877416,507,open
1780322967.898422,500,open
1780322967.918170,487,open
1780322967.939444,504,open
1780322967.960026,512,open
1780322967.980414,498,open
1780322968.001032,486,open
1780322968.017411,480,open
1780322968.037409,495,open
1780322968.058172,482,open
1780322968.078414,509,open
1780322968.099466,507,open
1780322968.120044,502,open
1780322968.140051,507,open
1780322968.161054,517,open
1780322968.180172,482,open
1780322968.201478,509,open
1780322968.222060,510,open
1780322968.238410,523,open
1780322968.258417,491,open
1780322968.279356,494,open
1780322968.300073,500,open
1780322968.320387,512,open
1780322968.341079,522,open
1780322968.361501,501,open
1780322968.381171,519,open
1780322968.398175,506,open
1780322968.418410,486,open
1780322968.438412,488,open
1780322968.460095,494,open
1780322968.479414,489,open
1780322968.500521,504,open
1780322968.521104,493,open
1780322968.541411,514,open
1780322968.561911,516,open
1780322968.578200,512,open
1780322968.599205,498,open
1780322968.619537,502,open
1780322968.640120,524,open
1780322968.660410,502,open
1780322968.681126,508,open
1780322968.701549,494,open
1780322968.722131,524,open
1780322968.737409,503,open
1780322968.759173,499,open
1780322968.779171,487,open
1780322968.799276,516,open
1780322968.820145,518,open
1780322968.840568,514,open
1780322968.861151,497,open
1780322968.881574,502,open
1780322968.902156,510,open
1780322968.918408,512,open
1780322968.938792,502,open
1780322968.959585,509,open
1780322968.979631,525,open
1780322969.000464,503,open
1780322969.020468,519,open
1780322969.041596,516,open
1780322969.061906,518,open
1780322969.082171,514,open
1780322969.103181,513,open
1780322969.118411,506,open
1780322969.139410,498,open
1780322969.160192,524,open
1780322969.180170,502,open
1780322969.201243,505,open
1780322969.221621,494,open
1780322969.242203,511,open
1780322969.262409,513,open
1780322969.283053,505,open
1780322969.299631,505,open
1780322969.320214,502,open
1780322969.340637,504,open
1780322969.361220,506,open
1780322969.381222,516,open
1780322969.402225,525,open
1780322969.422228,483,open
1780322969.442651,516,open
1780322969.458407,508,open
1780322969.479409,525,open
1780322969.500239,491,open
1780322969.520662,538,open
1780322969.541244,512,open
1780322969.561667,514,open
1780322969.582250,548,open
1780322969.602673,510,open
1780322969.623255,509,open
1780322969.638408,510,open
1780322969.660261,500,open
1780322969.679411,498,open
1780322969.701266,504,open
1780322969.721269,506,open
1780322969.741632,492,open
1780322969.761426,511,open
1780322969.782411,543,open
1780322969.803170,521,open
1780322969.819171,495,open
1780322969.839405,510,open
1780322969.860709,491,open
1780322969.880410,517,open
1780322969.901714,520,open
1780322969.922297,512,open
1780322969.942174,517,open
1780322969.963303,511,open
1780322969.983723,512,open
1780322970.003731,533,open
1780322970.020310,515,open
1780322970.040733,496,open
1780322970.061316,496,open
1780322970.081414,508,open
1780322970.102321,507,open
1780322970.122745,507,open
1780322970.143411,506,open
1780322970.163900,511,open
1780322970.183419,508,open
1780322970.200756,493,open
1780322970.221338,548,open
1780322970.241830,533,open
1780322970.262344,512,open
1780322970.282413,513,open
1780322970.302635,505,open
1780322970.323352,524,open
1780322970.344092,532,open
1780322970.360357,500,open
1780322970.380780,507,open
1780322970.401363,496,open
1780322970.421847,512,open
1780322970.442369,505,open
1780322970.462895,505,open
1780322970.483171,516,open
1780322970.503797,505,open
1780322970.524380,514,open
1780322970.540802,494,open
1780322970.561357,519,open
1780322970.581808,516,open
1780322970.602390,509,open
1780322970.622393,503,open
1780322970.643396,493,open
1780322970.663399,522,open
1780322970.683629,510,open
1780322970.700505,525,open
1780322970.720827,517,open
1780322970.741412,544,open
1780322970.761419,507,open
1780322970.782412,493,open
1780322970.802838,507,open
1780322970.823421,527,open
1780322970.843629,508,open
1780322970.863634,506,open
1780322970.884847,529,open
1780322970.905173,523,open
1780322970.921434,508,open
1780322970.942437,523,open
1780322970.962412,512,open
1780322970.982408,537,open
1780322971.003445,509,open
1780322971.023869,521,open
1780322971.044450,501,open
1780322971.064873,512,open
1780322971.085456,541,open
1780322971.101880,511,open
1780322971.122462,516,open
1780322971.142703,516,open
1780322971.162889,527,open
1780322971.183891,525,open
1780322971.204473,524,open
1780322971.224896,499,open
1780322971.245220,527,open
1780322971.261481,514,open
1780322971.281904,528,open
1780322971.302487,537,open
1780322971.322910,519,open
1780322971.343492,501,open
1780322971.363628,488,open
1780322971.384498,516,open
1780322971.404921,534,open
1780322971.425504,509,open
1780322971.441927,514,open
1780322971.462509,530,open
1780322971.482184,533,open
1780322971.503186,520,open
1780322971.523938,513,open
1780322971.544520,518,open
1780322971.564523,517,open
1780322971.585526,519,open
1780322971.601220,513,open
1780322971.621951,526,open
1780322971.641869,540,open
1780322971.662412,526,open
1780322971.683539,521,open
1780322971.703963,527,open
1780322971.724545,530,open
1780322971.744968,528,open
1780322971.765152,527,open
1780322971.781973,530,open
1780322971.806459,499,open
1780322971.822558,490,open
1780322971.843467,538,open
1780322971.863471,515,open
1780322971.884475,526,open
1780322971.904481,506,open
1780322971.924993,543,open
1780322971.945214,538,open
1780322971.965998,520,open
1780322971.982500,513,open
1780322972.003067,527,open
1780322972.023172,492,open
1780322972.043628,526,open
1780322972.063881,534,open
1780322972.084413,520,open
1780322972.105413,526,open
1780322972.126072,520,open
1780322972.146214,532,open
1780322972.162216,541,open
1780322972.182411,530,open
1780322972.203170,522,open
1780322972.223180,540,open
1780322972.244617,510,open
1780322972.265040,525,open
1780322972.285622,514,open
1780322972.305635,518,open
1780322972.322181,528,open
1780322972.343050,507,open
1780322972.363633,530,open
1780322972.384056,515,open
1780322972.404408,539,open
1780322972.425062,514,open
1780322972.445209,516,open
1780322972.466068,528,open
1780322972.486650,504,open
1780322972.502213,531,open
1780322972.523075,518,open
1780322972.543658,523,open
1780322972.564081,506,open
1780322972.584663,519,open
1780322972.604630,520,open
1780322972.625669,515,open
1780322972.645629,538,open
1780322972.662629,511,open
1780322972.682409,515,open
1780322972.703680,489,open
1780322972.724103,521,open
1780322972.744685,546,open
1780322972.765109,506,open
1780322972.785691,526,open
1780322972.805410,533,open
1780322972.826405,516,open
1780322972.846177,524,open
1780322972.866403,527,open
1780322972.883173,532,open
1780322972.904128,537,open
1780322972.924710,511,open
1780322972.945133,518,open
1780322972.965716,545,open
1780322972.986139,531,open
1780322973.006413,522,open
1780322973.027171,519,open
1780322973.047206,514,open
1780322973.063730,531,open
1780322973.084732,534,open
1780322973.104735,520,open
1780322973.125738,512,open
1780322973.145203,504,open
1780322973.166164,517,open
1780322973.186746,516,open
1780322973.206404,527,open
1780322973.223752,543,open
1780322973.244174,515,open
1780322973.264757,513,open
1780322973.285181,535,open
1780322973.305446,523,open
1780322973.326173,534,open
1780322973.346203,510,open
1780322973.367192,552,open
1780322973.387405,545,open
1780322973.403776,549,open
1780322973.424199,509,open
1780322973.444782,520,open
1780322973.465205,515,open
1780322973.485554,530,open
1780322973.505464,514,open
1780322973.526414,509,open
1780322973.547201,551,open
1780322973.563867,504,open
1780322973.584222,514,open
1780322973.604270,539,open
1780322973.625227,543,open
1780322973.645198,515,open
1780322973.665920,533,open
1780322973.686815,510,open
1780322973.706412,540,open
1780322973.727424,519,open
1780322973.747585,512,open
1780322973.768169,519,open
1780322973.784828,530,open
1780322973.805252,522,open
1780322973.825835,535,open
1780322973.846198,531,open
1780322973.866840,537,open
1780322973.887204,544,open
1780322973.907404,522,open
1780322973.928170,512,open
1780322973.944851,541,open
1780322973.965274,523,open
1780322973.985856,526,open
1780322974.005380,540,open
1780322974.026862,527,open
1780322974.046865,521,open
1780322974.067581,527,open
1780322974.087175,531,open
1780322974.107424,543,open
1780322974.124876,520,open
1780322974.145194,517,open
1780322974.165881,532,open
1780322974.186304,521,open
1780322974.206239,525,open
1780322974.226401,515,open
1780322974.247194,550,open
1780322974.268403,514,open
1780322974.288404,503,open
1780322974.304900,519,open
1780322974.325903,525,open
1780322974.345383,532,open
1780322974.366411,502,open
1780322974.386862,502,open
1780322974.406514,526,open
1780322974.427581,521,open
1780322974.448193,540,open
1780322974.464923,528,open
1780322974.485411,516,open
1780322974.505427,568,open
1780322974.526399,547,open
1780322974.546193,512,open
1780322974.567405,525,open
1780322974.587581,528,open
1780322974.608194,526,open
1780322974.628185,578,open
1780322974.648192,517,open
1780322974.669371,507,open
1780322974.685953,511,open
1780322974.706415,508,open
1780322974.726959,519,open
1780322974.747191,518,open
1780322974.767581,498,open
1780322974.788171,509,open
1780322974.808419,504,open
1780322974.829393,527,open
1780322974.845188,541,open
1780322974.865599,527,open
1780322974.886412,522,open
1780322974.907428,528,open
1780322974.927580,540,open
1780322974.947188,546,open
1780322974.968402,499,open
1780322974.988182,512,open
1780322975.009425,519,open
1780322975.026172,526,open
1780322975.046445,515,open
1780322975.067005,509,open
1780322975.087401,530,open
1780322975.107403,533,open
1780322975.128180,506,open
1780322975.148186,513,open
1780322975.169173,508,open
1780322975.185176,513,open
1780322975.206182,536,open
1780322975.226734,539,open
1780322975.246739,504,open
1780322975.267744,539,open
1780322975.287748,516,open
1780322975.308753,496,open
1780322975.329171,524,open
1780322975.349465,516,open
1780322975.366046,533,open
1780322975.386402,497,open
1780322975.406401,531,open
1780322975.427475,518,open
1780322975.447180,542,open
1780322975.468170,520,open
1780322975.488402,528,open
1780322975.509432,517,open
1780322975.530066,526,open
1780322975.550490,508,open
1780322975.570405,531,open
1780322975.587077,530,open
1780322975.607500,523,open
1780322975.627403,524,open
1780322975.648183,550,open
1780322975.669173,502,open
1780322975.689512,533,open
1780322975.710093,517,open
1780322975.730228,537,open
1780322975.747219,524,open
1780322975.767522,533,open
1780322975.788181,545,open
1780322975.808407,508,open
1780322975.828225,530,open
1780322975.849533,529,open
1780322975.870116,536,open
1780322975.890539,500,open
1780322975.911122,528,open
1780322975.927174,533,open
1780322975.947180,507,open
1780322975.968170,547,open
1780322975.988184,540,open
1780322976.008433,533,open
1780322976.029487,497,open
1780322976.050141,487,open
1780322976.070491,536,open
1780322976.086408,522,open
1780322976.107410,514,open
1780322976.127401,552,open
1780322976.148178,526,open
1780322976.168404,509,open
1780322976.188402,530,open
1780322976.210163,518,open
1780322976.230166,516,open
1780322976.251168,483,open
1780322976.267171,524,open
1780322976.287579,540,open
1780322976.307422,565,open
1780322976.328176,458,open
1780322976.349176,511,open
1780322976.369171,491,open
1780322976.390188,504,open
1780322976.410611,539,open
1780322976.431190,519,open
1780322976.451614,521,open
1780322976.467368,517,open
1780322976.488193,505,open
1780322976.508421,522,open
1780322976.529207,515,open
1780323061.690355,433,left
1780323061.706323,473,left
1780323061.726939,510,left
1780323061.747484,551,left
1780323061.767484,545,left
1780323061.788218,510,left
1780323061.808245,496,left
1780323061.829374,420,left
1780323061.849957,438,left
1780323061.870379,454,left
1780323061.890962,468,left
1780323061.911297,473,left
1780323061.927244,460,left
1780323061.948170,507,left
1780323061.968315,500,left
1780323061.989396,486,left
1780323062.009979,494,left
1780323062.030401,551,left
1780323062.051175,507,left
1780323062.071407,520,left
1780323062.087409,493,left
1780323062.107364,527,left
1780323062.128310,530,left
1780323062.148170,555,left
1780323062.169420,560,left
1780323062.190003,536,left
1780323062.210426,538,left
1780323062.230310,545,left
1780323062.251432,511,left
1780323062.272014,463,left
1780323062.292438,492,left
1780323062.313065,479,left
1780323062.333352,467,left
1780323062.350025,471,left
1780323062.370448,460,left
1780323062.391031,442,left
1780323062.411033,461,left
1780323062.432036,489,left
1780323062.452039,472,left
1780323062.472462,520,left
1780323062.493044,500,left
1780323062.513468,506,left
1780323062.529400,471,left
1780323062.550473,522,left
1780323062.571055,494,left
1780323062.591479,517,left
1780323062.612062,530,left
1780323062.632172,536,left
1780323062.652306,535,left
1780323062.673490,499,left
1780323062.690072,515,left
1780323062.710074,523,left
1780323062.731077,505,left
1780323062.751080,486,left
1780323062.771503,530,left
1780323062.792086,484,left
1780323062.812509,488,left
1780323062.832325,505,left
1780323062.853184,486,left
1780323062.869309,476,left
1780323062.890520,478,left
1780323062.911058,510,left
1780323062.931526,482,left
1780323062.952108,510,left
1780323062.972531,472,left
1780323062.993170,511,left
1780323063.013537,515,left
1780323063.030119,503,left
1780323063.050122,515,left
1780323063.070544,533,left
1780323063.091127,559,left
1780323063.111550,504,left
1780323063.132183,521,left
1780323063.152556,509,left
1780323063.173169,510,left
1780323063.193561,501,left
1780323063.214142,501,left
1780323063.234565,489,left
1780323063.251149,468,left
1780323063.271573,481,left
1780323063.292155,488,left
1780323063.312578,509,left
1780323063.333193,479,left
1780323063.353185,513,left
1780323063.374166,493,left
1780323063.394168,484,left
1780323063.410592,515,left
1780323063.431174,493,left
1780323063.451597,509,left
1780323063.472179,509,left
1780323063.492603,516,left
1780323063.513182,489,left
1780323063.533244,517,left
1780323063.554191,531,left
1780323063.574614,530,left
1780323063.591196,515,left
1780323063.611619,530,left
1780323063.632365,509,left
1780323063.652204,492,left
1780323063.673207,468,left
1780323063.693182,470,left
1780323063.713633,460,left
1780323063.733360,487,left
1780323063.754191,470,left
1780323063.771205,461,left
1780323063.791644,457,left
1780323063.812226,473,left
1780323063.832650,541,left
1780323063.853182,496,left
1780323063.873655,505,left
1780323063.894218,498,left
1780323063.914661,524,left
1780323063.931243,552,left
1780323063.951246,530,left
1780323063.972179,537,left
1780323063.992251,520,left
1780323064.012676,536,left
1780323064.033334,502,left
1780323064.053185,466,left
1780323064.074263,502,left
1780323064.094381,511,left
1780323064.115265,456,left
1780323064.135306,442,left
1780323064.152273,479,left
1780323064.172696,472,left
1780323064.193279,457,left
1780323064.213702,513,left
1780323064.234171,593,left
1780323064.254195,531,left
1780323064.275289,526,left
1780323064.295292,524,left
1780323064.311716,528,left
1780323064.332171,464,left
1780323064.352721,415,left
1780323064.373171,445,left
1780323064.393727,509,left
1780323064.414309,517,left
1780323064.434732,565,left
1780323064.455315,516,left
1780323064.475738,518,left
1780323064.492320,445,left
1780323064.512743,388,left
1780323064.533195,387,left
1780323064.553183,422,left
1780323064.574331,451,left
1780323064.594420,476,left
1780323064.615337,523,left
1780323064.635340,536,left
1780323064.651763,539,left
1780323064.672345,554,left
1780323064.692768,520,left
1780323064.713350,529,left
1780323064.733206,509,left
1780323064.754356,503,left
1780323064.774779,491,left
1780323064.795175,497,left
1780323064.815785,475,left
1780323064.832304,471,left
1780323064.852381,478,left
1780323064.873372,496,left
1780323064.893375,487,left
1780323064.914378,489,left
1780323064.933734,494,left
1780323064.954736,477,left
1780323064.975386,487,left
1780323064.995523,472,left
1780323065.016389,428,left
1780323065.036813,414,left
1780323065.053172,497,left
1780323065.073343,598,left
1780323065.094372,620,left
1780323065.114826,602,left
1780323065.135173,628,left
1780323065.155348,607,left
1780323065.176301,645,left
1780323065.196174,728,left
1780323065.212840,697,left
1780323065.233497,635,left
1780323065.253682,560,left
1780323065.274428,565,left
1780323065.294851,559,left
1780323065.315434,501,left
1780323065.335501,497,left
1780323065.356358,451,left
1780323065.376513,406,left
1780323065.393444,393,left
1780323065.413038,387,left
1780323065.434450,383,left
1780323065.454360,398,left
1780323065.475456,424,left
1780323065.495879,404,left
1780323065.516470,434,left
1780323065.536316,444,left
1780323065.552886,455,left
1780323065.573469,462,left
1780323065.593892,475,left
1780323065.614475,491,left
1780323065.634898,482,left
1780323065.655308,516,left
1780323065.675904,536,left
1780323065.696486,548,left
1780323065.716909,540,left
1780323065.733605,509,left
1780323065.753464,446,left
1780323065.774497,468,left
1780323065.794365,452,left
1780323065.815502,419,left
1780323065.835505,412,left
1780323065.856361,425,left
1780323065.876301,415,left
1780323065.893047,422,left
1780323065.917480,423,left
1780323065.933939,464,left
1780323065.954357,422,left
1780323065.974945,466,left
1780323065.995528,494,left
1780323066.015950,483,left
1780323066.035676,466,left
1780323066.056301,516,left
1780323066.077479,517,left
1780323066.097173,523,left
1780323066.114544,558,left
1780323066.134546,540,left
1780323066.155549,650,left
1780323066.175552,492,left
1780323066.195975,526,left
1780323066.216179,523,left
1780323066.236980,506,left
1780323066.257307,519,left
1780323066.273986,445,left
1780323066.294639,471,left
1780323066.314991,505,left
1780323066.335371,505,left
1780323066.355172,495,left
1780323066.376580,544,left
1780323066.397002,547,left
1780323066.417173,458,left
1780323066.437479,483,left
1780323066.453617,486,left
1780323066.474205,544,left
1780323066.495016,507,left
1780323066.515599,534,left
1780323066.535545,501,left
1780323066.556173,523,left
1780323066.577028,491,left
1780323066.597240,486,left
1780323066.614032,448,left
1780323066.634560,441,left
1780323066.655038,420,left
1780323066.675621,441,left
1780323066.695173,465,left
1780323066.716300,483,left
1780323066.737050,449,left
1780323066.757360,453,left
1780323066.777479,458,left
1780323066.794057,475,left
1780323066.814640,470,left
1780323066.834426,546,left
1780323066.855191,509,left
1780323066.876069,522,left
1780323066.896357,508,left
1780323066.917074,540,left
1780323066.937479,527,left
1780323066.957359,498,left
1780323066.978170,541,left
1780323066.998187,531,left
1780323067.015668,500,left
1780323067.035364,508,left
1780323067.056356,467,left
1780323067.076299,518,left
1780323067.097358,522,left
1780323067.117378,463,left
1780323067.137999,472,left
1780323067.158298,509,left
1780323067.175110,485,left
1780323067.195693,498,left
1780323067.216115,448,left
1780323067.236758,497,left
1780323067.256299,503,left
1780323067.277301,517,left
1780323067.298171,523,left
1780323067.318170,530,left
1780323067.338489,506,left
1780323067.355173,513,left
1780323067.375717,520,left
1780323067.396141,537,left
1780323067.416301,491,left
1780323067.436800,532,left
1780323067.457306,521,left
1780323067.477303,497,left
1780323067.498185,469,left
1780323067.515157,513,left
1780323067.535097,492,left
1780323067.556173,493,left
1780323067.576299,497,left
1780323067.597168,506,left
1780323067.617177,485,left
1780323067.638103,462,left
1780323067.658359,508,left
1780323067.678364,470,left
1780323067.695182,467,left
1780323067.715764,475,left
1780323067.736187,511,left
1780323067.756699,536,left
1780323067.777193,483,left
1780323067.797477,488,left
1780323067.817303,526,left
1780323067.838131,502,left
1780323067.858338,520,left
1780323067.879301,537,left
1780323067.895349,507,left
1780323067.916301,510,left
1780323067.937215,492,left
1780323067.957308,532,left
1780323067.977477,506,left
1780323067.998169,505,left
1780323068.018169,520,left
1780323068.039808,510,left
1780323068.059811,533,left
1780323068.076298,489,left
1780323068.096227,517,left
1780323068.117240,502,left
1780323068.137330,489,left
1780323068.157349,454,left
1780323068.178181,460,left
1780323068.199251,422,left
1780323068.219443,456,left
1780323068.240257,463,left
1780323068.256299,492,left
1780323068.276841,525,left
1780323068.297477,457,left
1780323068.317477,477,left
1780323068.338181,507,left
1780323068.358199,495,left
1780323068.379300,460,left
1780323068.399858,500,left
1780323068.416297,467,left
1780323068.436864,493,left
1780323068.457300,493,left
1780323068.477301,509,left
1780323068.498302,493,left
1780323068.518303,476,left
1780323068.539091,499,left
1780323068.559377,542,left
1780323068.580379,508,left
1780323068.596886,473,left
1780323068.616656,501,left
1780323068.636660,517,left
1780323068.657665,503,left
1780323068.678179,484,left
1780323068.698169,492,left
1780323068.718979,512,left
1780323068.739905,576,left
1780323068.760326,504,left
1780323068.780909,510,left
1780323068.797333,529,left
1780323068.817748,486,left
1780323068.838180,547,left
1780323068.858173,504,left
1780323068.879192,531,left
1780323068.899826,474,left
1780323068.919754,479,left
1780323068.940932,504,left
1780323068.960935,511,left
1780323068.977298,484,left
1780323068.997175,482,left
1780323069.018299,459,left
1780323069.038181,483,left
1780323069.059370,538,left
1780323069.079299,486,left
1780323069.100375,503,left
1780323069.120957,503,left
1780323069.137306,474,left
1780323069.157308,496,left
1780323069.178169,501,left
1780323069.198338,483,left
1780323069.218170,503,left
1780323069.239974,493,left
1780323069.259977,546,left
1780323069.280980,543,left
1780323069.300982,535,left
1780323069.317303,527,left
1780323069.337929,518,left
1780323069.358170,501,left
1780323069.378181,473,left
1780323069.399416,443,left
1780323069.419999,526,left
1780323069.440422,492,left
1780323069.460717,502,left
1780323069.477209,559,left
1780323069.497475,524,left
1780323069.517302,487,left
1780323069.538537,500,left
1780323069.558308,484,left
1780323069.579441,469,left
1780323069.599171,494,left
1780323069.620447,438,left
1780323069.641029,483,left
1780323069.660998,527,left
1780323069.682033,505,left
1780323069.698170,514,left
1780323069.718179,532,left
1780323069.739191,480,left
1780323069.760045,509,left
1780323069.780468,527,left
1780323069.801051,536,left
1780323069.821474,502,left
1780323069.842056,531,left
1780323069.862480,469,left
1780323069.878170,493,left
1780323069.898224,505,left
1780323069.919488,505,left
1780323069.940070,521,left
1780323069.960493,518,left
1780323069.981076,502,left
1780323070.001499,525,left
1780323070.022082,472,left
1780323070.038169,488,left
1780323070.058341,491,left
1780323070.079171,487,left
1780323070.100092,487,left
1780323070.120516,516,left
1780323070.141173,501,left
1780323070.160993,573,left
1780323070.182104,561,left
1780323070.202106,506,left
1780323070.218170,488,left
1780323070.239194,519,left
1780323070.259535,538,left
1780323070.279299,517,left
1780323070.300540,465,left
1780323070.321123,497,left
1780323070.341216,490,left
1780323070.362129,526,left
1780323070.378300,474,left
1780323070.399171,506,left
1780323070.419173,497,left
1780323070.440139,476,left
1780323070.460142,460,left
1780323070.481173,526,left
1780323070.501148,530,left
1780323070.521571,532,left
1780323070.542154,515,left
1780323070.562574,488,left
1780323070.582200,567,left
1780323070.599581,544,left
1780323070.619727,505,left
1780323070.640588,545,left
1780323070.660989,547,left
1780323070.681173,560,left
1780323070.702175,504,left
1780323070.722597,483,left
1780323070.743236,460,left
1780323070.758296,464,left
1780323070.779318,485,left
1780323070.800189,476,left
1780323070.820611,549,left
1780323070.841194,518,left
1780323070.861618,531,left
1780323070.882200,466,left
1780323070.902623,511,left
1780323070.923206,505,left
1780323070.939628,497,left
1780323070.960313,492,left
1780323070.980634,534,left
1780323071.001216,536,left
1780323071.021639,514,left
1780323071.042222,516,left
1780323071.062645,536,left
1780323071.082482,517,left
1780323071.099231,509,left
1780323071.119653,524,left
1780323071.140235,523,left
1780323071.160285,516,left
1780323071.181242,550,left
1780323071.201664,506,left
1780323071.222247,533,left
1780323071.242670,504,left
1780323071.263252,506,left
1780323071.279295,519,left
1780323071.300362,502,left
1780323071.320681,541,left
1780323071.341263,533,left
1780323071.361687,469,left
1780323071.382181,496,left
1780323071.402304,512,left
1780323071.423173,535,left
1780323071.443278,493,left
1780323071.463698,503,left
1780323071.484280,518,left
1780323071.500705,505,left
1780323071.521288,493,left
1780323071.541711,537,left
1780323071.562294,509,left
1780323071.582317,498,left
1780323071.603300,496,left
1780323071.623491,518,left
1780323071.644304,492,left
1780323071.660728,497,left
1780323071.681310,516,left
1780323071.700357,475,left
1780323071.722316,475,left
1780323071.742189,515,left
1780323071.762590,511,left
1780323071.783356,515,left
1780323071.803748,505,left
1780323071.824318,542,left
1780323071.840753,503,left
1780323071.861335,514,left
1780323071.881758,533,left
1780323071.902341,535,left
1780323071.922764,518,left
1780323071.943346,573,left
1780323071.962981,555,left
1780323071.984352,546,left
1780323072.000354,532,left
1780323072.021357,522,left
1780323072.041360,505,left
1780323072.061783,526,left
1780323072.082171,536,left
1780323072.102177,539,left
1780323072.123371,504,left
1780323072.143795,542,left
1780323072.164173,492,left
1780323072.180171,524,left
1780323072.201382,511,left
1780323072.221805,502,left
1780323072.242388,497,left
1780323072.262811,525,left
1780323072.283393,504,left
1780323072.303817,551,left
1780323072.324403,531,left
1780323072.340401,521,left
1780323072.365361,516,left
1780323072.381297,485,left
1780323072.401830,496,left
1780323072.421962,532,left
1780323072.442202,525,left
1780323072.463418,539,left
1780323072.483841,556,left
1780323072.504423,541,left
1780323072.524845,529,left
1780323072.545428,502,left
1780323072.561852,513,left
1780323072.582326,534,left
1780323072.602330,491,left
1780323072.623206,510,left
1780323072.642621,510,left
1780323072.664446,580,left
1780323072.684448,526,left
1780323072.704871,535,left
1780323072.725454,494,left
1780323072.741218,507,left
1780323072.762459,491,left
1780323072.782344,529,left
1780323072.803465,483,left
1780323072.823182,515,left
1780323072.844302,511,left
1780323072.864893,526,left
1780323072.885476,546,left
1780323072.901899,525,left
1780323072.922175,546,left
1780323072.942484,505,left
1780323072.963487,546,left
1780323072.983300,551,left
1780323073.003913,496,left
1780323073.024496,518,left
1780323073.044300,533,left
1780323073.065501,544,left
1780323073.081923,532,left
1780323073.102506,544,left
1780323073.123169,516,left
1780323073.143511,506,left
1780323073.163935,485,left
1780323073.184517,496,left
1780323073.204940,507,left
1780323073.225523,490,left
1780323073.241525,502,left
1780323073.262528,525,left
1780323073.282296,518,left
1780323073.303024,551,left
1780323073.323537,520,left
1780323073.343960,522,left
1780323073.364542,520,left
1780323073.384965,513,left
1780323073.405548,503,left
1780323073.425298,490,left
1780323073.445714,486,left
1780323073.462976,503,left
1780323073.483539,528,left
1780323073.503982,538,left
1780323073.524564,534,left
1780323073.544218,494,left
1780323073.565570,528,left
1780323073.585572,505,left
1780323073.606173,515,left
1780323073.622578,514,left
1780323073.643001,501,left
1780323073.663583,524,left
1780323073.683294,528,left
1780323073.704589,533,left
1780323073.725012,577,left
1780323073.745595,526,left
1780323073.766018,536,left
1780323073.786302,516,left
1780323073.803169,474,left
1780323073.823605,508,left
1780323073.844028,517,left
1780323073.864611,537,left
1780323073.884614,539,left
1780323073.905312,531,left
1780323073.925620,554,left
1780323073.946043,527,left
1780323073.962625,541,left
1780323073.982403,516,left
1780323074.003631,497,left
1780323074.024053,524,left
1780323074.044636,489,left
1780323074.065059,525,left
1780323074.085642,507,left
1780323074.105192,535,left
1780323074.126647,551,left
1780323074.143070,539,left
1780323074.163652,521,left
1780323074.183655,506,left
1780323074.204658,539,left
1780323074.224660,529,left
1780323074.245084,499,left
1780323074.265666,513,left
1780323074.286089,512,left
1780323074.306409,528,left
1780323074.327093,510,left
1780323074.347614,534,left
1780323074.364100,511,left
1780323074.384682,519,left
1780323074.405105,551,left
1780323074.425688,508,left
1780323074.446111,551,left
1780323074.466694,506,left
1780323074.487117,546,left
1780323074.507301,519,left
1780323074.523702,516,left
1780323074.544125,537,left
1780323074.564707,513,left
1780323074.585130,515,left
1780323074.605348,534,left
1780323074.626136,509,left
1780323074.646719,532,left
1780323074.667142,497,left
1780323074.687294,480,left
1780323074.704201,513,left
1780323074.724729,523,left
1780323074.745152,525,left
1780323074.765193,520,left
1780323074.786158,517,left
1780323074.806319,534,left
1780323074.826174,514,left
1780323074.847470,548,left
1780323074.863749,499,left
1780323074.884172,521,left
1780323074.904373,518,left
1780323074.925177,524,left
1780323074.945760,490,left
1780323074.965399,430,left
1780323074.986766,421,left
1780323075.006454,477,left
1780323075.027322,490,left
1780323075.044194,547,left
1780323075.064777,520,left
1780323075.085199,505,left
1780323075.105827,552,left
1780323075.125785,521,left
1780323075.146788,538,left
1780323075.166174,528,left
1780323075.187213,497,left
1780323075.207326,493,left
1780323075.227292,516,left
1780323075.244801,511,left
1780323075.265224,523,left
1780323075.285807,508,left
1780323075.306181,513,left
1780323075.326291,537,left
1780323075.347236,562,left
1780323075.367469,587,left
1780323075.388294,566,left
1780323075.408330,560,left
1780323075.424826,570,left
1780323075.445829,523,left
1780323075.465832,496,left
1780323075.486300,448,left
1780323075.506837,430,left
1780323075.526348,460,left
1780323075.547195,510,left
1780323075.568171,509,left
1780323075.584848,528,left
1780323075.605220,581,left
1780323075.625854,655,left
1780323075.646353,608,left
1780323075.666302,591,left
1780323075.687283,599,left
1780323075.707339,605,left
1780323075.728184,567,left
1780323075.748178,535,left
1780323075.764873,558,left
1780323075.785296,503,left
1780323075.805878,541,left
1780323075.826288,512,left
1780323075.846290,508,left
1780323075.867307,514,left
1780323075.887469,512,left
1780323075.908309,546,left
1780323075.928173,484,left
1780323075.945318,467,left
1780323075.965900,516,left
1780323075.986290,493,left
1780323076.006299,499,left
1780323076.027293,495,left
1780323076.047468,515,left
1780323076.067468,532,left
1780323076.088171,574,left
1780323076.108293,576,left
1780323076.129220,576,left
1780323076.145926,559,left
1780323076.166348,578,left
1780323076.186299,597,left
1780323076.207333,579,left
1780323076.227468,564,left
1780323076.248169,561,left
1780323076.268179,512,left
1780323076.289365,532,left
1780323076.309947,547,left
1780323076.325959,530,left
1780323076.346953,468,left
1780323076.366289,474,left
1780323076.387313,525,left
1780323076.407319,491,left
1780323076.428291,467,left
1780323076.448171,472,left
1780323076.469390,464,left
1780323076.485972,486,left
1780323076.506295,475,left
1780323076.526978,478,left
1780323076.547401,478,left
1780323076.567468,528,left
1780323076.588184,491,left
1780323076.608184,525,left
1780323076.629412,559,left
1780323076.649995,576,left
1780323076.665997,563,left
1780323076.686420,562,left
1780323076.706495,545,left
1780323076.727292,530,left
1780323076.747293,559,left
1780323076.768294,525,left
1780323076.788294,546,left
1780323076.809437,530,left
1780323076.825173,540,left
1780323076.846442,512,left
1780323076.867025,541,left
1780323076.887448,525,left
1780323076.907406,547,left
1780323076.928294,510,left
1780323076.948295,530,left
1780323076.969459,528,left
1780323076.990041,525,left
1780323077.009172,509,left
1780323077.030562,532,left
1780323077.047050,502,left
1780323077.067294,528,left
1780323077.087300,517,left
1780323077.108328,517,left
1780323077.129173,554,left
1780323077.149470,487,left
1780323077.170065,510,left
1780323077.190488,472,left
1780323077.210325,507,left
1780323077.227467,550,left
1780323077.247195,520,left
1780323077.267292,530,left
1780323077.288204,522,left
1780323077.308313,520,left
1780323077.330088,521,left
1780323077.350091,503,left
1780323077.370514,523,left
1780323077.386290,539,left
1780323077.407327,532,left
1780323077.428219,508,left
1780323077.448170,540,left
1780323077.468292,532,left
1780323077.489531,530,left
1780323077.510113,540,left
1780323077.530536,519,left
1780323077.551174,533,left
1780323077.567185,519,left
1780323077.588184,550,left
1780323077.607304,550,left
1780323077.628292,536,left
1780323077.648291,508,left
1780323077.669555,522,left
1780323077.690172,551,left
1780323077.710561,519,left
1780323077.727143,523,left
1780323077.747466,494,left
1780323077.767290,502,left
1780323077.788292,527,left
1780323077.808295,529,left
1780323077.829193,528,left
1780323077.850160,515,left
1780323077.870583,531,left
1780323077.891231,511,left
1780323077.911586,505,left
1780323077.931291,472,left
1780323077.948170,509,left
1780323077.968184,467,left
1780323077.989202,440,left
1780323078.009602,414,left
1780323078.030290,369,left
1780323078.050608,454,left
1780323078.071189,519,left
1780323078.091612,519,left
1780323078.108182,556,left
1780323078.128292,575,left
1780323078.149202,601,left
1780323078.169427,567,left
1780323078.190207,588,left
1780323078.210630,551,left
1780323078.231308,551,left
1780323078.251256,575,left
1780323078.272218,560,left
1780323078.287287,549,left
1780323078.308295,520,left
1780323078.329288,522,left
1780323078.349649,533,left
1780323078.370288,495,left
1780323078.390655,477,left
1780323078.411237,489,left
1780323078.431661,457,left
1780323078.448170,461,left
1780323078.468184,506,left
1780323078.489288,469,left
1780323078.508405,499,left
1780323078.530254,497,left
1780323078.550256,495,left
1780323078.571259,499,left
1780323078.591262,536,left
1780323078.611685,496,left
1780323078.628184,542,left
1780323078.648170,544,left
1780323078.669273,547,left
1780323078.689696,577,left
1780323078.710279,515,left
1780323078.730702,528,left
1780323078.751284,537,left
1780323078.771707,539,left
1780323078.788290,594,left
1780323078.808312,517,left
1780323078.833297,516,left
1780323078.849298,504,left
1780323078.869447,498,left
1780323078.890303,507,left
1780323078.910726,486,left
1780323078.931290,498,left
1780323078.951732,488,left
1780323078.972313,493,left
1780323078.992737,495,left
1780323079.009352,487,left
1780323079.029743,491,left
1780323079.050325,484,left
1780323079.070749,477,left
1780323079.091331,490,left
1780323079.111754,525,left
1780323079.132293,573,left
1780323079.152760,549,left
1780323079.173379,545,left
1780323079.189344,546,left
1780323079.209768,546,left
1780323079.230350,517,left
1780323079.250773,496,left
1780323079.271356,496,left
1780323079.291779,526,left
1780323079.312361,504,left
1780323079.332323,535,left
1780323079.349366,505,left
1780323079.369860,488,left
1780323079.390372,512,left
1780323079.410795,495,left
1780323079.431378,449,left
1780323079.451801,465,left
1780323079.472383,501,left
1780323079.492386,491,left
1780323079.513389,494,left
1780323079.529288,495,left
1780323079.549814,528,left
1780323079.570397,529,left
1780323079.590820,550,left
1780323079.611403,534,left
1780323079.631171,494,left
1780323079.652408,495,left
1780323079.672832,519,left
1780323079.689417,489,left
1780323079.709837,520,left
1780323079.730267,540,left
1780323079.750422,509,left
1780323079.771425,494,left
1780323079.791427,518,left
1780323079.811851,524,left
1780323079.832364,537,left
1780323079.852856,550,left
1780323079.873437,526,left
1780323079.893866,495,left
1780323079.910444,494,left
1780323079.930867,494,left
1780323079.951450,509,left
1780323079.971172,493,left
1780323079.992455,506,left
1780323080.012879,495,left
1780323080.033339,510,left
1780323080.053186,478,left
1780323080.070466,544,left
1780323080.090469,533,left
1780323080.110892,559,left
1780323080.131474,518,left
1780323080.151897,501,left
1780323080.172180,511,left
1780323080.192904,481,left
1780323080.213507,513,left
1780323080.233767,463,left
1780323080.250480,517,left
1780323080.270914,507,left
1780323080.291496,514,left
1780323080.311919,488,left
1780323080.332327,502,left
1780323080.352925,510,left
1780323080.373508,510,left
1780323080.393931,529,left
1780323080.414513,488,left
1780323080.430515,493,left
1780323080.450938,526,left
1780323080.471521,514,left
1780323080.491945,501,left
1780323080.512527,499,left
1780323080.532323,501,left
1780323080.553172,481,left
1780323080.573956,517,left
1780323080.590538,484,left
1780323080.610899,521,left
1780323080.631366,506,left
1780323080.651967,526,left
1780323080.672238,558,left
1780323080.692552,542,left
1780323080.712901,528,left
1780323080.733175,478,left
1780323087.058430,524,left
1780323087.078182,493,left
1780323087.099434,489,left
1780323087.115857,517,left
1780323087.140437,489,left
1780323087.160455,484,left
1780323087.181442,484,left
1780323087.201866,493,left
1780323087.217466,511,left
1780323087.238080,497,left
1780323087.258355,484,left
1780323087.279471,500,left
1780323087.299354,513,left
1780323087.320464,477,left
1780323087.340886,496,left
1780323087.361469,495,left
1780323087.377281,490,left
1780323087.398172,501,left
1780323087.418170,553,left
1780323087.439294,516,left
1780323087.459904,496,left
1780323087.480486,507,left
1780323087.500910,516,left
1780323087.521492,534,left
1780323087.541495,481,left
1780323087.562498,481,left
1780323087.582201,496,left
1780323087.598172,488,left
1780323087.619506,486,left
1780323087.639929,472,left
1780323087.660511,456,left
1780323087.680935,511,left
1780323087.701517,496,left
1780323087.721940,485,left
1780323087.742523,487,left
1780323087.758358,488,left
1780323087.779528,529,left
1780323087.799542,517,left
1780323087.820534,501,left
1780323087.840536,574,left
1780323087.861474,515,left
1780323087.881542,547,left
1780323087.901965,547,left
1780323087.922547,504,left
1780323087.938272,507,left
1780323087.959553,506,left
1780323087.979280,514,left
1780323088.000558,503,left
1780323088.020982,465,left
1780323088.041564,478,left
1780323088.061536,443,left
1780323088.082536,476,left
1780323088.102990,463,left
1780323088.122690,496,left
1780323088.139577,471,left
1780323088.160001,489,left
1780323088.180583,488,left
1780323088.201007,509,left
1780323088.221589,499,left
1780323088.242007,519,left
1780323088.262594,538,left
1780323088.282692,497,left
1780323088.303599,534,left
1780323088.320023,519,left
1780323088.340363,492,left
1780323088.360829,520,left
1780323088.381352,521,left
1780323088.401351,520,left
1780323088.422616,534,left
1780323088.443039,532,left
1780323088.463171,577,left
1780323088.483624,513,left
1780323088.500048,484,left
1780323088.520630,547,left
1780323088.541053,462,left
1780323088.561636,539,left
1780323088.582059,537,left
1780323088.602641,480,left
1780323088.623202,507,left
1780323088.643647,463,left
1780323088.660069,507,left
1780323088.680651,480,left
1780323088.701075,476,left
1780323088.721658,515,left
1780323088.741569,513,left
1780323088.762663,487,left
1780323088.782492,483,left
1780323088.803346,502,left
1780323088.823682,496,left
1780323088.840094,516,left
1780323088.860677,499,left
1780323088.880571,493,left
1780323088.901682,506,left
1780323088.922106,511,left
1780323088.942688,513,left
1780323088.963125,509,left
1780323088.983694,505,left
1780323089.004114,524,left
1780323089.024697,484,left
1780323089.040702,527,left
1780323089.060823,481,left
1780323089.081707,492,left
1780323089.102480,485,left
1780323089.122713,485,left
1780323089.142511,455,left
1780323089.163516,483,left
1780323089.184140,492,left
1780323089.204723,505,left
1780323089.221147,502,left
1780323089.241729,494,left
1780323089.262153,495,left
1780323089.282565,508,left
1780323089.302409,515,left
1780323089.323741,515,left
1780323089.344154,508,left
1780323089.364173,487,left
1780323089.380276,534,left
1780323089.401160,496,left
1780323089.421754,525,left
1780323089.442177,544,left
1780323089.462760,522,left
1780323089.482351,531,left
1780323089.503766,517,left
1780323089.524189,488,left
1780323089.544771,500,left
1780323089.561193,488,left
1780323089.581776,506,left
1780323089.602199,497,left
1780323089.622782,480,left
1780323089.643205,491,left
1780323089.663787,456,left
1780323089.684211,497,left
1780323089.704793,485,left
1780323089.720795,503,left
1780323089.741219,478,left
1780323089.761801,516,left
1780323089.782224,495,left
1780323089.802807,512,left
1780323089.823348,519,left
1780323089.843812,505,left
1780323089.864235,503,left
1780323089.884818,500,left
1780323089.901240,497,left
1780323089.925821,504,left
1780323089.942246,515,left
1780323089.962829,531,left
1780323089.982526,497,left
1780323090.003834,559,left
1780323090.023837,528,left
1780323090.044840,485,left
1780323090.064186,500,left
1780323090.085264,494,left
1780323090.105847,515,left
1780323090.122271,507,left
1780323090.142853,474,left
1780323090.163276,479,left
1780323090.183133,510,left
1780323090.203569,525,left
1780323090.224865,504,left
1780323090.245288,512,left
1780323090.265365,547,left
1780323090.281872,493,left
1780323090.302554,480,left
1780323090.322878,505,left
1780323090.342581,497,left
1780323090.363884,500,left
1780323090.384307,507,left
1780323090.404889,549,left
1780323090.425313,543,left
1780323090.445895,499,left
1780323090.462318,458,left
1780323090.482569,517,left
1780323090.503339,541,left
1780323090.523906,518,left
1780323090.544143,491,left
1780323090.564912,511,left
1780323090.585335,490,left
1780323090.605359,580,left
1780323090.621919,555,left
1780323090.642343,565,left
1780323090.662925,506,left
1780323090.682651,556,left
1780323090.703285,535,left
1780323090.724354,549,left
1780323090.744283,506,left
1780323090.765359,513,left
1780323090.785942,492,left
1780323090.802364,529,left
1780323090.822947,508,left
1780323090.843358,503,left
1780323090.863953,511,left
1780323090.884376,499,left
1780323090.904350,447,left
1780323090.924970,518,left
1780323090.945964,461,left
1780323090.965965,464,left
1780323090.986968,504,left
1780323091.002971,438,left
1780323091.023395,447,left
1780323091.043171,479,left
1780323091.064400,496,left
1780323091.084983,465,left
1780323091.105179,483,left
1780323091.125989,541,left
1780323091.146412,530,left
1780323091.166994,530,left
1780323091.183283,524,left
1780323091.204000,567,left
1780323091.224003,530,left
1780323091.245005,544,left
1780323091.265008,518,left
1780323091.286011,488,left
1780323091.305284,501,left
1780323091.325646,507,left
1780323091.342395,471,left
1780323091.363442,514,left
1780323091.384025,510,left
1780323091.404157,510,left
1780323091.425030,527,left
1780323091.445453,524,left
1780323091.466036,533,left
1780323091.485637,524,left
1780323091.506859,556,left
1780323091.523043,518,left
1780323091.543171,505,left
1780323091.564130,535,left
1780323091.584472,512,left
1780323091.605055,565,left
1780323091.625478,472,left
1780323091.646060,528,left
1780323091.666483,532,left
1780323091.687066,498,left
1780323091.703489,521,left
1780323091.724072,498,left
1780323091.744436,488,left
1780323091.765077,467,left
1780323091.785500,505,left
1780323091.805830,464,left
1780323091.826591,472,left
1780323091.847088,514,left
1780323091.867089,512,left
1780323091.887451,521,left
1780323091.904096,592,left
1780323091.924519,498,left
1780323091.945102,554,left
1780323091.965524,546,left
1780323091.986107,563,left
1780323092.006663,532,left
1780323092.026278,546,left
1780323092.047451,504,left
1780323092.068185,508,left
1780323092.084541,517,left
1780323092.105220,527,left
1780323092.125547,482,left
1780323092.146129,535,left
1780323092.166132,485,left
1780323092.186283,526,left
1780323092.206286,482,left
1780323092.228181,487,left
1780323092.244196,488,left
1780323092.264566,507,left
1780323092.285148,484,left
1780323092.305571,550,left
1780323092.326154,475,left
1780323092.346577,523,left
1780323092.367213,530,left
1780323092.387195,528,left
1780323092.407409,520,left
1780323092.424588,528,left
1780323092.444714,532,left
1780323092.465173,527,left
1780323092.486176,519,left
1780323092.506180,518,left
1780323092.526602,508,left
1780323092.547185,464,left
1780323092.567305,493,left
1780323092.583362,513,left
1780323092.604613,474,left
1780323092.625195,496,left
1780323092.645618,519,left
1780323092.666201,488,left
1780323092.686624,522,left
1780323092.706337,484,left
1780323092.727304,495,left
1780323092.748169,524,left
1780323092.768169,504,left
1780323092.789216,535,left
1780323092.805220,534,left
1780323092.825643,506,left
1780323092.846127,506,left
1780323092.866310,566,left
1780323092.887231,574,left
1780323092.907350,525,left
1780323092.928179,495,left
1780323092.948313,518,left
1780323092.969171,533,left
1780323092.985317,536,left
1780323093.006318,493,left
1780323093.026671,499,left
1780323093.047254,501,left
1780323093.067318,551,left
1780323093.088263,481,left
1780323093.108180,491,left
1780323093.129180,502,left
1780323093.145267,493,left
1780323093.165690,521,left
1780323093.186314,502,left
1780323093.206314,495,left
1780323093.227142,530,left
1780323093.247318,514,left
1780323093.268297,537,left
1780323093.288318,530,left
1780323093.309294,518,left
1780323093.325449,511,left
1780323093.346137,544,left
1780323093.366319,519,left
1780323093.387232,531,left
1780323093.407173,488,left
1780323093.428316,515,left
1780323093.448169,542,left
1780323093.468170,522,left
1780323093.485314,516,left
1780323093.505367,511,left
1780323093.526357,510,left
1780323093.546743,536,left
1780323093.567323,568,left
1780323093.587266,510,left
1780323093.608324,531,left
1780323093.628170,502,left
1780323093.648739,487,left
1780323093.669757,512,left
1780323093.690340,513,left
1780323093.706320,500,left
1780323093.727298,480,left
1780323093.747350,463,left
1780323093.767323,496,left
1780323093.788389,498,left
1780323093.808378,516,left
1780323093.829360,505,left
1780323093.849194,540,left
1780323093.866321,507,left
1780323093.886025,524,left
1780323093.907322,521,left
1780323093.927176,533,left
1780323093.948170,522,left
1780323093.968322,518,left
1780323093.989478,530,left
1780323094.009806,547,left
1780323094.030405,542,left
1780323094.046391,527,left
1780323094.066814,552,left
1780323094.087325,534,left
1780323094.107330,575,left
1780323094.128183,509,left
1780323094.148170,505,left
1780323094.169408,508,left
1780323094.189831,499,left
1780323094.206322,515,left
1780323094.226605,506,left
1780323094.247419,505,left
1780323094.267448,522,left
1780323094.288322,541,left
1780323094.308324,530,left
1780323094.329430,516,left
1780323094.349432,511,left
1780323094.370294,521,left
1780323094.386239,539,left
1780323094.406182,538,left
1780323094.427320,494,left
1780323094.447448,536,left
1780323094.468316,506,left
1780323094.488315,544,left
1780323094.509339,537,left
1780323094.529878,516,left
1780323094.550458,506,left
1780323094.570881,530,left
1780323094.591463,529,left
1780323094.607591,504,left
1780323094.628182,509,left
1780323094.648170,493,left
1780323094.669477,536,left
1780323094.689479,551,left
1780323094.709903,492,left
1780323094.730484,525,left
1780323094.750907,516,left
1780323094.767447,516,left
1780323094.787447,504,left
1780323094.808512,520,left
1780323094.828171,526,left
1780323094.849501,531,left
1780323094.869925,528,left
1780323094.890507,541,left
1780323094.910771,531,left
1780323094.931604,517,left
1780323094.947196,527,left
1780323094.968170,525,left
1780323094.988312,508,left
1780323095.008331,498,left
1780323095.029191,504,left
1780323095.049950,530,left
1780323095.070532,523,left
1780323095.091098,513,left
1780323095.107365,529,left
1780323095.127435,521,left
1780323095.148170,499,left
1780323095.168312,513,left
1780323095.189473,513,left
1780323095.209972,517,left
1780323095.230334,525,left
1780323095.250463,529,left
1780323095.271467,536,left
1780323095.287471,543,left
1780323095.307476,550,left
1780323095.328480,521,left
1780323095.348485,557,left
1780323095.369489,505,left
1780323095.389494,539,left
1780323095.410579,568,left
1780323095.431002,519,left
1780323095.447447,507,left
1780323095.472005,508,left
1780323095.488312,493,left
1780323095.508313,505,left
1780323095.529310,513,left
1780323095.549877,518,left
1780323095.570601,538,left
1780323095.590604,522,left
1780323095.611607,523,left
1780323095.631608,533,left
1780323095.652031,556,left
1780323095.668170,524,left
1780323095.688308,552,left
1780323095.709175,533,left
1780323095.729170,527,left
1780323095.750626,535,left
1780323095.771049,537,left
1780323095.791735,526,left
1780323095.811740,498,left
1780323095.827743,479,left
1780323095.849170,538,left
1780323095.869642,492,left
1780323095.889645,489,left
1780323095.910648,515,left
1780323095.930312,509,left
1780323095.951074,530,left
1780323095.971657,513,left
1780323095.992079,515,left
1780323096.008329,506,left
1780323096.029176,504,left
1780323096.049667,512,left
1780323096.070090,528,left
1780323096.090673,507,left
1780323096.111076,547,left
1780323096.131679,535,left
1780323096.152201,555,left
1780323096.172684,530,left
1780323096.188501,523,left
1780323096.209689,521,left
1780323096.229692,520,left
1780323096.250115,495,left
1780323096.270697,523,left
1780323096.291120,541,left
1780323096.311703,528,left
1780323096.331351,514,left
1780323096.348343,482,left
1780323096.368490,521,left
1780323096.389714,498,left
1780323096.410137,500,left
1780323096.430493,498,left
1780323096.451143,529,left
1780323096.471725,507,left
1780323096.492148,516,left
1780323096.512731,497,left
1780323096.532640,492,left
1780323096.553727,489,left
1780323096.569738,511,left
1780323096.590162,531,left
1780323096.610744,482,left
1780323096.631197,525,left
1780323096.651750,502,left
1780323096.672173,540,left
1780323096.692755,506,left
1780323096.713343,536,left
1780323096.729726,543,left
1780323096.749974,523,left
1780323096.770766,509,left
1780323096.791189,530,left
1780323096.811772,505,left
1780323096.831182,530,left
1780323096.852777,525,left
1780323096.872780,532,left
1780323096.892528,524,left
1780323096.909785,509,left
1780323096.929356,501,left
1780323096.950791,505,left
1780323096.971215,544,left
1780323096.991797,547,left
1780323097.012220,508,left
1780323097.032676,479,left
1780323097.053226,508,left
1780323097.069807,491,left
1780323097.090228,506,left
1780323097.110751,507,left
1780323097.130601,527,left
1780323097.151819,473,left
1780323097.171821,480,left
1780323097.192245,509,left
1780323097.212827,519,left
1780323097.232362,541,left
1780323097.249359,547,left
1780323097.270255,529,left
1780323097.290838,513,left
1780323097.311261,536,left
1780323097.331844,518,left
1780323097.352267,536,left
1780323097.372849,537,left
1780323097.393272,518,left
1780323097.413853,530,left
1780323097.434276,492,left
1780323097.454172,513,left
1780323097.470863,521,left
1780323097.491286,512,left
1780323097.511868,486,left
1780323097.531479,526,left
1780323097.552874,509,left
1780323097.573297,508,left
1780323097.593879,509,left
1780323097.614302,510,left
1780323097.630885,499,left
1780323097.651308,521,left
1780323097.671891,518,left
1780323097.692314,530,left
1780323097.712897,500,left
1780323097.733301,499,left
1780323097.753173,559,left
1780323097.773904,520,left
1780323097.794078,509,left
1780323097.810360,537,left
1780323097.831333,522,left
1780323097.851899,526,left
1780323097.872338,517,left
1780323097.892920,514,left
1780323097.913342,523,left
1780323097.933543,529,left
1780323097.953730,515,left
1780323097.970932,494,left
1780323097.991355,512,left
1780323098.011937,492,left
1780323098.032367,483,left
1780323098.052943,535,left
1780323098.072945,527,left
1780323098.093948,511,left
1780323098.113951,525,left
1780323098.134369,501,left
1780323098.150957,496,left
1780323098.171380,526,left
1780323098.191962,561,left
1780323098.212165,517,left
1780323098.232870,498,left
1780323098.253346,509,left
1780323098.273973,527,left
1780323098.294396,518,left
1780323098.314977,511,left
1780323098.335400,536,left
1780323098.351984,512,left
1780323098.371987,533,left
1780323098.392990,521,left
1780323098.412992,538,left
1780323098.433182,497,left
1780323098.453172,511,left
1780323098.474421,529,left
1780323098.495003,515,left
1780323098.515427,491,left
1780323098.532009,525,left
1780323098.552432,545,left
1780323098.573014,552,left
1780323098.593438,534,left
1780323098.614020,514,left
1780323098.634444,538,left
1780323098.655026,502,left
1780323098.675449,544,left
1780323098.691451,529,left
1780323098.712034,527,left
1780323098.732421,508,left
1780323098.753039,515,left
1780323098.773463,506,left
1780323098.794045,533,left
1780323098.814468,509,left
1780323098.834411,494,left
1780323098.854770,520,left
1780323098.872055,513,left
1780323098.892479,501,left
1780323098.913061,497,left
1780323098.933536,524,left
1780323098.953343,495,left
1780323098.974490,484,left
1780323098.995073,494,left
1780323099.015075,492,left
1780323099.031541,493,left
1780323099.052080,508,left
1780323099.072026,521,left
1780323099.093171,543,left
1780323099.113509,542,left
1780323099.133790,524,left
1780323099.154420,510,left
1780323099.175097,509,left
1780323099.195521,508,left
1780323099.216101,503,left
1780323099.236524,508,left
1780323099.253108,516,left
1780323099.273120,528,left
1780323099.294064,546,left
1780323099.314117,505,left
1780323099.335120,511,left
1780323099.355173,516,left
1780323099.375545,515,left
1780323099.396127,520,left
1780323099.416176,506,left
1780323099.432302,478,left
1780323099.453171,472,left
1780323099.474139,518,left
1780323099.494562,503,left
1780323099.515144,528,left
1780323099.535568,506,left
1780323099.555356,509,left
1780323099.576573,517,left
1780323099.593169,505,left
1780323099.613170,522,left
1780323099.633581,543,left
1780323099.654173,536,left
1780323099.674586,548,left
1780323099.695092,516,left
1780323099.715592,522,left
1780323099.736175,524,left
1780323099.756376,530,left
1780323099.773183,494,left
1780323099.793603,523,left
1780323099.814185,511,left
1780323099.834544,520,left
1780323099.855065,495,left
1780323099.874877,512,left
1780323099.896342,521,left
1780323099.915959,516,left
1780323099.931962,513,left
1780323099.952447,506,left
1780323099.973640,504,left
1780323099.993644,507,left
1780323100.014149,514,left
1780323100.035154,532,left
1780323100.055662,524,left
1780323100.076239,517,left
1780323100.096712,528,left
1780323100.117119,507,left
1780323100.137379,523,left
1780323100.153670,477,left
1780323100.174655,528,left
1780323100.194881,518,left
1780323100.215049,527,left
1780323100.236182,517,left
1780323100.256017,527,left
1780323100.276991,502,left
1780323100.297294,514,left
1780323100.313448,533,left
1780323100.334003,543,left
1780323100.354443,513,left
1780323100.374707,494,left
1780323100.395504,518,left
1780323100.416065,514,left
1780323100.436376,506,left
1780323100.457139,524,left
1780323100.477794,498,left
1780323100.494171,527,left
1780323100.514158,520,left
1780323100.534879,501,left
1780323100.555171,527,left
1780323100.576290,498,left
1780323100.596293,515,left
1780323100.616175,506,left
1780323100.637414,501,left
1780323100.657293,507,left
1780323100.674304,489,left
1780323100.694173,508,left
1780323100.715070,496,left
1780323100.735296,504,left
1780323100.756174,541,left
1780323100.776290,528,left
1780323100.797321,564,left
1780323100.817293,500,left
1780323100.833518,514,left
1780323100.854172,496,left
1780323100.874752,529,left
1780323100.895173,515,left
1780323100.915757,531,left
1780323100.935523,493,left
1780323100.956174,522,left
1780323100.977290,512,left
1780323100.997440,497,left
1780323101.017925,488,left
1780323101.038170,506,left
1780323101.055357,498,left
1780323101.075779,516,left
1780323101.096172,487,left
1780323101.116785,513,left
1780323101.137368,505,left
1780323101.157179,522,left
1780323101.178171,515,left
1780323101.198050,506,left
1780323101.214799,525,left
1780323101.234883,510,left
1780323101.255804,554,left
1780323101.276289,532,left
1780323101.296171,508,left
1780323101.317393,504,left
1780323101.337440,530,left
1780323101.357696,489,left
1780323101.378291,509,left
1780323101.395048,496,left
1780323101.415827,496,left
1780323101.435889,501,left
1780323101.456478,502,left
1780323101.477624,511,left
1780323101.497047,513,left
1780323101.518170,491,left
1780323101.538171,546,left
1780323101.554756,489,left
1780323101.575192,555,left
1780323101.595326,494,left
1780323101.616331,520,left
1780323101.636792,522,left
1780323101.656663,512,left
1780323101.677887,535,left
1780323101.697783,516,left
1780323101.718532,562,left
1780323101.735119,528,left
1780323101.754706,517,left
1780323101.776360,496,left
1780323101.795974,512,left
1780323101.816722,528,left
1780323101.837216,492,left
1780323101.857773,504,left
1780323101.878510,521,left
1780323101.894115,511,left
1780323101.914675,505,left
1780323101.939681,534,left
1780323101.955684,513,left
1780323101.976689,479,left
1780323101.996693,538,left
1780323102.017279,495,left
1780323102.037843,513,left
1780323102.058847,475,left
1780323102.078852,532,left
1780323102.098856,505,left
1780323102.115860,479,left
1780323102.135865,482,left
1780323102.156869,501,left
1780323102.176873,493,left
1780323102.197878,475,left
1780323102.217883,517,left
1780323102.238518,522,left
1780323102.259522,492,left
1780323102.279527,490,left
1780323102.296530,504,left
1780323102.316534,514,left
1780323102.337553,507,left
1780323102.357549,527,left
1780323102.378652,572,left
1780323102.398196,518,left
1780323102.419199,499,left
1780323102.439207,527,left
1780323102.455212,530,left
1780323102.476216,470,left
1780323102.497040,536,left
1780323102.516667,586,left
1780323102.537672,506,left
1780323102.558181,493,left
1780323102.578186,479,left
1780323102.598730,484,left
1780323102.619734,502,left
1780323102.635738,503,left
1780323102.656250,559,left
1780323102.677646,485,left
1780323102.697162,498,left
1780323102.718167,495,left
1780323102.738171,544,left
1780323102.759260,508,left
1780323102.779265,511,left
1780323102.795268,519,left
1780323102.816310,520,left
1780323102.836926,492,left
1780323102.857484,493,left
1780323102.877532,511,left
1780323102.898624,531,left
1780323102.918752,493,left
1780323102.938773,486,left
1780323102.959772,487,left
1780323102.980379,516,left
1780323103.000680,484,left
1780323103.017617,463,left
1780323103.037302,496,left
1780323103.057974,514,left
1780323103.078446,527,left
1780323103.099198,460,left
1780323103.119201,516,left
1780323103.139207,534,left
1780323103.160371,496,left
1780323103.177069,530,left
1780323103.197791,546,left
1780323103.218067,523,left
1780323103.238567,552,left
1780323103.258715,519,left
1780323103.279809,500,left
1780323103.299954,485,left
1780323103.320669,487,left
1780323103.340920,494,left
1780323103.356778,503,left
1780323103.377405,480,left
1780323103.397871,464,left
1780323103.418620,507,left
1780323103.438947,452,left
1780323103.459546,483,left
1780323103.479951,480,left
1780323103.500497,486,left
1780323103.517215,462,left
1780323103.537381,517,left
1780323103.557889,470,left
1780323103.578399,516,left
1780323103.598900,485,left
1780323103.619478,497,left
1780323103.639747,535,left
1780323103.660820,513,left
1780323103.680424,497,left
1780323103.696817,496,left
1780323103.717679,503,left
1780323103.738110,496,left
1780323103.758684,482,left
1780323103.779190,491,left
1780323103.799735,482,left
1780323103.820274,508,left
1780323103.840833,502,left
1780323103.860820,479,left
1780323103.881420,450,left
1780323103.901891,459,left
1780323103.918790,496,left
1780323103.938804,476,left
1780323103.959438,494,left
1780323103.979409,493,left
1780323104.000098,462,left
1780323104.020765,492,left
1780323104.041187,475,left
1780323104.061773,484,left
1780323104.078270,519,left
1780323104.098533,462,left
1780323104.118922,483,left
1780323104.139889,490,left
1780323104.160205,476,left
1780323104.180171,476,left
1780323104.201210,492,left
1780323104.221793,510,left
1780323104.242192,506,left
1780323104.258665,482,left
1780323104.279130,516,left
1780323104.299284,510,left
1780323104.319710,495,left
1780323104.339882,510,left
1780323104.360686,486,left
1780323104.380863,488,left
1780323104.401829,523,left
1780323104.417901,483,left
1780323104.438521,506,left
1780323104.458490,471,left
1780323104.479858,490,left
1780323104.500251,481,left
1780323104.520456,500,left
1780323104.541517,481,left
1780323104.561728,502,left
1780323104.581717,483,left
1780323104.598210,482,left
1780323104.618682,490,left
1780323104.639091,536,left
1780323104.659501,494,left
1780323104.680196,532,left
1780323104.700666,491,left
1780323104.721383,518,left
1780323104.741615,480,left
1780323104.762285,486,left
1780323104.782176,490,left
1780323104.798585,500,left
1780323104.819875,498,left
1780323104.840298,497,left
1780323104.860600,504,left
1780323104.880571,482,left
1780323104.901595,491,left
1780323104.921617,476,left
1780323104.942229,478,left
1780323104.962650,491,left
1780323104.979331,498,left
1780323104.999886,499,left
1780323105.020138,491,left
1780323105.040926,487,left
1780323105.061461,524,left
1780323105.082005,510,left
1780323105.102078,537,left
1780323105.122695,503,left
1780323105.143416,496,left
1780323105.159753,490,left
1780323105.179684,495,left
1780323105.200933,511,left
1780323105.220892,491,left
1780323105.241172,469,left
1780323105.261653,503,left
1780323105.281687,497,left
1780323105.302734,507,left
1780323105.319282,503,left
1780323105.339566,490,left
1780323105.360279,508,left
1780323105.380952,500,left
1780323105.401375,494,left
1780323105.421958,505,left
1780323105.442381,518,left
1780323105.462964,507,left
1780323105.483387,487,left
1780323105.499969,490,left
1780323105.519973,505,left
1780323105.540174,486,left
1780323105.560977,523,left
1780323105.581400,488,left
1780323105.601983,466,left
1780323105.622406,461,left
1780323105.642988,453,left
1780323105.662677,446,left
1780323105.683991,473,left
1780323105.700417,509,left
1780323105.720999,452,left
1780323105.741336,481,left
1780323105.762005,473,left
1780323105.781748,483,left
1780323105.802864,493,left
1780323105.823013,496,left
1780323105.844005,509,left
1780323105.863171,478,left
1780323105.880275,490,left
1780323105.901024,533,left
1780323105.921447,496,left
1780323105.941174,500,left
1780323105.962453,506,left
1780323105.983035,500,left
1780323106.003171,479,left
1780323106.024041,477,left
1780323106.039755,487,left
1780323106.061046,456,left
1780323106.081176,513,left
1780323106.102051,477,left
1780323118.238181,483,left
1780323118.254895,461,left
1780323118.275728,496,left
1780323118.296243,469,left
1780323118.316734,489,left
1780323118.337246,461,left
1780323118.357172,492,left
1780323118.378183,474,left
1780323118.398171,472,left
1780323118.419254,522,left
1780323118.435750,473,left
1780323118.456253,532,left
1780323118.476244,509,left
1780323118.497180,492,left
1780323118.517245,503,left
1780323118.537421,499,left
1780323118.558174,504,left
1780323118.578179,504,left
1780323118.599194,533,left
1780323118.619303,521,left
1780323118.636251,505,left
1780323118.656289,504,left
1780323118.677243,504,left
1780323118.696895,494,left
1780323118.718245,476,left
1780323118.738180,487,left
1780323118.759303,486,left
1780323118.779193,450,left
1780323118.800221,476,left
1780323118.820803,479,left
1780323118.841226,485,left
1780323118.857253,507,left
1780323118.877221,519,left
1780323118.898170,516,left
1780323118.918170,514,left
1780323118.939240,520,left
1780323118.959823,559,left
1780323118.980249,512,left
1780323119.000829,503,left
1780323119.021251,524,left
1780323119.037420,514,left
1780323119.058174,486,left
1780323119.078180,523,left
1780323119.099262,518,left
1780323119.119844,508,left
1780323119.140268,512,left
1780323119.160851,510,left
1780323119.181274,490,left
1780323119.197200,495,left
1780323119.217420,520,left
1780323119.237996,479,left
1780323119.258174,491,left
1780323119.279287,500,left
1780323119.299870,496,left
1780323119.320293,485,left
1780323119.340875,491,left
1780323119.361298,510,left
1780323119.377246,493,left
1780323119.398185,517,left
1780323119.418255,532,left
1780323119.439309,523,left
1780323119.459892,530,left
1780323119.479183,536,left
1780323119.500897,522,left
1780323119.520900,518,left
1780323119.541320,512,left
1780323119.561904,518,left
1780323119.578181,544,left
1780323119.598169,508,left
1780323119.619334,510,left
1780323119.639916,510,left
1780323119.660339,490,left
1780323119.680922,498,left
1780323119.701345,506,left
1780323119.721927,500,left
1780323119.742350,526,left
1780323119.758372,496,left
1780323119.778180,478,left
1780323119.799938,479,left
1780323119.819941,504,left
1780323119.840364,503,left
1780323119.860947,494,left
1780323119.881370,530,left
1780323119.901953,522,left
1780323119.918169,495,left
1780323119.938183,516,left
1780323119.959380,507,left
1780323119.979247,529,left
1780323120.000386,547,left
1780323120.020969,516,left
1780323120.041392,503,left
1780323120.061922,501,left
1780323120.082365,511,left
1780323120.098343,478,left
1780323120.118169,496,left
1780323120.139354,501,left
1780323120.159988,487,left
1780323120.180411,514,left
1780323120.200993,497,left
1780323120.221417,492,left
1780323120.241999,519,left
1780323120.258351,506,left
1780323120.278183,495,left
1780323120.299427,509,left
1780323120.320010,512,left
1780323120.340433,501,left
1780323120.361016,495,left
1780323120.381439,505,left
1780323120.402021,503,left
1780323120.422024,504,left
1780323120.442755,508,left
1780323120.463027,503,left
1780323120.479452,497,left
1780323120.500035,528,left
1780323120.520458,503,left
1780323120.541040,523,left
1780323120.561464,517,left
1780323120.582046,511,left
1780323120.602468,532,left
1780323120.623051,524,left
1780323120.643474,520,left
1780323120.660057,488,left
1780323120.680351,527,left
1780323120.701062,489,left
1780323120.721065,514,left
1780323120.742068,526,left
1780323120.762071,498,left
1780323120.782526,512,left
1780323120.803076,486,left
1780323120.819255,481,left
1780323120.840081,500,left
1780323120.860505,485,left
1780323120.881087,503,left
1780323120.901510,525,left
1780323120.922146,524,left
1780323120.942516,547,left
1780323120.963099,521,left
1780323120.983313,517,left
1780323121.000053,524,left
1780323121.020057,526,left
1780323121.041062,495,left
1780323121.061067,487,left
1780323121.081535,496,left
1780323121.102117,488,left
1780323121.122541,506,left
1780323121.143223,491,left
1780323121.159546,512,left
1780323121.180173,519,left
1780323121.200552,503,left
1780323121.221134,514,left
1780323121.241248,518,left
1780323121.262243,520,left
1780323121.282250,518,left
1780323121.303169,505,left
1780323121.323255,502,left
1780323121.343709,491,left
1780323121.364151,481,left
1780323121.380470,527,left
1780323121.401159,501,left
1780323121.421582,510,left
1780323121.442164,480,left
1780323121.462588,534,left
1780323121.483176,531,left
1780323121.503171,539,left
1780323121.524175,511,left
1780323121.540598,511,left
1780323121.561181,558,left
1780323121.581632,471,left
1780323121.602186,533,left
1780323121.622610,495,left
1780323121.643248,506,left
1780323121.663195,494,left
1780323121.684198,537,left
1780323121.704193,522,left
1780323121.720611,505,left
1780323121.741205,534,left
1780323121.761629,508,left
1780323121.782243,531,left
1780323121.802418,505,left
1780323121.823217,496,left
1780323121.843640,504,left
1780323121.864078,500,left
1780323121.880621,515,left
1780323121.900892,507,left
1780323121.920892,515,left
1780323121.941897,483,left
1780323121.961902,502,left
1780323121.983223,542,left
1780323122.003242,541,left
1780323122.023665,480,left
1780323122.044058,537,left
1780323122.060693,495,left
1780323122.081252,515,left
1780323122.101676,525,left
1780323122.122258,519,left
1780323122.142681,559,left
1780323122.163264,543,left
1780323122.183687,517,left
1780323122.204269,484,left
1780323122.224693,525,left
1780323122.244804,505,left
1780323122.265696,506,left
1780323122.281529,570,left
1780323122.302283,512,left
1780323122.322706,517,left
1780323122.343288,516,left
1780323122.363712,526,left
1780323122.384295,522,left
1780323122.404716,515,left
1780323122.425299,511,left
1780323122.441723,525,left
1780323122.462364,507,left
1780323122.482314,518,left
1780323122.503311,536,left
1780323122.523734,540,left
1780323122.544317,525,left
1780323122.564739,510,left
1780323122.585322,548,left
1780323122.605185,520,left
1780323122.621347,525,left
1780323122.642330,483,left
1780323122.662524,510,left
1780323122.682527,523,left
1780323122.703758,531,left
1780323122.724172,502,left
1780323122.744764,506,left
1780323122.765346,499,left
1780323122.781769,522,left
1780323122.802171,527,left
1780323122.822869,520,left
1780323122.843183,540,left
1780323122.863789,532,left
1780323122.884363,510,left
1780323122.904366,534,left
1780323122.925369,520,left
1780323122.945372,505,left
1780323122.961794,520,left
1780323122.982319,536,left
1780323123.002728,523,left
1780323123.023382,494,left
1780323123.043633,519,left
1780323123.064388,471,left
1780323123.084872,533,left
1780323123.105393,504,left
1780323123.121816,508,left
1780323123.142399,510,left
1780323123.162025,524,left
1780323123.183545,498,left
1780323123.203407,522,left
1780323123.224410,524,left
1780323123.244471,523,left
1780323123.264764,519,left
1780323123.285170,518,left
1780323123.305783,514,left
1780323123.326384,521,left
1780323123.342585,504,left
1780323123.363063,520,left
1780323123.383629,532,left
1780323123.404059,526,left
1780323123.424953,532,left
1780323123.445475,508,left
1780323123.465440,547,left
1780323123.486446,506,left
1780323123.506236,531,left
1780323123.523170,514,left
1780323123.543454,532,left
1780323123.563612,535,left
1780323123.584084,514,left
1780323123.604886,494,left
1780323123.624761,509,left
1780323123.645909,521,left
1780323123.666162,501,left
1780323123.682521,510,left
1780323123.703250,498,left
1780323123.723899,517,left
1780323123.744505,497,left
1780323123.764946,519,left
1780323123.785309,498,left
1780323123.805595,511,left
1780323123.826550,505,left
1780323123.846590,511,left
1780323123.862688,503,left
1780323123.883525,534,left
1780323123.903523,518,left
1780323123.924321,503,left
1780323123.944871,502,left
1780323123.965376,508,left
1780323123.985839,512,left
1780323124.006366,494,left
1780323124.022950,529,left
1780323124.042773,525,left
1780323124.063889,516,left
1780323124.084528,513,left
1780323124.104694,511,left
1780323124.125228,510,left
1780323124.145396,503,left
1780323124.166235,513,left
1780323124.186235,518,left
1780323124.206213,486,left
1780323124.227473,511,left
1780323124.243827,527,left
1780323124.264397,536,left
1780323124.284976,502,left
1780323124.305174,496,left
1780323124.325952,532,left
1780323124.346565,521,left
1780323124.366234,506,left
1780323124.387181,498,left
1780323124.403583,524,left
1780323124.424575,499,left
1780323124.444578,514,left
1780323124.465581,517,left
1780323124.485584,511,left
1780323124.505761,511,left
1780323124.526589,516,left
1780323124.547013,514,left
1780323124.567237,548,left
1780323124.584018,501,left
1780323124.604600,496,left
1780323124.625023,512,left
1780323124.644838,492,left
1780323124.666029,514,left
1780323124.686235,520,left
1780323124.706258,537,left
1780323124.727168,518,left
1780323124.743619,532,left
1780323124.764043,495,left
1780323124.784625,524,left
1780323124.805048,506,left
1780323124.825630,516,left
1780323124.846054,521,left
1780323124.866636,484,left
1780323124.887059,513,left
1780323124.907236,509,left
1780323124.924173,522,left
1780323124.944647,508,left
1780323124.965070,499,left
1780323124.985652,520,left
1780323125.005692,500,left
1780323125.026658,493,left
1780323125.047081,516,left
1780323125.067414,513,left
1780323125.087414,521,left
1780323125.108263,512,left
1780323125.128672,523,left
1780323125.145095,563,left
1780323125.165677,503,left
1780323125.186100,541,left
1780323125.206173,510,left
1780323125.227106,494,left
1780323125.247209,500,left
1780323125.267266,506,left
1780323125.288170,529,left
1780323125.305117,498,left
1780323125.325699,516,left
1780323125.346123,514,left
1780323125.366705,499,left
1780323125.386708,546,left
1780323125.407186,514,left
1780323125.427162,505,left
1780323125.448169,512,left
1780323125.468240,519,left
1780323125.485142,505,left
1780323125.505242,528,left
1780323125.526173,493,left
1780323125.546831,501,left
1780323125.567153,510,left
1780323125.587362,510,left
1780323125.607279,520,left
1780323125.628162,512,left
1780323125.644743,520,left
1780323125.665746,536,left
1780323125.685241,519,left
1780323125.705251,523,left
1780323125.726755,513,left
1780323125.747238,508,left
1780323125.767413,492,left
1780323125.788182,532,left
1780323125.808290,530,left
1780323125.825197,524,left
1780323125.845771,523,left
1780323125.866235,564,left
1780323125.886250,513,left
1780323125.907277,529,left
1780323125.927239,519,left
1780323125.948170,512,left
1780323125.968184,506,left
1780323125.988240,511,left
1780323126.009791,515,left
1780323126.025173,493,left
1780323126.046234,533,left
1780323126.066801,528,left
1780323126.087236,523,left
1780323126.107376,535,left
1780323126.128236,491,left
1780323126.148181,504,left
1780323126.169235,515,left
1780323126.189818,500,left
1780323126.205441,505,left
1780323126.226235,474,left
1780323126.247247,507,left
1780323126.267238,501,left
1780323126.288169,508,left
1780323126.308175,545,left
1780323126.328156,518,left
1780323126.349393,495,left
1780323126.365844,507,left
1780323126.386234,489,left
1780323126.406276,498,left
1780323126.427177,500,left
1780323126.447412,486,left
1780323126.468170,510,left
1780323126.488236,510,left
1780323126.509283,535,left
1780323126.529865,504,left
1780323126.546288,530,left
1780323126.566175,518,left
1780323126.586233,523,left
1780323126.607242,521,left
1780323126.627151,531,left
1780323126.648170,509,left
1780323126.668170,516,left
1780323126.689235,517,left
1780323126.709890,544,left
1780323126.726235,524,left
1780323126.746895,503,left
1780323126.767287,525,left
1780323126.787412,509,left
1780323126.808174,501,left
1780323126.828235,514,left
1780323126.849329,537,left
1780323126.869912,499,left
1780323126.890332,488,left
1780323126.910915,501,left
1780323126.926920,514,left
1780323126.947343,525,left
1780323126.967412,494,left
1780323126.988170,520,left
1780323127.008399,539,left
1780323127.029355,521,left
1780323127.049937,505,left
1780323127.070359,519,left
1780323127.090941,483,left
1780323127.107263,515,left
1780323127.127323,499,left
1780323127.148171,495,left
1780323127.168330,525,left
1780323127.189380,539,left
1780323127.209959,480,left
1780323127.230127,493,left
1780323127.250964,484,left
1780323127.266967,524,left
1780323127.287390,531,left
1780323127.307306,500,left
1780323127.328147,515,left
1780323127.348181,500,left
1780323127.369236,496,left
1780323127.389983,493,left
1780323127.410407,493,left
1780323127.430989,525,left
1780323127.447411,514,left
1780323127.467177,534,left
1780323127.488234,559,left
1780323127.508244,537,left
1780323127.528234,503,left
1780323127.550006,509,left
1780323127.570009,495,left
1780323127.591011,519,left
1780323127.607182,489,left
1780323127.627142,511,left
1780323127.647411,525,left
1780323127.668236,553,left
1780323127.688236,495,left
1780323127.709448,543,left
1780323127.730144,497,left
1780323127.750454,494,left
1780323127.771036,508,left
1780323127.791239,490,left
1780323127.811254,510,left
1780323127.827173,493,left
1780323127.848170,504,left
1780323127.868234,474,left
1780323127.889473,552,left
1780323127.910056,533,left
1780323127.930274,496,left
1780323127.951060,514,left
1780323127.971483,496,left
1780323127.992065,507,left
1780323128.008524,498,left
1780323128.029141,501,left
1780323128.049495,500,left
1780323128.070077,533,left
1780323128.090501,516,left
1780323128.110735,503,left
1780323128.131506,513,left
1780323128.152089,496,left
1780323128.167707,520,left
1780323128.188180,482,left
1780323128.208215,492,left
1780323128.229138,533,left
1780323128.250102,539,left
1780323128.270525,507,left
1780323128.291108,518,left
1780323128.311531,492,left
1780323128.332113,508,left
1780323128.348171,477,left
1780323128.369137,528,left
1780323128.389542,504,left
1780323128.410124,504,left
1780323128.430505,528,left
1780323128.450999,530,left
1780323128.471142,518,left
1780323128.492136,526,left
1780323128.508032,511,left
1780323128.528510,481,left
1780323128.549171,567,left
1780323128.569465,500,left
1780323128.590034,492,left
1780323128.610815,515,left
1780323128.630826,482,left
1780323128.651578,514,left
1780323128.671829,524,left
1780323128.688495,529,left
1780323128.709034,510,left
1780323128.729560,525,left
1780323128.750171,510,left
1780323128.770174,487,left
1780323128.790802,521,left
1780323128.811180,501,left
1780323128.831971,477,left
1780323128.851962,513,left
1780323128.872388,501,left
1780323128.889194,508,left
1780323128.909518,501,left
1780323128.930016,536,left
1780323128.950694,484,left
1780323128.971225,502,left
1780323128.991747,530,left
1780323129.012204,505,left
1780323129.032449,522,left
1780323129.053135,504,left
1780323129.068424,508,left
1780323129.090167,514,left
1780323129.110220,512,left
1780323129.130231,534,left
1780323129.151005,518,left
1780323129.171694,506,left
1780323129.192293,513,left
1780323129.212325,515,left
1780323129.229338,510,left
1780323129.249642,489,left
1780323129.270335,505,left
1780323129.289923,508,left
1780323129.310928,514,left
1780323129.330932,522,left
1780323129.351937,506,left
1780323129.372289,485,left
1780323129.393162,520,left
1780323129.409299,494,left
1780323129.429685,502,left
1780323129.450267,530,left
1780323129.470690,564,left
1780323129.491273,494,left
1780323129.511696,515,left
1780323129.531425,521,left
1780323129.552702,515,left
1780323129.569283,500,left
1780323129.589707,501,left
1780323129.610289,520,left
1780323129.630713,533,left
1780323129.651295,524,left
1780323129.671719,511,left
1780323129.692301,502,left
1780323129.712304,513,left
1780323129.733249,513,left
1780323129.752395,497,left
1780323129.773730,513,left
1780323129.790314,503,left
1780323129.810229,550,left
1780323129.831209,525,left
1780323129.851743,510,left
1780323129.872174,508,left
1780323129.892749,506,left
1780323129.913035,509,left
1780323129.933233,500,left
1780323129.954337,462,left
1780323129.970759,512,left
1780323129.991342,528,left
1780323130.011245,538,left
1780323130.032271,521,left
1780323130.051778,520,left
1780323130.072177,498,left
1780323130.093184,520,left
1780323130.113051,503,left
1780323130.130361,511,left
1780323130.150784,505,left
1780323130.171367,505,left
1780323130.191790,498,left
1780323130.212373,501,left
1780323130.232249,514,left
1780323130.253172,533,left
1780323130.273801,530,left
1780323130.294384,524,left
1780323130.310386,490,left
1780323130.331389,527,left
1780323130.351392,498,left
1780323130.371815,504,left
1780323130.392397,532,left
1780323130.412453,530,left
1780323130.433461,520,left
1780323130.453171,501,left
1780323130.470262,551,left
1780323130.490831,517,left
1780323130.511414,500,left
1780323130.531837,488,left
1780323130.552234,505,left
1780323130.572842,513,left
1780323130.593425,524,left
1780323130.613172,508,left
1780323130.634430,512,left
1780323130.654237,494,left
1780323130.675241,537,left
1780323130.691438,508,left
1780323130.711255,510,left
1780323130.732259,526,left
1780323130.752867,512,left
1780323130.773171,511,left
1780323130.793170,535,left
1780323130.814171,523,left
1780323130.834878,537,left
1780323130.851460,502,left
1780323130.871884,573,left
1780323130.892466,523,left
1780323130.912889,551,left
1780323130.933471,575,left
1780323130.953171,480,left
1780323130.974477,550,left
1780323130.994480,511,left
1780323131.015483,512,left
1780323131.031485,519,left
1780323131.051908,524,left
1780323131.072491,510,left
1780323131.092914,481,left
1780323131.113172,506,left
1780323131.133919,538,left
1780323131.154173,511,left
1780323131.174925,506,left
1780323131.195508,483,left
1780323131.211930,442,left
1780323131.232241,524,left
1780323131.252516,498,left
1780323131.273519,507,left
1780323131.293521,497,left
1780323131.313171,516,left
1780323131.334527,503,left
1780323131.354950,478,left
1780323131.371458,511,left
1780323131.391955,491,left
1780323131.412175,529,left
1780323131.432357,518,left
1780323131.453171,479,left
1780323131.473966,485,left
1780323131.494581,511,left
1780323131.514173,542,left
1780323131.535555,551,left
1780323131.555290,531,left
1780323131.576558,521,left
1780323131.592562,502,left
1780323131.612986,488,left
1780323131.633568,532,left
1780323131.653171,526,left
1780323131.674174,503,left
1780323131.694997,504,left
1780323131.715578,529,left
1780323131.735143,505,left
1780323131.752584,522,left
1780323131.773008,498,left
1780323131.793590,512,left
1780323131.813442,482,left
1780323131.834596,538,left
1780323131.854173,522,left
1780323131.875172,534,left
1780323131.895604,501,left
1780323131.916607,524,left
1780323131.932353,509,left
1780323131.953032,504,left
1780323131.973615,505,left
1780323131.994038,502,left
1780323132.014621,504,left
1780323132.034968,486,left
1780323132.055626,480,left
1780323132.076049,495,left
1780323132.092631,521,left
1780323132.113055,531,left
1780323132.132802,505,left
1780323132.153171,498,left
1780323132.174642,502,left
1780323132.194645,563,left
1780323132.215648,499,left
1780323132.235651,526,left
1780323132.255415,506,left
1780323132.272656,518,left
1780323132.292892,502,left
1780323132.313170,510,left
1780323132.334085,518,left
1780323132.354353,506,left
1780323132.375090,534,left
1780323132.395673,517,left
1780323132.416097,516,left
1780323132.436227,534,left
1780323132.456425,534,left
1780323132.477229,501,left
1780323132.493686,526,left
1780323132.514689,514,left
1780323132.534692,516,left
1780323132.554351,491,left
1780323132.575698,499,left
1780323132.596225,546,left
1780323132.616702,516,left
1780323132.636558,530,left
1780323132.653181,505,left
1780323132.674131,513,left
1780323132.694714,482,left
1780323132.715137,540,left
1780323132.735415,531,left
1780323132.756171,513,left
1780323132.776726,516,left
1780323132.797149,514,left
1780323132.817175,495,left
1780323132.833523,503,left
1780323132.854172,550,left
1780323132.874739,523,left
1780323132.894715,506,left
1780323132.915745,519,left
1780323132.936227,488,left
1780323132.956172,518,left
1780323132.977175,527,left
1780323132.993755,543,left
1780323133.014173,521,left
1780323133.033987,510,left
1780323133.055184,502,left
1780323133.075767,504,left
1780323133.096173,505,left
1780323133.116230,517,left
1780323133.136226,501,left
1780323133.157226,506,left
1780323133.173172,504,left
1780323133.194203,540,left
1780323133.214786,513,left
1780323133.235029,501,left
1780323133.256036,515,left
1780323133.276232,519,left
1780323133.296797,494,left
1780323133.317220,526,left
1780323133.337233,499,left
1780323133.357425,510,left
1780323133.374808,513,left
1780323133.395231,522,left
1780323133.415814,489,left
1780323133.435184,507,left
1780323133.456361,499,left
1780323133.476822,527,left
1780323133.497234,526,left
1780323133.517404,522,left
1780323133.538232,498,left
1780323133.554364,506,left
1780323133.575236,513,left
1780323133.595494,498,left
1780323133.616261,506,left
1780323133.636229,497,left
1780323133.657172,493,left
1780323133.677231,522,left
1780323133.697911,510,left
1780323133.714172,539,left
1780323133.734857,500,left
1780323133.755368,508,left
1780323133.775863,507,left
1780323133.796286,469,left
1780323133.816869,522,left
1780323133.837058,504,left
1780323133.857362,489,left
1780323133.878088,486,left
1780323133.894880,513,left
1780323133.915303,496,left
1780323133.935334,491,left
1780323133.956389,529,left
1780323133.976227,526,left
1780323133.997314,530,left
1780323134.017404,522,left
1780323134.038170,517,left
1780323134.054363,529,left
1780323134.074904,495,left
1780323134.095328,509,left
1780323134.115910,516,left
1780323134.136519,494,left
1780323134.156234,534,left
1780323134.177083,498,left
1780323134.197404,495,left
1780323134.218375,502,left
1780323134.234926,518,left
1780323134.255172,499,left
1780323134.275932,527,left
1780323134.296355,504,left
1780323134.316230,507,left
1780323134.337361,511,left
1780323134.357356,487,left
1780323134.377081,489,left
1780323134.398170,497,left
1780323134.418235,505,left
1780323134.439373,504,left
1780323134.455361,551,left
1780323134.476396,536,left
1780323134.496963,555,left
1780323134.517386,507,left
1780323134.537403,535,left
1780323134.558401,508,left
1780323134.578081,509,left
1780323134.599229,499,left
1780323134.615978,531,left
1780323134.635703,488,left
1780323134.656430,517,left
1780323134.676987,482,left
1780323134.697403,531,left
1780323134.717670,495,left
1780323134.737707,485,left
1780323134.758482,532,left
1780323134.779517,515,left
1780323134.795920,504,left
1780323134.816427,532,left
1780323134.836710,488,left
1780323134.857358,510,left
1780323134.877627,528,left
1780323134.898349,489,left
1780323134.918347,497,left
1780323134.939538,549,left
1780323134.955979,496,left
1780323134.976028,506,left
1780323134.996224,513,left
1780323135.017050,510,left
1780323135.037594,510,left
1780323135.058121,489,left
1780323135.078380,501,left
1780323135.098170,493,left
1780323135.119349,516,left
1780323135.136069,510,left
1780323135.156414,522,left
1780323135.176756,485,left
1780323135.197243,510,left
1780323135.217403,505,left
1780323135.238099,504,left
1780323135.259093,512,left
1780323135.279223,489,left
1780323135.299994,490,left
1780323135.319650,518,left
1780323135.336222,496,left
1780323135.356976,506,left
1780323135.377471,513,left
1780323135.398134,494,left
1780323135.418221,495,left
1780323135.439068,516,left
1780323135.459500,511,left
1780323135.479568,492,left
1780323135.500244,494,left
1780323135.517175,466,left
1780323135.537361,519,left
1780323135.557816,518,left
1780323135.578224,512,left
1780323135.599068,511,left
1780323135.619107,507,left
1780323135.640036,488,left
1780323135.660095,519,left
1780323135.680627,495,left
1780323135.697015,492,left
1780323135.717402,509,left
1780323135.738220,498,left
1780323135.758228,512,left
1780323135.779210,514,left
1780323135.799350,493,left
1780323135.820145,514,left
1780323135.840596,520,left
1780323135.857231,506,left
1780323135.877121,495,left
1780323135.898036,490,left
1780323135.918015,500,left
1780323135.939171,507,left
1780323135.959116,478,left
1780323135.979712,518,left
1780323136.000185,508,left
1780323136.020653,507,left
1780323136.036994,517,left
1780323136.057221,493,left
1780323136.078067,517,left
1780323136.098169,511,left
1780323136.119182,484,left
1780323136.139225,481,left
1780323136.160192,510,left
1780323136.180615,485,left
1780323136.201195,508,left
1780323136.221618,500,left
1780323136.237401,502,left
1780323136.258173,509,left
1780323136.278220,502,left
1780323136.299211,492,left
1780323136.319634,498,left
1780323136.340216,508,left
1780323136.360640,488,left
1780323136.381221,504,left
1780323136.401645,493,left
1780323136.417597,474,left
1780323136.438225,488,left
1780323136.459243,498,left
1780323136.479656,526,left
1780323136.500239,503,left
1780323136.520662,491,left
1780323136.541244,509,left
1780323136.561247,510,left
1780323136.577061,496,left
1780323136.598180,508,left
1780323136.618180,483,left
1780323136.639258,490,left
1780323136.659355,482,left
1780323136.680369,513,left
1780323136.700686,541,left
1780323136.721269,492,left
1780323136.741692,513,left
1780323136.758222,498,left
1780323136.778061,496,left
1780323136.799280,478,left
1780323136.819378,487,left
1780323136.840285,511,left
1780323136.860288,502,left
1780323136.881223,506,left
1780323136.901294,525,left
1780323136.917398,507,left
1780323136.938223,504,left
1780323136.958411,507,left
1780323136.979059,482,left
1780323136.999727,477,left
1780323137.020310,484,left
1780323137.040733,536,left
1780323137.061316,491,left
1780323137.081739,516,left
1780323137.102319,497,left
1780323137.122742,491,left
1780323137.139327,509,left
1780323137.159329,491,left
1780323137.179559,497,left
1780323137.200335,499,left
1780323137.220758,517,left
1780323137.241341,515,left
1780323137.261763,486,left
1780323137.282397,491,left
1780323164.407370,581,left
1780323164.427370,581,left
1780323164.448173,620,left
1780323164.465090,588,left
1780323164.485513,558,left
1780323164.506181,620,left
1780323164.526561,563,left
1780323164.547101,520,left
1780323164.567415,544,left
1780323164.588191,467,left
1780323164.608197,476,left
1780323164.629065,453,left
1780323164.649509,425,left
1780323164.670118,450,left
1780323164.686188,449,left
1780323164.706352,422,left
1780323164.727126,460,left
1780323164.747370,445,left
1780323164.767990,493,left
1780323164.788191,500,left
1780323164.808362,514,left
1780323164.829340,551,left
1780323164.850143,535,left
1780323164.870566,552,left
1780323164.891149,539,left
1780323164.907419,571,left
1780323164.928169,554,left
1780323164.948179,535,left
1780323164.969191,519,left
1780323164.989097,526,left
1780323165.010190,494,left
1780323165.030168,476,left
1780323165.051237,473,left
1780323165.067282,505,left
1780323165.087153,484,left
1780323165.108192,467,left
1780323165.128651,454,left
1780323165.148823,463,left
1780323165.169607,411,left
1780323165.189849,461,left
1780323165.210382,440,left
1780323165.230964,470,left
1780323165.251415,498,left
1780323165.272177,477,left
1780323165.287820,517,left
1780323165.309227,545,left
1780323165.328822,534,left
1780323165.349345,535,left
1780323165.370216,574,left
1780323165.390476,529,left
1780323165.411194,531,left
1780323165.431304,539,left
1780323165.448002,538,left
1780323165.468486,489,left
1780323165.488916,501,left
1780323165.509380,458,left
1780323165.530223,447,left
1780323165.550660,440,left
1780323165.570963,429,left
1780323165.591665,435,left
1780323165.612101,468,left
1780323165.627943,455,left
1780323165.648742,446,left
1780323165.669190,465,left
1780323165.689730,496,left
1780323165.710350,546,left
1780323165.730754,508,left
1780323165.751267,518,left
1780323165.771690,551,left
1780323165.788189,551,left
1780323165.808756,520,left
1780323165.828991,564,left
1780323165.849602,521,left
1780323165.870283,496,left
1780323165.890492,514,left
1780323165.911194,488,left
1780323165.931779,474,left
1780323165.952239,484,left
1780323165.968179,467,left
1780323165.988757,475,left
1780323166.009175,491,left
1780323166.029731,446,left
1780323166.050068,446,left
1780323166.070454,467,left
1780323166.091079,497,left
1780323166.111737,443,left
1780323166.128004,487,left
1780323166.148556,484,left
1780323166.173346,489,left
1780323166.189553,537,left
1780323166.210122,500,left
1780323166.230467,518,left
1780323166.251425,529,left
1780323166.271338,513,left
1780323166.291762,520,left
1780323166.312128,496,left
1780323166.332190,510,left
1780323166.349362,498,left
1780323166.369439,499,left
1780323166.390025,508,left
1780323166.410565,514,left
1780323166.430960,476,left
1780323166.451784,460,left
1780323166.472366,461,left
1780323166.492789,536,left
1780323166.513127,479,left
1780323166.529103,445,left
1780323166.550346,452,left
1780323166.570414,451,left
1780323166.590529,476,left
1780323166.611385,511,left
1780323166.631808,507,left
1780323166.652391,498,left
1780323166.672544,487,left
1780323166.689027,503,left
1780323166.709625,539,left
1780323166.730492,552,left
1780323166.750467,491,left
1780323166.771526,520,left
1780323166.791831,507,left
1780323166.812411,524,left
1780323166.832836,501,left
1780323166.853171,522,left
1780323166.869421,455,left
1780323166.889844,492,left
1780323166.910460,464,left
1780323166.930814,446,left
1780323166.951433,494,left
1780323166.971856,463,left
1780323166.992438,428,left
1780323167.012861,468,left
1780323167.029171,463,left
1780323167.049866,455,left
1780323167.070449,500,left
1780323167.090872,507,left
1780323167.111455,487,left
1780323167.131782,486,left
1780323167.152460,483,left
1780323167.172195,509,left
1780323167.193450,492,left
1780323167.213467,484,left
1780323167.233781,493,left
1780323167.250362,514,left
1780323167.270896,476,left
1780323167.291479,556,left
1780323167.311791,497,left
1780323167.332485,539,left
1780323167.352908,515,left
1780323167.373559,490,left
1780323167.393914,478,left
1780323167.410496,455,left
1780323167.430356,459,left
1780323167.451527,428,left
1780323167.471504,463,left
1780323167.492507,474,left
1780323167.512510,472,left
1780323167.532361,474,left
1780323167.553171,457,left
1780323167.573347,488,left
1780323167.590520,479,left
1780323167.610944,487,left
1780323167.631173,495,left
1780323167.651950,470,left
1780323167.672531,499,left
1780323167.692955,496,left
1780323167.713172,482,left
1780323167.733961,475,left
1780323167.754418,506,left
1780323167.770418,547,left
1780323167.791548,534,left
1780323167.811551,488,left
1780323167.831974,460,left
1780323167.852557,518,left
1780323167.872980,495,left
1780323167.893444,465,left
1780323167.913985,443,left
1780323167.930171,459,left
1780323167.950991,462,left
1780323167.971573,479,left
1780323167.991996,484,left
1780323168.012579,476,left
1780323168.033001,515,left
1780323168.053341,524,left
1780323168.074007,525,left
1780323168.094590,498,left
1780323168.114590,489,left
1780323168.135360,454,left
1780323168.151176,441,left
1780323168.172020,461,left
1780323168.192603,473,left
1780323168.213027,464,left
1780323168.233609,512,left
1780323168.253356,503,left
1780323168.274614,480,left
1780323168.295037,447,left
1780323168.311620,524,left
1780323168.332043,468,left
1780323168.352625,508,left
1780323168.373048,505,left
1780323168.393439,503,left
1780323168.413634,489,left
1780323168.434637,467,left
1780323168.454639,497,left
1780323168.475062,513,left
1780323168.491644,504,left
1780323168.512068,488,left
1780323168.532650,448,left
1780323168.553073,487,left
1780323168.573172,439,left
1780323168.594079,464,left
1780323168.614661,433,left
1780323168.635084,512,left
1780323168.651666,448,left
1780323168.672089,471,left
1780323168.692672,453,left
1780323168.712675,461,left
1780323168.733678,450,left
1780323168.753172,474,left
1780323168.774104,474,left
1780323168.794686,433,left
1780323168.815109,469,left
1780323168.831691,497,left
1780323168.852115,456,left
1780323168.872697,447,left
1780323168.893170,469,left
1780323168.913346,473,left
1780323168.934126,459,left
1780323168.954708,497,left
1780323168.975174,474,left
1780323168.995712,473,left
1780323169.016135,538,left
1780323169.036192,500,left
1780323169.052722,487,left
1780323169.073170,491,left
1780323169.093728,499,left
1780323169.114106,470,left
1780323169.134110,490,left
1780323169.154647,509,left
1780323169.175652,452,left
1780323169.195657,471,left
1780323169.212661,462,left
1780323169.233174,512,left
1780323169.253170,431,left
1780323169.274172,460,left
1780323169.294755,475,left
1780323169.315178,519,left
1780323169.335760,480,left
1780323169.355230,472,left
1780323169.376764,508,left
1780323169.392769,507,left
1780323169.413192,578,left
1780323169.433774,509,left
1780323169.454173,529,left
1780323169.474780,516,left
1780323169.494826,534,left
1780323169.515658,579,left
1780323169.536187,506,left
1780323169.552791,492,left
1780323169.573214,517,left
1780323169.593796,474,left
1780323169.614211,504,left
1780323169.634420,468,left
1780323169.654726,464,left
1780323169.675807,470,left
1780323169.695810,473,left
1780323169.716187,486,left
1780323169.732655,495,left
1780323169.753181,514,left
1780323169.773821,473,left
1780323169.794219,522,left
1780323169.814826,536,left
1780323169.835250,483,left
1780323169.855313,488,left
1780323169.876173,498,left
1780323169.896835,482,left
1780323169.917259,475,left
1780323169.933843,471,left
1780323169.953172,480,left
1780323169.974849,495,left
1780323169.994851,497,left
1780323170.015275,516,left
1780323170.035848,504,left
1780323170.056281,527,left
1780323170.076171,506,left
1780323170.097285,514,left
1780323170.113868,515,left
1780323170.134291,496,left
1780323170.154875,496,left
1780323170.175297,499,left
1780323170.195879,497,left
1780323170.216302,481,left
1780323170.236200,512,left
1780323170.257175,485,left
1780323170.273890,526,left
1780323170.293893,549,left
1780323170.314316,475,left
1780323170.334898,462,left
1780323170.355176,477,left
1780323170.375755,534,left
1780323170.396327,561,left
1780323170.416180,499,left
1780323170.437191,539,left
1780323170.453171,522,left
1780323170.474338,513,left
1780323170.494609,533,left
1780323170.515343,558,left
1780323170.535926,538,left
1780323170.556174,499,left
1780323170.576753,508,left
1780323170.596934,472,left
1780323170.613357,452,left
1780323170.633939,496,left
1780323170.654363,469,left
1780323170.674945,492,left
1780323170.695369,497,left
1780323170.715951,448,left
1780323170.736374,482,left
1780323170.756173,475,left
1780323170.777363,464,left
1780323170.797363,512,left
1780323170.818190,506,left
1780323170.834200,459,left
1780323170.855200,482,left
1780323170.875973,473,left
1780323170.895976,505,left
1780323170.916188,528,left
1780323170.936188,493,left
1780323170.957202,538,left
1780323170.977987,593,left
1780323170.998170,519,left
1780323171.014992,564,left
1780323171.035415,497,left
1780323171.055193,509,left
1780323171.076185,521,left
1780323171.097003,575,left
1780323171.117363,524,left
1780323171.137174,482,left
1780323171.158192,485,left
1780323171.175014,454,left
1780323171.195017,445,left
1780323171.216019,465,left
1780323171.236022,436,left
1780323171.256197,459,left
1780323171.276186,464,left
1780323171.297362,494,left
1780323171.317182,471,left
1780323171.338186,479,left
1780323171.354198,476,left
1780323171.375223,507,left
1780323171.396172,487,left
1780323171.416467,544,left
1780323171.436184,524,left
1780323171.457173,553,left
1780323171.477362,517,left
1780323171.498169,534,left
1780323171.514481,485,left
1780323171.535172,489,left
1780323171.555172,461,left
1780323171.576069,507,left
1780323171.596492,523,left
1780323171.616185,503,left
1780323171.637185,480,left
1780323171.658196,481,left
1780323171.678170,503,left
1780323171.699088,474,left
1780323171.719181,514,left
1780323171.736191,497,left
1780323171.756173,513,left
1780323171.777097,518,left
1780323171.797362,514,left
1780323171.818183,519,left
1780323171.838186,503,left
1780323171.858193,526,left
1780323171.879111,496,left
1780323171.895534,549,left
1780323171.916185,511,left
1780323171.936186,530,left
1780323171.957198,499,left
1780323171.977362,535,left
1780323171.998144,538,left
1780323172.018176,533,left
1780323172.039184,523,left
1780323172.059556,511,left
1780323172.076193,500,left
1780323172.096183,506,left
1780323172.117185,518,left
1780323172.137146,518,left
1780323172.158160,520,left
1780323172.178169,484,left
1780323172.198186,492,left
1780323172.219170,481,left
1780323172.239581,527,left
1780323172.256201,479,left
1780323172.276586,506,left
1780323172.297187,524,left
1780323172.317361,550,left
1780323172.338184,538,left
1780323172.358273,542,left
1780323172.379176,514,left
1780323172.399603,544,left
1780323172.416201,529,left
1780323172.436192,556,left
1780323172.456464,531,left
1780323172.477193,537,left
1780323172.497361,509,left
1780323172.518186,517,left
1780323172.538185,490,left
1780323172.559173,483,left
1780323172.579429,506,left
1780323172.596210,476,left
1780323172.620172,521,left
1780323172.637183,538,left
1780323172.657463,525,left
1780323172.678171,550,left
1780323172.698171,535,left
1780323172.719178,546,left
1780323172.739650,565,left
1780323172.760067,544,left
1780323172.780261,556,left
1780323172.796658,513,left
1780323172.817185,520,left
1780323172.837185,523,left
1780323172.858194,522,left
1780323172.878171,550,left
1780323172.899252,505,left
1780323172.919187,549,left
1780323172.940257,515,left
1780323172.960680,510,left
1780323172.977262,620,left
1780323172.997361,581,left
1780323173.018171,617,left
1780323173.038170,648,left
1780323173.059274,672,left
1780323173.079173,698,left
1780323173.100279,710,left
1780323173.120186,785,left
1780323173.136704,771,left
1780323173.157201,746,left
1780323173.177361,750,left
1780323173.198189,729,left
1780323173.218189,679,left
1780323173.239298,664,left
1780323173.259722,584,left
1780323173.280304,536,left
1780323173.300727,500,left
1780323173.317188,442,left
1780323173.337186,442,left
1780323173.358415,435,left
1780323173.378170,409,left
1780323173.399171,424,left
1780323173.419203,442,left
1780323173.439746,429,left
1780323173.460060,449,left
1780323173.476175,436,left
1780323173.497334,449,left
1780323173.517360,389,left
1780323173.538188,423,left
1780323173.558202,432,left
1780323173.579345,388,left
1780323173.599768,359,left
1780323173.620180,353,left
1780323173.640774,396,left
1780323173.661354,411,left
1780323173.681777,467,left
1780323173.697360,450,left
1780323173.718180,532,left
1780323173.738184,547,left
1780323173.759370,543,left
1780323173.779205,546,left
1780323173.800339,549,left
1780323173.820477,548,left
1780323173.841380,564,left
1780323173.861804,524,left
1780323173.878185,496,left
1780323173.898185,429,left
1780323173.919392,423,left
1780323173.939815,385,left
1780323173.960398,390,left
1780323173.980821,381,left
1780323174.001403,391,left
1780323174.021406,356,left
1780323174.037360,360,left
1780323174.058256,345,left
1780323174.078964,373,left
1780323174.099416,460,left
1780323174.119190,536,left
1780323174.140029,586,left
1780323174.160846,599,left
1780323174.181428,645,left
1780323174.201851,716,left
1780323174.218184,719,left
1780323174.238181,700,left
1780323174.259439,682,left
1780323174.279171,605,left
1780323174.300445,562,left
1780323174.320447,571,left
1780323174.341450,542,left
1780323174.361202,538,left
1780323174.377359,489,left
1780323174.398171,477,left
1780323174.418251,517,left
1780323174.439464,465,left
1780323174.459886,489,left
1780323174.480469,488,left
1780323174.500892,516,left
1780323174.521475,537,left
1780323174.541898,535,left
1780323174.562479,528,left
1780323174.582172,560,left
1780323174.599485,555,left
1780323174.619168,566,left
1780323174.639911,541,left
1780323174.660228,553,left
1780323174.680748,524,left
1780323174.701499,496,left
1780323174.721922,501,left
1780323174.742504,547,left
1780323174.758230,553,left
1780323174.779171,580,left
1780323174.799171,598,left
1780323174.820516,626,left
1780323174.840725,545,left
1780323174.861522,566,left
1780323174.881945,530,left
1780323174.902529,517,left
1780323174.922951,487,left
1780323174.938181,472,left
1780323174.959535,484,left
1780323174.979172,460,left
1780323175.000541,493,left
1780323175.020964,509,left
1780323175.041547,594,left
1780323175.061631,614,left
1780323175.082552,638,left
1780323175.098185,655,left
1780323175.119201,638,left
1780323175.139873,643,left
1780323175.160563,612,left
1780323175.180986,613,left
1780323175.201569,587,left
1780323175.221581,546,left
1780323175.242574,507,left
1780323175.262046,475,left
1780323175.278181,488,left
1780323175.299582,470,left
1780323175.319200,477,left
1780323175.340588,507,left
1780323175.361011,547,left
1780323175.381593,539,left
1780323175.402016,534,left
1780323175.422599,538,left
1780323175.443022,540,left
1780323175.463045,593,left
1780323175.484025,528,left
1780323175.500610,478,left
1780323175.520612,463,left
1780323175.541351,490,left
1780323175.561618,503,left
1780323175.582198,486,left
1780323175.602623,475,left
1780323175.623046,492,left
1780323175.643629,536,left
1780323175.660040,563,left
1780323175.680634,579,left
1780323175.701057,600,left
1780323175.721640,544,left
1780323175.742063,562,left
1780323175.762645,547,left
1780323175.782387,568,left
1780323175.803652,571,left
1780323175.824075,506,left
1780323175.840657,558,left
1780323175.860659,551,left
1780323175.881083,532,left
1780323175.901665,519,left
1780323175.922088,500,left
1780323175.942671,521,left
1780323175.963170,478,left
1780323175.983676,516,left
1780323176.000099,519,left
1780323176.020681,561,left
1780323176.041104,519,left
1780323176.061687,450,left
1780323176.082185,488,left
1780323176.102693,545,left
1780323176.123170,553,left
1780323176.143699,521,left
1780323176.164121,488,left
1780323176.180172,532,left
1780323176.200727,591,left
1780323176.221129,565,left
1780323176.241712,513,left
1780323176.262037,499,left
1780323176.282187,548,left
1780323176.303171,556,left
1780323176.323723,557,left
1780323176.344144,560,left
1780323176.364726,520,left
1780323176.381273,549,left
1780323176.401177,517,left
1780323176.422199,575,left
1780323176.442740,571,left
1780323176.462742,504,left
1780323176.483745,522,left
1780323176.503748,514,left
1780323176.524749,561,left
1780323176.544752,523,left
1780323176.561176,538,left
1780323176.581759,561,left
1780323176.602182,573,left
1780323176.622764,587,left
1780323176.643188,522,left
1780323176.663216,433,left
1780323176.684193,578,left
1780323176.704775,619,left
1780323176.725199,577,left
1780323176.741808,573,left
1780323176.761783,584,left
1780323176.782486,606,left
1780323176.802445,617,left
1780323176.823212,572,left
1780323176.843795,552,left
1780323176.864218,527,left
1780323176.884800,523,left
1780323176.901223,503,left
1780323176.921806,532,left
1780323176.942229,533,left
1780323176.962811,424,left
1780323176.983254,413,left
1780323177.003817,473,left
1780323177.024240,530,left
1780323177.044823,507,left
1780323177.065245,497,left
1780323177.081178,477,left
1780323177.101177,526,left
1780323177.122254,526,left
1780323177.142836,559,left
1780323177.163031,481,left
1780323177.183841,489,left
1780323177.204264,522,left
1780323177.224847,525,left
1780323177.245268,528,left
1780323177.265851,543,left
1780323177.282178,553,left
1780323177.302858,537,left
1780323177.323170,567,left
1780323177.343863,547,left
1780323177.364287,515,left
1780323177.384869,546,left
1780323177.404881,565,left
1780323177.425176,543,left
1780323177.445877,550,left
1780323177.462300,551,left
1780323177.482188,539,left
1780323177.503306,555,left
1780323177.523888,519,left
1780323177.544312,522,left
1780323177.564894,490,left
1780323177.585317,505,left
1780323177.605189,534,left
1780323177.622322,525,left
1780323177.642178,492,left
1780323177.663327,513,left
1780323177.683910,514,left
1780323177.703360,500,left
1780323177.724916,538,left
1780323177.744919,479,left
1780323177.765175,508,left
1780323177.785924,509,left
1780323177.802347,552,left
1780323177.822930,548,left
1780323177.843353,544,left
1780323177.863935,550,left
1780323177.884358,531,left
1780323177.904941,577,left
1780323177.925364,549,left
1780323177.945947,507,left
1780323177.962369,518,left
1780323177.982177,479,left
1780323178.002954,465,left
1780323178.023957,453,left
1780323178.043960,508,left
1780323178.064383,495,left
1780323178.084965,483,left
1780323178.105199,540,left
1780323178.125971,557,left
1780323178.142191,558,left
1780323178.166195,505,left
1780323178.183199,455,left
1780323178.203203,480,left
1780323178.224208,488,left
1780323178.244764,420,left
1780323178.264769,317,left
1780323178.285773,386,left
1780323178.305778,554,left
1780323178.326916,537,left
1780323178.346920,527,left
1780323178.363424,512,left
1780323178.383189,539,left
1780323178.404430,555,left
1780323178.425012,444,left
1780323178.445436,484,left
1780323178.465184,581,left
1780323178.486441,593,left
1780323178.506183,520,left
1780323178.523170,578,left
1780323178.544029,564,left
1780323178.564452,590,left
1780323178.585196,596,left
1780323178.605175,553,left
1780323178.626040,541,left
1780323178.645848,450,left
1780323178.666177,435,left
1780323178.686178,507,left
1780323178.703471,555,left
1780323178.724054,527,left
1780323178.744477,472,left
1780323178.765059,538,left
1780323178.785482,526,left
1780323178.805183,627,left
1780323178.826172,578,left
1780323178.846176,544,left
1780323178.863493,475,left
1780323178.884075,491,left
1780323178.904499,529,left
1780323178.925128,464,left
1780323178.945084,512,left
1780323178.966178,552,left
1780323178.986176,537,left
1780323179.006209,590,left
1780323179.027096,536,left
1780323179.043343,545,left
1780323179.064100,530,left
1780323179.084524,491,left
1780323179.105106,408,left
1780323179.125529,478,left
1780323179.146190,506,left
1780323179.166535,533,left
1780323179.187177,419,left
1780323179.207351,485,left
1780323179.227354,529,left
1780323179.244125,618,left
1780323179.265172,553,left
1780323179.285131,492,left
1780323179.305547,510,left
1780323179.326136,523,left
1780323179.346560,420,left
1780323179.367142,374,left
1780323179.387177,453,left
1780323179.408205,518,left
1780323179.424570,401,left
1780323179.445153,454,left
1780323179.465576,527,left
1780323179.486172,548,left
1780323179.506364,522,left
1780323179.527164,467,left
1780323179.547175,508,left
1780323179.568339,533,left
1780323179.584172,508,left
1780323179.604172,474,left
1780323179.625178,505,left
1780323179.645601,553,left
1780323179.665378,534,left
1780323179.686606,483,left
1780323179.707179,509,left
1780323179.727346,537,left
1780323179.747353,467,left
1780323179.764617,511,left
1780323179.785200,439,left
1780323179.805173,492,left
1780323179.826380,418,left
1780323179.846629,397,left
1780323179.867175,546,left
1780323179.887174,518,left
1780323179.908202,481,left
1780323179.928178,518,left
1780323179.944642,541,left
1780323179.965225,486,left
1780323179.985648,440,left
1780323180.006347,419,left
1780323180.026654,442,left
1780323180.047236,447,left
1780323180.067177,519,left
1780323180.088177,524,left
1780323180.108176,523,left
1780323180.129171,519,left
1780323180.145336,525,left
1780323180.166252,480,left
1780323180.186180,452,left
1780323180.207351,388,left
1780323180.227261,380,left
1780323180.247353,338,left
1780323180.268171,406,left
1780323180.288346,464,left
1780323180.308375,435,left
1780323180.325551,491,left
1780323180.346362,530,left
1780323180.366701,515,left
1780323180.387283,517,left
1780323180.407505,530,left
1780323180.427667,483,left
1780323180.448180,485,left
1780323180.469185,604,left
1780323180.485296,562,left
1780323180.506206,470,left
1780323180.526363,430,left
1780323180.546362,501,left
1780323180.567307,584,left
1780323180.587352,540,left
1780323180.608181,535,left
1780323180.628171,541,left
1780323180.649351,547,left
1780323180.665742,563,left
1780323180.686196,420,left
1780323180.706194,503,left
1780323180.727329,540,left
1780323180.747498,496,left
1780323180.768246,491,left
1780323180.788169,553,left
1780323180.809252,538,left
1780323180.825258,497,left
1780323180.845766,458,left
1780323180.866184,529,left
1780323180.886183,507,left
1780323180.907352,485,left
1780323180.927352,530,left
1780323180.948504,491,left
1780323180.968183,450,left
1780323180.989366,429,left
1780323181.009786,466,left
1780323181.030369,470,left
1780323181.046794,540,left
1780323181.067352,462,left
1780323181.087181,461,left
1780323181.108380,503,left
1780323181.128171,466,left
1780323181.149388,435,left
1780323181.169389,547,left
1780323181.189813,559,left
1780323181.209990,489,left
1780323181.226174,518,left
1780323181.247351,554,left
1780323181.267356,599,left
1780323181.288171,555,left
1780323181.308183,552,left
1780323181.329172,523,left
1780323181.349836,497,left
1780323181.370418,487,left
1780323181.386182,519,left
1780323181.407396,612,left
1780323181.426655,598,left
1780323181.448462,571,left
1780323181.468480,433,left
1780323181.488181,480,left
1780323181.509437,486,left
1780323181.529860,545,left
1780323181.550443,571,left
1780323181.566105,544,left
1780323181.587351,496,left
1780323181.607359,591,left
1780323181.628375,560,left
1780323181.648341,532,left
1780323181.669460,550,left
1780323181.689883,505,left
1780323181.710465,397,left
1780323181.726467,514,left
1780323181.746890,679,left
1780323181.767186,423,left
1780323181.787195,188,left
1780323181.808200,382,left
1780323181.828171,544,left
1780323181.849460,604,left
1780323181.869907,511,left
1780323181.890490,320,left
1780323181.910193,369,left
1780323181.931493,448,left
1780323181.947351,486,left
1780323181.968171,520,left
1780323181.988243,599,left
1780323182.009513,554,left
1780323182.029929,484,left
1780323182.050512,405,left
1780323182.070513,370,left
1780323182.091516,393,left
1780323182.107184,544,left
1780323182.127264,535,left
1780323182.148345,530,left
1780323182.168340,565,left
1780323182.189531,525,left
1780323182.209954,546,left
1780323182.230536,471,left
1780323182.250960,458,left
1780323182.271542,493,left
1780323182.287175,610,left
1780323182.308365,467,left
1780323182.328177,470,left
1780323182.349553,643,left
1780323182.369363,609,left
1780323182.390559,431,left
1780323182.410562,466,left
1780323182.430171,498,left
1780323182.447350,460,left
1780323182.467350,475,left
1780323182.488402,436,left
1780323182.508437,487,left
1780323182.529172,462,left
1780323182.550001,453,left
1780323182.570583,445,left
1780323182.591007,483,left
1780323182.611589,452,left
1780323182.627350,426,left
1780323182.648340,382,left
1780323182.668359,482,left
1780323182.689600,494,left
1780323182.709602,416,left
1780323182.730026,488,left
1780323182.750608,434,left
1780323182.771031,453,left
1780323182.791611,552,left
1780323182.812035,525,left
1780323182.832173,472,left
1780323182.848174,464,left
1780323182.869625,469,left
1780323182.890048,505,left
1780323182.910631,471,left
1780323182.931173,488,left
1780323182.951636,542,left
1780323182.972058,480,left
1780323182.992178,491,left
1780323183.008185,473,left
1780323183.029177,510,left
1780323183.049649,540,left
1780323183.069484,448,left
1780323183.090655,432,left
1780323183.111079,509,left
1780323183.131209,590,left
1780323183.152084,409,left
1780323183.172666,440,left
1780323183.188348,389,left
1780323183.209672,506,left
1780323183.230094,465,left
1780323183.250677,529,left
1780323183.270356,484,left
1780323183.291683,534,left
1780323183.311686,538,left
1780323183.332377,499,left
1780323183.348170,455,left
1780323183.369175,525,left
1780323183.389696,505,left
1780323183.409970,469,left
1780323183.430702,451,left
1780323183.451126,450,left
1780323190.525679,499,left
1780323190.541681,529,left
1780323190.562104,521,left
1780323190.582183,541,left
1780323190.603169,525,left
1780323190.623692,554,left
1780323190.644116,546,left
1780323190.664698,540,left
1780323190.685121,491,left
1780323190.705179,515,left
1780323190.726167,531,left
1780323190.746710,558,left
1780323190.763170,544,left
1780323190.783173,570,left
1780323190.803717,580,left
1780323190.824695,607,left
1780323190.844723,646,left
1780323190.865146,567,left
1780323190.885729,503,left
1780323190.906184,516,left
1780323190.922734,660,left
1780323190.943157,613,left
1780323190.963739,476,left
1780323190.984163,414,left
1780323191.004745,469,left
1780323191.025168,482,left
1780323191.045751,504,left
1780323191.066174,495,left
1780323191.086756,481,left
1780323191.107174,560,left
1780323191.127341,614,left
1780323191.143764,577,left
1780323191.164188,503,left
1780323191.184770,503,left
1780323191.205173,491,left
1780323191.225775,508,left
1780323191.246164,537,left
1780323191.266781,663,left
1780323191.287205,683,left
1780323191.307364,689,left
1780323191.324210,661,left
1780323191.348168,615,left
1780323191.365215,561,left
1780323191.385798,501,left
1780323191.405384,496,left
1780323191.426564,451,left
1780323191.446806,462,left
1780323191.467340,464,left
1780323191.487340,450,left
1780323191.508140,404,left
1780323191.524816,367,left
1780323191.545240,375,left
1780323191.565822,402,left
1780323191.586163,413,left
1780323191.606828,399,left
1780323191.627251,440,left
1780323191.647171,450,left
1780323191.668170,431,left
1780323191.688169,483,left
1780323191.705348,492,left
1780323191.725712,503,left
1780323191.745847,497,left
1780323191.766337,480,left
1780323191.786853,520,left
1780323191.807166,471,left
1780323191.827340,483,left
1780323191.848171,505,left
1780323191.864863,505,left
1780323191.885286,556,left
1780323191.905423,613,left
1780323191.926168,667,left
1780323191.946875,617,left
1780323191.967043,570,left
1780323191.987167,489,left
1780323192.008361,543,left
1780323192.028886,452,left
1780323192.044749,503,left
1780323192.065891,410,left
1780323192.085894,497,left
1780323192.105676,580,left
1780323192.126557,634,left
1780323192.147323,620,left
1780323192.167408,544,left
1780323192.188170,542,left
1780323192.204910,547,left
1780323192.225333,530,left
1780323192.245916,456,left
1780323192.266339,443,left
1780323192.286922,489,left
1780323192.306899,468,left
1780323192.327339,480,left
1780323192.348170,480,left
1780323192.368171,479,left
1780323192.388179,483,left
1780323192.409888,498,left
1780323192.425172,556,left
1780323192.446346,461,left
1780323192.466946,484,left
1780323192.487339,510,left
1780323192.507339,505,left
1780323192.527556,496,left
1780323192.548167,479,left
1780323192.569399,559,left
1780323192.589963,505,left
1780323192.606449,367,left
1780323192.626969,275,left
1780323192.647320,369,left
1780323192.667181,487,left
1780323192.687339,498,left
1780323192.708173,477,left
1780323192.728359,516,left
1780323192.749406,580,left
1780323192.765988,533,left
1780323192.786411,522,left
1780323192.806373,491,left
1780323192.827338,463,left
1780323192.847338,507,left
1780323192.868170,508,left
1780323192.888165,527,left
1780323192.909428,507,left
1780323192.929178,557,left
1780323192.946433,577,left
1780323192.967016,497,left
1780323192.986165,522,left
1780323193.007208,421,left
1780323193.027339,413,left
1780323193.048171,431,left
1780323193.068177,408,left
1780323193.089453,491,left
1780323193.105172,479,left
1780323193.126184,567,left
1780323193.147040,549,left
1780323193.167338,518,left
1780323193.188170,512,left
1780323193.208266,525,left
1780323193.229172,490,left
1780323193.249475,480,left
1780323193.270057,468,left
1780323193.290478,455,left
1780323193.311061,495,left
1780323193.327065,550,left
1780323193.347173,535,left
1780323193.368169,514,left
1780323193.388165,493,left
1780323193.409180,429,left
1780323193.429171,442,left
1780323193.450081,443,left
1780323193.470504,423,left
1780323193.487189,513,left
1780323193.507196,544,left
1780323193.527547,557,left
1780323193.548158,549,left
1780323193.569098,530,left
1780323193.589521,513,left
1780323193.609878,528,left
1780323193.629840,458,left
1780323193.651110,448,left
1780323193.667112,488,left
1780323193.687183,487,left
1780323193.708180,495,left
1780323193.728169,473,left
1780323193.749161,480,left
1780323193.769546,448,left
1780323193.789896,478,left
1780323193.809875,452,left
1780323193.827134,445,left
1780323193.847337,496,left
1780323193.868170,483,left
1780323193.888161,494,left
1780323193.909166,518,left
1780323193.929172,512,left
1780323193.950151,540,left
1780323193.970154,538,left
1780323193.990577,476,left
1780323194.007197,442,left
1780323194.027338,505,left
1780323194.048161,475,left
1780323194.068171,472,left
1780323194.089171,482,left
1780323194.109593,489,left
1780323194.130174,483,left
1780323194.150599,479,left
1780323194.171179,457,left
1780323194.191602,498,left
1780323194.212185,437,left
1780323194.228171,504,left
1780323194.249192,492,left
1780323194.269195,517,left
1780323194.289617,517,left
1780323194.310201,490,left
1780323194.330623,481,left
1780323194.351205,510,left
1780323194.371628,504,left
1780323194.388183,535,left
1780323194.408187,485,left
1780323194.429217,484,left
1780323194.449640,482,left
1780323194.470222,482,left
1780323194.490645,499,left
1780323194.511228,477,left
1780323194.531651,500,left
1780323194.552234,486,left
1780323194.568172,471,left
1780323194.588161,489,left
1780323194.609241,508,left
1780323194.629177,513,left
1780323194.650248,513,left
1780323194.670671,522,left
1780323194.691253,528,left
1780323194.711676,505,left
1780323194.728141,476,left
1780323194.748165,485,left
1780323194.769160,494,left
1780323194.789686,488,left
1780323194.810269,550,left
1780323194.830177,523,left
1780323194.851274,548,left
1780323194.871277,511,left
1780323194.892280,493,left
1780323194.907893,457,left
1780323194.928170,466,left
1780323194.949288,426,left
1780323194.969712,427,left
1780323194.990294,469,left
1780323195.010717,471,left
1780323195.031173,477,left
1780323195.051723,507,left
1780323195.072303,519,left
1780323195.092509,526,left
1780323195.109185,469,left
1780323195.129695,482,left
1780323195.149700,498,left
1780323195.169704,513,left
1780323195.190708,494,left
1780323195.210713,511,left
1780323195.231717,473,left
1780323195.251724,485,left
1780323195.272729,496,left
1780323195.288733,430,left
1780323195.309738,435,left
1780323195.329743,436,left
1780323195.350746,435,left
1780323195.370751,439,left
1780323195.391756,460,left
1780323195.411760,511,left
1780323195.432765,477,left
1780323195.448769,508,left
1780323195.468773,547,left
1780323195.489779,523,left
1780323195.509782,527,left
1780323195.530787,531,left
1780323195.550792,513,left
1780323195.571796,495,left
1780323195.591801,515,left
1780323195.612806,501,left
1780323195.628809,505,left
1780323195.649814,511,left
1780323195.669818,472,left
1780323195.690823,466,left
1780323195.710828,502,left
1780323195.731832,450,left
1780323195.751837,464,left
1780323195.772841,476,left
1780323195.792846,492,left
1780323195.808849,444,left
1780323195.829855,486,left
1780323195.849863,487,left
1780323195.870868,472,left
1780323195.890872,547,left
1780323195.911876,529,left
1780323195.931881,512,left
1780323195.952885,552,left
1780323195.973427,557,left
1780323195.993850,589,left
1780323196.010434,606,left
1780323196.030165,555,left
1780323196.051440,556,left
1780323196.071863,527,left
1780323196.092446,494,left
1780323196.112449,494,left
1780323196.133451,493,left
1780323196.153168,485,left
1780323196.173876,475,left
1780323196.190460,482,left
1780323196.210883,489,left
1780323196.231465,489,left
1780323196.251888,491,left
1780323196.272470,457,left
1780323196.292894,417,left
1780323196.313489,429,left
1780323196.333899,437,left
1780323196.350481,433,left
1780323196.370200,460,left
1780323196.391487,490,left
1780323196.411490,498,left
1780323196.432176,523,left
1780323196.452496,490,left
1780323196.472919,448,left
1780323196.493171,484,left
1780323196.513924,498,left
1780323196.530506,439,left
1780323196.550929,446,left
1780323196.571512,430,left
1780323196.591935,469,left
1780323196.612517,476,left
1780323196.632174,535,left
1780323196.653342,514,left
1780323196.673946,490,left
1780323196.690528,476,left
1780323196.709849,472,left
1780323196.730954,457,left
1780323196.751309,450,left
1780323196.771959,476,left
1780323196.792542,455,left
1780323196.812965,495,left
1780323196.832876,498,left
1780323196.853171,513,left
1780323196.870553,526,left
1780323196.894974,534,left
1780323196.911559,521,left
1780323196.931982,471,left
1780323196.952168,464,left
1780323196.972987,418,left
1780323196.993570,404,left
1780323197.013993,454,left
1780323197.034574,486,left
1780323197.054582,545,left
1780323197.075580,516,left
1780323197.091583,507,left
1780323197.112007,484,left
1780323197.132182,514,left
1780323197.153012,517,left
1780323197.173595,449,left
1780323197.194018,426,left
1780323197.214601,464,left
1780323197.235023,483,left
1780323197.251606,496,left
1780323197.272029,493,left
1780323197.292611,548,left
1780323197.312848,533,left
1780323197.333164,501,left
1780323197.353172,508,left
1780323197.374605,515,left
1780323197.394625,479,left
1780323197.415048,562,left
1780323197.431630,507,left
1780323197.452054,563,left
1780323197.472636,586,left
1780323197.493026,563,left
1780323197.512846,597,left
1780323197.534064,585,left
1780323197.554173,551,left
1780323197.574172,478,left
1780323197.591652,477,left
1780323197.611655,461,left
1780323197.632172,433,left
1780323197.652155,417,left
1780323197.673663,437,left
1780323197.693096,448,left
1780323197.713843,490,left
1780323197.734672,458,left
1780323197.754192,511,left
1780323197.771677,491,left
1780323197.792100,467,left
1780323197.812683,478,left
1780323197.833192,468,left
1780323197.853176,524,left
1780323197.874111,527,left
1780323197.894694,556,left
1780323197.915117,581,left
1780323197.935697,573,left
1780323197.955172,536,left
1780323197.972125,547,left
1780323197.992707,512,left
1780323198.013130,453,left
1780323198.033710,486,left
1780323198.053352,467,left
1780323198.074719,457,left
1780323198.095142,448,left
1780323198.115724,473,left
1780323198.136152,524,left
1780323198.152730,531,left
1780323198.173169,519,left
1780323198.193160,506,left
1780323198.214173,540,left
1780323198.234741,475,left
1780323198.255172,494,left
1780323198.275747,493,left
1780323198.295749,481,left
1780323198.312172,432,left
1780323198.332354,485,left
1780323198.353202,503,left
1780323198.373760,501,left
1780323198.394183,484,left
1780323198.414766,469,left
1780323198.435189,472,left
1780323198.455173,489,left
1780323198.476177,456,left
1780323198.492173,499,left
1780323198.513199,479,left
1780323198.533782,466,left
1780323198.554340,483,left
1780323198.574787,455,left
1780323198.594790,467,left
1780323198.615793,474,left
1780323198.635796,498,left
1780323198.652218,468,left
1780323198.672801,457,left
1780323198.693171,517,left
1780323198.713807,493,left
1780323198.734230,496,left
1780323198.754812,520,left
1780323198.775235,513,left
1780323198.795818,525,left
1780323198.816177,514,left
1780323198.836159,518,left
1780323198.857171,516,left
1780323198.873829,530,left
1780323198.893831,534,left
1780323198.914255,514,left
1780323198.934837,531,left
1780323198.955171,515,left
1780323198.975843,556,left
1780323198.996266,538,left
1780323199.016366,513,left
1780323199.037271,486,left
1780323199.053171,470,left
1780323199.074277,454,left
1780323199.094859,440,left
1780323199.115283,472,left
1780323199.135865,442,left
1780323199.156273,442,left
1780323199.176871,456,left
1780323199.196973,472,left
1780323199.213296,496,left
1780323199.233879,522,left
1780323199.254174,536,left
1780323199.274884,555,left
1780323199.295307,521,left
1780323199.315890,532,left
1780323199.336313,492,left
1780323199.356199,461,left
1780323199.377220,447,left
1780323199.393901,422,left
1780323199.414324,450,left
1780323199.434906,427,left
1780323199.455173,460,left
1780323199.475912,445,left
1780323199.496114,441,left
1780323199.516845,480,left
1780323199.536920,461,left
1780323199.553170,501,left
1780323199.573181,478,left
1780323199.594348,492,left
1780323199.614931,539,left
1780323199.635354,491,left
1780323199.655077,481,left
1780323199.676154,462,left
1780323199.696154,473,left
1780323199.717156,485,left
1780323199.737331,451,left
1780323199.758172,494,left
1780323199.774953,513,left
1780323199.794956,490,left
1780323199.815958,424,left
1780323199.835961,359,left
1780323199.856203,353,left
1780323199.876967,406,left
1780323199.897158,440,left
1780323199.917331,515,left
1780323199.934396,512,left
1780323199.954173,536,left
1780323199.975174,517,left
1780323199.995984,481,left
1780323200.016407,446,left
1780323200.036154,417,left
1780323200.057202,458,left
1780323200.077331,443,left
1780323200.098184,406,left
1780323200.115000,496,left
1780323200.135003,534,left
1780323200.155173,557,left
1780323200.176008,579,left
1780323200.196154,575,left
1780323200.217014,581,left
1780323200.237442,601,left
1780323200.258090,584,left
1780323200.278176,598,left
1780323200.295108,591,left
1780323200.315448,597,left
1780323200.335259,565,left
1780323200.356195,551,left
1780323200.377036,552,left
1780323200.397331,536,left
1780323200.417330,525,left
1780323200.438170,528,left
1780323200.454175,508,left
1780323200.475050,450,left
1780323200.495496,476,left
1780323200.516152,485,left
1780323200.536478,494,left
1780323200.556293,536,left
1780323200.577330,500,left
1780323200.598172,514,left
1780323200.618156,557,left
1780323200.639093,565,left
1780323200.659188,571,left
1780323200.676168,540,left
1780323200.696500,533,left
1780323200.717083,575,left
1780323200.737179,557,left
1780323200.757191,535,left
1780323200.778170,495,left
1780323200.798154,509,left
1780323200.818178,467,left
1780323200.835519,498,left
1780323200.856172,511,left
1780323200.876478,489,left
1780323200.897107,429,left
1780323200.917184,457,left
1780323200.938154,463,left
1780323200.958160,488,left
1780323200.979171,470,left
1780323200.999183,517,left
1780323201.016206,496,left
1780323201.036150,527,left
1780323201.057193,500,left
1780323201.077132,554,left
1780323201.097329,549,left
1780323201.118169,551,left
1780323201.138175,556,left
1780323201.159176,648,left
1780323201.175566,618,left
1780323201.196162,625,left
1780323201.216572,631,left
1780323201.237154,613,left
1780323201.257172,626,left
1780323201.278170,572,left
1780323201.298169,570,left
1780323201.319212,558,left
1780323201.339589,531,left
1780323201.356172,558,left
1780323201.376228,515,left
1780323201.396597,571,left
1780323201.417179,529,left
1780323201.437329,514,left
1780323201.458174,544,left
1780323201.478171,543,left
1780323201.499191,510,left
1780323201.519152,484,left
1780323201.540194,478,left
1780323201.560617,506,left
1780323201.577201,492,left
1780323201.597329,518,left
1780323201.618153,523,left
1780323201.638150,544,left
1780323201.659223,549,left
1780323201.679152,530,left
1780323201.700217,524,left
1780323201.720158,519,left
1780323201.736151,507,left
1780323201.757220,496,left
1780323201.777329,508,left
1780323201.798170,495,left
1780323201.818159,522,left
1780323201.839237,530,left
1780323201.859660,514,left
1780323201.880172,529,left
1780323201.900666,559,left
1780323201.917248,556,left
1780323201.937152,589,left
1780323201.958317,548,left
1780323201.978171,532,left
1780323201.999259,479,left
1780323202.019262,479,left
1780323202.039685,447,left
1780323202.060268,478,left
1780323202.076690,457,left
1780323202.097273,450,left
1780323202.117328,461,left
1780323202.138140,507,left
1780323202.158191,532,left
1780323202.179173,513,left
1780323202.199708,532,left
1780323202.220158,555,left
1780323202.240713,603,left
1780323202.257202,577,left
1780323202.277298,585,left
1780323202.298172,527,left
1780323202.318185,503,left
1780323202.338185,450,left
1780323202.359309,402,left
1780323202.379172,427,left
1780323202.400315,432,left
1780323202.416152,463,left
1780323202.441317,506,left
1780323202.457193,525,left
1780323202.478171,575,left
1780323202.498171,588,left
1780323202.519331,522,left
1780323202.539192,507,left
1780323202.560337,457,left
1780323202.580759,426,left
1780323202.601341,391,left
1780323202.621157,371,left
1780323202.637328,395,left
1780323202.658260,447,left
1780323202.678171,476,left
1780323202.699356,511,left
1780323202.719779,531,left
1780323202.740361,560,left
1780323202.760228,569,left
1780323202.781367,542,left
1780323202.797328,508,left
1780323202.818151,522,left
1780323202.838180,511,left
1780323202.859378,510,left
1780323202.879171,536,left
1780323202.900383,524,left
1780323202.920386,498,left
1780323202.941389,508,left
1780323202.961393,537,left
1780323202.977328,544,left
1780323202.998178,554,left
1780323203.018171,545,left
1780323203.039402,528,left
1780323203.059792,538,left
1780323203.080408,545,left
1780323203.100831,525,left
1780323203.121181,557,left
1780323203.137151,525,left
1780323203.158175,546,left
1780323203.178960,574,left
1780323203.199425,544,left
1780323203.219427,501,left
1780323203.240430,536,left
1780323203.259789,549,left
1780323203.280856,528,left
1780323203.301439,513,left
1780323203.317766,538,left
1780323203.338170,545,left
1780323203.358513,527,left
1780323203.379172,577,left
1780323203.399873,530,left
1780323203.420455,540,left
1780323203.440878,536,left
1780323203.461461,499,left
1780323203.481647,536,left
1780323203.502415,530,left
1780323203.522888,547,left
1780323203.538709,544,left
1780323203.559474,562,left
1780323203.579170,569,left
1780323203.600480,502,left
1780323203.620903,532,left
1780323203.641485,568,left
1780323203.661908,555,left
1780323203.682175,519,left
1780323203.698171,528,left
1780323203.719205,525,left
1780323203.739938,508,left
1780323203.760502,531,left
1780323203.780171,512,left
1780323203.801507,534,left
1780323203.821930,546,left
1780323203.842513,556,left
1780323203.862889,517,left
1780323203.878148,549,left
1780323203.899520,527,left
1780323203.919148,513,left
1780323203.940496,510,left
1780323203.960950,496,left
1780323203.981172,530,left
1780323204.002026,513,left
1780323204.022538,514,left
1780323204.038147,494,left
1780323204.059543,524,left
1780323204.079171,515,left
1780323204.100549,545,left
1780323204.120151,533,left
1780323204.141554,517,left
1780323204.161557,516,left
1780323204.182174,514,left
1780323204.202563,553,left
1780323204.218171,509,left
1780323204.239568,491,left
1780323204.259781,487,left
1780323204.280573,502,left
1780323204.300996,499,left
1780323204.321579,492,left
1780323204.342002,534,left
1780323204.362585,527,left
1780323204.382172,583,left
1780323204.403150,516,left
1780323204.419602,526,left
1780323204.440595,552,left
1780323204.460598,525,left
1780323204.481601,513,left
1780323204.501132,537,left
1780323204.521908,476,left
1780323204.542609,524,left
1780323204.563032,529,left
1780323204.583614,540,left
1780323204.600038,537,left
1780323204.620620,524,left
1780323204.641043,557,left
1780323204.661626,573,left
1780323204.682049,564,left
1780323204.702631,564,left
1780323204.722356,510,left
1780323204.743637,534,left
1780323204.764060,512,left
1780323204.780171,507,left
1780323204.800645,509,left
1780323204.821068,511,left
1780323204.841650,519,left
1780323204.862074,480,left
1780323204.882380,439,left
1780323204.903170,460,left
1780323204.923662,440,left
1780323204.940085,403,left
1780323204.960667,426,left
1780323204.981172,411,left
1780323205.001673,460,left
1780323205.022096,506,left
1780323205.042679,531,left
1780323205.063169,533,left
1780323205.083684,534,left
1780323205.103687,585,left
1780323205.120110,615,left
1780323205.140692,662,left
1780323205.161115,628,left
1780323205.181697,617,left
1780323205.202121,602,left
1780323205.222431,596,left
1780323205.243340,560,left
1780323205.263709,588,left
1780323205.284130,528,left
1780323205.304891,556,left
1780323205.321137,546,left
1780323205.341720,484,left
1780323205.362144,425,left
1780323205.382532,417,left
1780323205.402728,418,left
1780323205.423731,487,left
1780323205.443733,517,left
1780323205.464156,514,left
1780323205.484739,550,left
1780323205.501162,541,left
1780323205.521744,556,left
1780323205.542168,513,left
1780323205.562751,505,left
1780323205.582377,471,left
1780323205.603756,457,left
1780323205.624179,436,left
1780323205.644761,471,left
1780323205.660773,544,left
1780323205.681540,597,left
1780323205.701769,578,left
1780323205.722172,598,left
1780323205.742775,624,left
1780323205.763349,610,left
1780323205.783781,601,left
1780323205.804150,572,left
1780323205.824786,524,left
1780323205.841208,501,left
1780323205.861777,531,left
1780323205.882214,520,left
1780323205.902797,547,left
1780323205.923220,547,left
1780323205.943802,531,left
1780323205.964226,540,left
1780323205.984808,493,left
1780323206.000810,480,left
1780323206.021234,513,left
1780323206.041816,456,left
1780323206.062239,491,left
1780323206.082172,548,left
1780323206.103349,559,left
1780323206.123827,543,left
1780323206.144251,543,left
1780323206.164833,541,left
1780323206.185253,514,left
1780323206.205348,567,left
1780323206.221385,537,left
1780323206.242377,548,left
1780323206.263267,608,left
1780323206.283849,554,left
1780323206.304272,507,left
1780323206.324855,459,left
1780323206.344856,416,left
1780323206.365860,452,left
1780323206.385863,487,left
1780323206.402286,564,left
1780323206.422167,594,left
1780323206.443171,550,left
1780323206.463172,567,left
1780323206.484297,476,left
1780323206.504880,419,left
1780323206.525303,366,left
1780323206.545482,317,left
1780323206.562308,379,left
1780323206.582363,452,left
1780323206.603313,515,left
1780323206.623896,668,left
1780323206.643899,687,left
1780323206.664902,694,left
1780323206.684904,675,left
1780323206.705322,603,left
1780323206.725171,466,left
1780323206.742333,398,left
1780323206.762916,375,left
1780323206.782547,345,left
1780323206.803921,421,left
1780323206.824344,533,left
1780323206.844926,700,left
1780323206.865350,711,left
1780323206.885932,736,left
1780323206.901934,707,left
1780323206.922953,629,left
1780323206.942940,601,left
1780323206.963943,492,left
1780323206.983946,418,left
1780323207.004165,468,left
1780323207.024951,475,left
1780323207.045374,521,left
1780323207.065527,561,left
1780323207.086146,628,left
1780323207.106281,634,left
1780323207.122733,660,left
1780323207.143345,588,left
1780323207.164391,521,left
1780323207.184179,487,left
1780323207.205371,490,left
1780323207.225979,499,left
1780323207.246401,507,left
1780323207.266398,491,left
1780323207.282400,571,left
1780323207.303102,584,left
1780323207.323992,608,left
1780323207.344416,568,left
1780323207.364998,544,left
1780323207.385296,501,left
1780323207.405413,501,left
1780323207.426419,552,left
1780323207.446733,567,left
1780323207.463315,581,left
1780323207.484014,566,left
1780323207.504438,588,left
1780323207.524653,529,left
1780323207.545206,505,left
1780323207.566026,515,left
1780323207.586029,535,left
1780323207.606358,531,left
1780323207.623013,547,left
1780323207.643473,549,left
1780323207.663892,573,left
1780323207.684462,588,left
1780323207.705046,563,left
1780323207.725298,516,left
1780323207.745931,538,left
1780323207.766328,520,left
1780323207.787056,517,left
1780323207.803525,495,left
1780323207.824013,508,left
1780323207.844074,500,left
1780323207.865067,498,left
1780323207.885070,504,left
1780323207.905889,507,left
1780323207.925978,505,left
1780323207.946607,550,left
1780323207.966762,603,left
1780323207.987421,588,left
1780323208.008101,572,left
1780323208.024526,573,left
1780323208.044960,540,left
1780323208.065133,506,left
1780323208.086022,485,left
1780323208.106474,435,left
1780323208.127103,441,left
1780323208.147090,490,left
1780323208.167938,522,left
1780323208.184165,556,left
1780323208.204182,598,left
1780323208.225117,601,left
1780323208.245575,564,left
1780323208.265973,515,left
1780323208.286506,483,left
1780323208.307036,462,left
1780323208.327626,375,left
1780323208.348108,309,left
1780323208.364236,372,left
1780323208.385212,449,left
1780323208.405185,546,left
1780323208.425628,596,left
1780323208.446275,678,left
1780323208.467060,680,left
1780323208.487555,666,left
1780323208.507998,604,left
1780323208.524158,390,left
1780323208.544440,406,left
1780323208.565107,406,left
1780323208.585584,480,left
1780323208.606110,534,left
1780323208.626746,564,left
1780323208.646789,484,left
1780323208.667647,479,left
1780323208.688122,527,left
1780323208.704592,488,left
1780323208.724785,487,left
1780323208.745609,517,left
1780323208.765959,570,left
1780323208.785936,607,left
1780323208.806434,538,left
1780323208.826986,523,left
1780323208.847973,586,left
1780323208.864212,541,left
1780323208.884533,504,left
1780323208.905067,542,left
1780323208.925376,565,left
1780323208.946205,595,left
1780323208.966574,726,left
1780323208.987080,619,left
1780323209.007613,637,left
1780323209.027878,565,left
1780323209.048417,566,left
1780323209.069232,546,left
1780323209.085164,495,left
1780323209.106217,508,left
1780323209.126139,494,left
1780323209.147331,512,left
1780323209.167246,473,left
1780323209.187648,462,left
1780323209.208155,531,left
1780323209.228170,550,left
1780323209.249258,524,left
1780323209.265680,554,left
1780323209.286138,499,left
1780323209.306152,496,left
1780323209.327268,461,left
1780323209.347139,479,left
1780323209.368171,475,left
1780323209.388177,517,left
1780323209.409280,524,left
1780323209.425172,635,left
1780323209.445155,611,left
1780323209.466288,543,left
1780323209.486138,535,left
1780323209.507139,504,left
1780323209.527071,436,left
1780323209.548184,496,left
1780323209.568183,483,left
1780323274.577248,495,right
1780323274.597248,428,right
1780323274.618343,524,right
1780323274.634791,511,right
1780323274.654533,423,right
1780323274.675797,469,right
1780323274.696236,422,right
1780323274.716802,436,right
1780323274.737247,482,right
1780323274.757174,524,right
1780323274.778355,563,right
1780323274.798335,550,right
1780323274.819357,445,right
1780323274.839819,295,right
1780323274.856364,69,right
1780323274.876403,0,right
1780323274.896826,0,right
1780323274.917248,1,right
1780323274.937248,0,right
1780323274.958366,31,right
1780323274.978180,100,right
1780323274.999421,211,right
1780323275.019171,500,right
1780323275.040426,742,right
1780323275.060850,818,right
1780323275.081430,963,right
1780323275.101363,952,right
1780323275.118235,978,right
1780323275.138340,874,right
1780323275.159443,859,right
1780323275.179446,712,right
1780323275.200449,692,right
1780323275.220451,624,right
1780323275.240874,557,right
1780323275.261456,575,right
1780323275.277228,559,right
1780323275.298170,565,right
1780323275.318345,584,right
1780323275.339468,508,right
1780323275.359891,611,right
1780323275.380474,583,right
1780323275.400897,551,right
1780323275.421479,546,right
1780323275.441902,515,right
1780323275.458390,540,right
1780323275.478359,446,right
1780323275.499490,500,right
1780323275.519493,500,right
1780323275.539916,497,right
1780323275.560498,496,right
1780323275.580518,440,right
1780323275.601504,487,right
1780323275.617247,512,right
1780323275.638339,549,right
1780323275.658359,599,right
1780323275.679515,599,right
1780323275.699938,582,right
1780323275.720067,566,right
1780323275.740943,515,right
1780323275.761698,527,right
1780323275.781949,535,right
1780323275.798193,485,right
1780323275.818341,506,right
1780323275.838169,484,right
1780323275.859214,477,right
1780323275.879416,495,right
1780323275.900545,526,right
1780323275.920425,541,right
1780323275.941551,526,right
1780323275.961971,567,right
1780323275.982541,562,right
1780323276.002978,547,right
1780323276.019562,580,right
1780323276.039985,515,right
1780323276.059777,471,right
1780323276.080364,454,right
1780323276.101573,493,right
1780323276.121568,542,right
1780323276.142610,487,right
1780323276.162581,511,right
1780323276.178347,510,right
1780323276.199586,484,right
1780323276.220009,434,right
1780323276.240592,457,right
1780323276.260687,513,right
1780323276.281597,539,right
1780323276.302021,591,right
1780323276.322526,515,right
1780323276.342787,531,right
1780323276.359608,549,right
1780323276.379359,569,right
1780323276.400655,543,right
1780323276.420286,583,right
1780323276.441619,505,right
1780323276.461622,546,right
1780323276.481827,535,right
1780323276.502329,526,right
1780323276.518169,541,right
1780323276.539171,531,right
1780323276.560007,534,right
1780323276.580639,517,right
1780323276.601062,494,right
1780323276.621760,474,right
1780323276.641708,525,right
1780323276.662249,471,right
1780323276.682838,460,right
1780323276.699646,469,right
1780323276.719435,459,right
1780323276.740171,440,right
1780323276.760365,495,right
1780323276.781086,474,right
1780323276.801673,457,right
1780323276.821801,418,right
1780323276.842614,399,right
1780323276.862183,433,right
1780323276.883372,396,right
1780323276.899872,479,right
1780323276.920376,491,right
1780323276.941108,461,right
1780323276.961396,477,right
1780323276.981831,459,right
1780323277.002501,487,right
1780323277.022917,511,right
1780323277.043393,504,right
1780323277.063329,527,right
1780323277.080173,548,right
1780323277.100674,557,right
1780323277.120949,545,right
1780323277.141685,591,right
1780323277.161921,567,right
1780323277.182407,564,right
1780323277.202858,485,right
1780323277.223707,489,right
1780323277.240150,527,right
1780323277.260732,550,right
1780323277.281190,473,right
1780323277.301769,520,right
1780323277.322148,545,right
1780323277.342666,469,right
1780323277.362576,479,right
1780323277.383411,525,right
1780323277.403729,573,right
1780323277.420196,523,right
1780323277.440667,588,right
1780323277.461244,569,right
1780323277.481838,542,right
1780323277.501864,489,right
1780323277.522589,476,right
1780323277.543049,468,right
1780323277.563774,462,right
1780323277.579907,472,right
1780323277.600468,490,right
1780323277.621162,514,right
1780323277.641486,414,right
1780323277.661788,479,right
1780323277.682503,486,right
1780323277.702521,520,right
1780323277.722886,509,right
1780323277.743918,470,right
1780323277.764035,451,right
1780323277.784494,466,right
1780323277.801080,451,right
1780323277.821481,532,right
1780323277.842213,509,right
1780323277.862749,499,right
1780323277.883216,480,right
1780323277.903715,538,right
1780323277.924244,437,right
1780323277.944802,516,right
1780323277.965013,475,right
1780323277.981831,485,right
1780323278.001834,530,right
1780323278.022257,481,right
1780323278.042939,484,right
1780323278.063029,521,right
1780323278.083846,571,right
1780323278.103700,557,right
1780323278.124851,612,right
1780323278.141273,619,right
1780323278.161856,638,right
1780323278.182141,650,right
1780323278.202724,612,right
1780323278.223285,571,right
1780323278.243867,550,right
1780323278.264291,500,right
1780323278.284873,527,right
1780323278.304876,436,right
1780323278.321172,424,right
1780323278.341881,470,right
1780323278.362304,454,right
1780323278.382887,509,right
1780323278.403310,505,right
1780323278.423892,513,right
1780323278.444316,464,right
1780323278.464898,484,right
1780323278.481321,537,right
1780323278.501903,524,right
1780323278.522174,456,right
1780323278.543005,445,right
1780323278.563332,491,right
1780323278.583391,510,right
1780323278.603917,419,right
1780323278.624920,455,right
1780323278.644923,403,right
1780323278.665344,466,right
1780323278.685926,367,right
1780323278.702351,386,right
1780323278.722934,439,right
1780323278.743357,492,right
1780323278.763939,533,right
1780323278.784362,589,right
1780323278.804945,654,right
1780323278.825366,761,right
1780323278.845949,813,right
1780323278.862374,1022,right
1780323278.882175,973,right
1780323278.902958,712,right
1780323278.923961,541,right
1780323278.943964,622,right
1780323278.964387,574,right
1780323278.984970,580,right
1780323279.005178,571,right
1780323279.026065,579,right
1780323279.042398,541,right
1780323279.062222,414,right
1780323279.083404,332,right
1780323279.103986,304,right
1780323279.124305,271,right
1780323279.144992,309,right
1780323279.165415,308,right
1780323279.186078,403,right
1780323279.206252,488,right
1780323279.223003,448,right
1780323279.242432,615,right
1780323279.263429,610,right
1780323279.284011,527,right
1780323279.304434,493,right
1780323279.324201,487,right
1780323279.345440,472,right
1780323279.366067,494,right
1780323279.382216,541,right
1780323279.403028,519,right
1780323279.423451,477,right
1780323279.444033,478,right
1780323279.464456,456,right
1780323279.485039,435,right
1780323279.505218,532,right
1780323279.526074,514,right
1780323279.546074,492,right
1780323279.562469,508,right
1780323279.586074,536,right
1780323279.603475,545,right
1780323279.624057,525,right
1780323279.644481,507,right
1780323279.665063,493,right
1780323279.685486,522,right
1780323279.705186,444,right
1780323279.726064,474,right
1780323279.747074,508,right
1780323279.763498,518,right
1780323279.784080,492,right
1780323279.804503,519,right
1780323279.825085,569,right
1780323279.845088,504,right
1780323279.866075,515,right
1780323279.886094,573,right
1780323279.906220,552,right
1780323279.927099,486,right
1780323279.943522,510,right
1780323279.964192,467,right
1780323279.984528,463,right
1780323280.005206,505,right
1780323280.025115,479,right
1780323280.046116,507,right
1780323280.066066,529,right
1780323280.087122,513,right
1780323280.103183,504,right
1780323280.124127,500,right
1780323280.143963,538,right
1780323280.165132,544,right
1780323280.184976,521,right
1780323280.205559,531,right
1780323280.226140,474,right
1780323280.246523,472,right
1780323280.267096,548,right
1780323280.283235,483,right
1780323280.304152,488,right
1780323280.324575,487,right
1780323280.345157,474,right
1780323280.365581,498,right
1780323280.386151,479,right
1780323280.406487,526,right
1780323280.427168,510,right
1780323280.443181,513,right
1780323280.463594,535,right
1780323280.484177,535,right
1780323280.504333,550,right
1780323280.525182,502,right
1780323280.545605,497,right
1780323280.566186,540,right
1780323280.586611,501,right
1780323280.607245,530,right
1780323280.627241,516,right
1780323280.648170,504,right
1780323280.664621,535,right
1780323280.685204,550,right
1780323280.705236,498,right
1780323280.726210,552,right
1780323280.746068,507,right
1780323280.767215,530,right
1780323280.787217,542,right
1780323280.808178,515,right
1780323280.828189,510,right
1780323280.844646,546,right
1780323280.865228,483,right
1780323280.885652,510,right
1780323280.905405,491,right
1780323280.926657,514,right
1780323280.947240,527,right
1780323280.967241,496,right
1780323280.988183,547,right
1780323281.004668,565,right
1780323281.025251,523,right
1780323281.045263,525,right
1780323281.066075,504,right
1780323281.086259,529,right
1780323281.107196,543,right
1780323281.127241,500,right
1780323281.147241,509,right
1780323281.168215,511,right
1780323281.184693,507,right
1780323281.205216,504,right
1780323281.225699,499,right
1780323281.246193,512,right
1780323281.266075,520,right
1780323281.286410,473,right
1780323281.307203,525,right
1780323281.328170,525,right
1780323281.344294,528,right
1780323281.365297,558,right
1780323281.385300,505,right
1780323281.406075,545,right
1780323281.426076,515,right
1780323281.446729,477,right
1780323281.467240,451,right
1780323281.487240,472,right
1780323281.508237,448,right
1780323281.528171,400,right
1780323281.549321,425,right
1780323281.565745,438,right
1780323281.586329,470,right
1780323281.606121,476,right
1780323281.627240,481,right
1780323281.647240,443,right
1780323281.668171,460,right
1780323281.688184,474,right
1780323281.709345,502,right
1780323281.725348,509,right
1780323281.745770,530,right
1780323281.766065,548,right
1780323281.786078,552,right
1780323281.807252,554,right
1780323281.827240,569,right
1780323281.848180,561,right
1780323281.868062,568,right
1780323281.889369,560,right
1780323281.905208,582,right
1780323281.926074,566,right
1780323281.946798,532,right
1780323281.967240,542,right
1780323281.987240,565,right
1780323282.008217,553,right
1780323282.028251,548,right
1780323282.049392,542,right
1780323282.065394,568,right
1780323282.085817,544,right
1780323282.106251,488,right
1780323282.126823,515,right
1780323282.147240,510,right
1780323282.167240,549,right
1780323282.188184,461,right
1780323282.208220,529,right
1780323282.229417,536,right
1780323282.245839,473,right
1780323282.266077,550,right
1780323282.286424,554,right
1780323282.307207,536,right
1780323282.327240,531,right
1780323282.348184,554,right
1780323282.368092,606,right
1780323282.388184,543,right
1780323282.409260,551,right
1780323282.429201,549,right
1780323282.450445,564,right
1780323282.466063,570,right
1780323282.487239,557,right
1780323282.507235,514,right
1780323282.528151,519,right
1780323282.548092,501,right
1780323282.569463,508,right
1780323282.589886,478,right
1780323282.610206,557,right
1780323282.626176,441,right
1780323282.646895,490,right
1780323282.667083,430,right
1780323282.687065,436,right
1780323282.708235,485,right
1780323282.728184,514,right
1780323282.749488,504,right
1780323282.769911,533,right
1780323282.790494,570,right
1780323282.806246,558,right
1780323282.827229,588,right
1780323282.847239,553,right
1780323282.868181,565,right
1780323282.888084,581,right
1780323282.909510,583,right
1780323282.929190,601,right
1780323282.950516,541,right
1780323282.966173,537,right
1780323282.986941,531,right
1780323283.007174,580,right
1780323283.027079,489,right
1780323283.048180,478,right
1780323283.068180,547,right
1780323283.089093,520,right
1780323283.109958,537,right
1780323283.130541,517,right
1780323283.146836,510,right
1780323283.167239,513,right
1780323283.187238,571,right
1780323283.208185,560,right
1780323283.228677,539,right
1780323283.249557,520,right
1780323283.269560,510,right
1780323283.290339,511,right
1780323283.310563,499,right
1780323283.330986,510,right
1780323283.347238,540,right
1780323283.368087,590,right
1780323283.388183,495,right
1780323283.408247,539,right
1780323283.429582,559,right
1780323283.450005,566,right
1780323283.470587,571,right
1780323283.491009,547,right
1780323283.511592,567,right
1780323283.527207,621,right
1780323283.548181,575,right
1780323283.568448,554,right
1780323283.588181,582,right
1780323283.609607,576,right
1780323283.630064,515,right
1780323283.650537,447,right
1780323283.671035,446,right
1780323283.691618,587,right
1780323283.707203,653,right
1780323283.728184,660,right
1780323283.748184,586,right
1780323283.769629,580,right
1780323283.790052,580,right
1780323283.810634,605,right
1780323283.830189,586,right
1780323283.851640,604,right
1780323283.867078,561,right
1780323283.887237,572,right
1780323283.908250,553,right
1780323283.928182,502,right
1780323283.949653,468,right
1780323283.970076,378,right
1780323283.990659,239,right
1780323284.011081,0,right
1780323284.031664,5,right
1780323284.048088,206,right
1780323284.068184,352,right
1780323284.089199,339,right
1780323284.109257,403,right
1780323284.130200,709,right
1780323284.150681,760,right
1780323284.171083,772,right
1780323284.191687,720,right
1780323284.211687,706,right
1780323284.232301,593,right
1780323284.248084,525,right
1780323284.269194,574,right
1780323284.289700,551,right
1780323284.310123,513,right
1780323284.330706,489,right
1780323284.351129,492,right
1780323284.371712,466,right
1780323284.392134,364,right
1780323284.412716,355,right
1780323284.429139,90,right
1780323284.449194,216,right
1780323284.469725,386,right
1780323284.490728,429,right
1780323284.510731,483,right
1780323284.531734,510,right
1780323284.551736,516,right
1780323284.572160,557,right
1780323284.588168,780,right
1780323284.609172,866,right
1780323284.629189,801,right
1780323284.650170,733,right
1780323284.670753,684,right
1780323284.691176,587,right
1780323284.711758,528,right
1780323284.732192,510,right
1780323284.752764,533,right
1780323284.768128,513,right
1780323284.789769,455,right
1780323284.809772,436,right
1780323284.830269,263,right
1780323284.850778,151,right
1780323284.871201,321,right
1780323284.891783,446,right
1780323284.912206,447,right
1780323284.928181,474,right
1780323284.949079,526,right
1780323284.969794,571,right
1780323284.990217,720,right
1780323285.010276,781,right
1780323285.031110,738,right
1780323285.051805,716,right
1780323285.072353,622,right
1780323285.092378,475,right
1780323285.108406,412,right
1780323285.133814,507,right
1780323285.149819,506,right
1780323285.170242,495,right
1780323285.190825,474,right
1780323285.211248,428,right
1780323285.231830,271,right
1780323285.252253,336,right
1780323285.272834,481,right
1780323285.293258,481,right
1780323285.313840,479,right
1780323285.330242,528,right
1780323285.350847,535,right
1780323285.371270,581,right
1780323285.391852,689,right
1780323285.411864,774,right
1780323285.432287,797,right
1780323285.452861,744,right
1780323285.473863,702,right
1780323285.489866,611,right
1780323285.510289,536,right
1780323285.530871,558,right
1780323285.551173,520,right
1780323285.571877,527,right
1780323285.592300,563,right
1780323285.612219,465,right
1780323285.633306,485,right
1780323285.653171,447,right
1780323285.670311,387,right
1780323285.690893,456,right
1780323285.710896,421,right
1780323285.731899,429,right
1780323285.751901,447,right
1780323285.772325,455,right
1780323285.792372,394,right
1780323285.813330,403,right
1780323285.829912,367,right
1780323285.850336,456,right
1780323285.870918,439,right
1780323285.891341,488,right
1780323285.911923,522,right
1780323285.932204,551,right
1780323285.952929,516,right
1780323285.973352,535,right
1780323285.993935,484,right
1780323286.009937,484,right
1780323286.030940,503,right
1780323286.050943,515,right
1780323286.071366,602,right
1780323286.091949,535,right
1780323286.112372,586,right
1780323286.132176,682,right
1780323286.153185,701,right
1780323286.173958,649,right
1780323286.194381,526,right
1780323286.210965,435,right
1780323286.230750,435,right
1780323286.251190,453,right
1780323286.272393,205,right
1780323286.292191,1,right
1780323286.313399,96,right
1780323286.333982,249,right
1780323286.354054,309,right
1780323286.374988,285,right
1780323286.390990,306,right
1780323286.411413,389,right
1780323286.431995,423,right
1780323286.452419,462,right
1780323286.473001,443,right
1780323286.493233,508,right
1780323286.514007,497,right
1780323286.534430,573,right
1780323286.551012,554,right
1780323286.571435,624,right
1780323286.592017,625,right
1780323286.612441,675,right
1780323286.632172,659,right
1780323286.653026,629,right
1780323286.674029,703,right
1780323286.694032,688,right
1780323286.715034,666,right
1780323286.730201,673,right
1780323286.751460,696,right
1780323286.772042,677,right
1780323286.792204,680,right
1780323286.813048,706,right
1780323286.833471,669,right
1780323286.853171,609,right
1780323286.874476,621,right
1780323286.894236,755,right
1780323286.911481,693,right
1780323286.932064,731,right
1780323286.952067,767,right
1780323286.973070,783,right
1780323286.992237,747,right
1780323287.013496,761,right
1780323287.034078,714,right
1780323287.054501,688,right
1780323287.075082,690,right
1780323287.095505,809,right
1780323287.112089,904,right
1780323287.132363,958,right
1780323287.153185,928,right
1780323287.173518,884,right
1780323287.194100,838,right
1780323287.214523,740,right
1780323287.235102,614,right
1780323287.255173,520,right
1780323287.276056,425,right
1780323287.292114,403,right
1780323287.312537,347,right
1780323287.332276,371,right
1780323287.353186,368,right
1780323287.374125,355,right
1780323287.394548,341,right
1780323287.415131,375,right
1780323287.435554,424,right
1780323287.452136,460,right
1780323287.472559,353,right
1780323287.492283,420,right
1780323287.513565,400,right
1780323287.534147,405,right
1780323287.554173,363,right
1780323287.575153,399,right
1780323287.595156,433,right
1780323287.616058,470,right
1780323287.632172,534,right
1780323287.652584,556,right
1780323287.673184,518,right
1780323287.693334,482,right
1780323287.714272,515,right
1780323287.734595,454,right
1780323287.755201,445,right
1780323287.775601,436,right
1780323287.792183,413,right
1780323287.812606,474,right
1780323287.833212,426,right
1780323287.853180,470,right
1780323287.874194,460,right
1780323287.893530,491,right
1780323287.915200,435,right
1780323287.935202,487,right
1780323287.955191,509,right
1780323287.976206,461,right
1780323287.996057,491,right
1780323288.013213,468,right
1780323288.033636,500,right
1780323288.054197,487,right
1780323288.074642,528,right
1780323288.095224,534,right
1780323288.115648,541,right
1780323288.136089,563,right
1780323288.156189,556,right
1780323288.177232,555,right
1780323288.192357,527,right
1780323288.213856,553,right
1780323288.234243,534,right
1780323288.254194,533,right
1780323288.275249,496,right
1780323288.295672,519,right
1780323288.316255,518,right
1780323288.336069,518,right
1780323288.352777,514,right
1780323288.373683,548,right
1780323288.394093,523,right
1780323288.414201,540,right
1780323288.435271,509,right
1780323288.455175,511,right
1780323288.476177,484,right
1780323288.496057,537,right
1780323288.517232,525,right
1780323288.533285,552,right
1780323288.553710,534,right
1780323288.574291,545,right
1780323288.594713,516,right
1780323288.615176,537,right
1780323288.635719,532,right
1780323288.656173,511,right
1780323288.676055,575,right
1780323288.693307,474,right
1780323288.713730,521,right
1780323288.734313,498,right
1780323288.754202,435,right
1780323288.775060,528,right
1780323288.795556,459,right
1780323288.816324,469,right
1780323288.836326,465,right
1780323288.857193,483,right
1780323288.877232,495,right
1780323288.897055,485,right
1780323288.914256,446,right
1780323288.934760,501,right
1780323288.955172,487,right
1780323288.975195,417,right
1780323288.996348,492,right
1780323289.016772,488,right
1780323289.037232,476,right
1780323289.057197,501,right
1780323289.074360,471,right
1780323289.094782,509,right
1780323289.115365,481,right
1780323289.135487,523,right
1780323289.155552,480,right
1780323289.176055,505,right
1780323289.196172,507,right
1780323289.217232,487,right
1780323289.237055,474,right
1780323289.254171,493,right
1780323289.274807,483,right
1780323289.295174,484,right
1780323289.315570,450,right
1780323289.336087,502,right
1780323289.356076,498,right
1780323289.377080,467,right
1780323289.397084,449,right
1780323289.414406,514,right
1780323289.434408,490,right
1780323289.455174,479,right
1780323289.475414,494,right
1780323289.495837,500,right
1780323289.516071,503,right
1780323289.536843,482,right
1780323289.557379,495,right
1780323289.577231,524,right
1780323289.594431,505,right
1780323289.614854,517,right
1780323289.634824,505,right
1780323289.655171,545,right
1780323289.676442,487,right
1780323289.696058,523,right
1780323289.717231,473,right
1780323289.737231,510,right
1780323289.758173,481,right
1780323289.778170,474,right
1780323289.799457,508,right
1780323289.815461,519,right
1780323289.835884,501,right
1780323289.856277,507,right
1780323289.876890,506,right
1780323289.897058,504,right
1780323289.917216,446,right
1780323289.938297,540,right
1780323289.958361,538,right
1780323289.975271,515,right
1780323289.995906,524,right
1780323290.016489,516,right
1780323290.036055,523,right
1780323290.057240,528,right
1780323290.077231,525,right
1780323290.098182,526,right
1780323290.118183,541,right
1780323290.138263,524,right
1780323290.155201,496,right
1780323290.176058,545,right
1780323290.196059,534,right
1780323290.216937,532,right
1780323290.237231,498,right
1780323290.257201,520,right
1780323290.278185,496,right
1780323290.298185,522,right
1780323290.315530,491,right
1780323290.336071,532,right
1780323290.356462,494,right
1780323290.376057,535,right
1780323290.397230,494,right
1780323290.417231,537,right
1780323290.437231,526,right
1780323290.458202,515,right
1780323290.479086,501,right
1780323290.495555,512,right
1780323290.516069,506,right
1780323290.536560,527,right
1780323290.556452,535,right
1780323290.577230,496,right
1780323290.597230,534,right
1780323290.618170,533,right
1780323290.638184,480,right
1780323290.655315,525,right
1780323290.679998,521,right
1780323290.696583,548,right
1780323290.716585,516,right
1780323290.737008,534,right
1780323290.757401,522,right
1780323290.777230,529,right
1780323290.798096,482,right
1780323290.818182,513,right
1780323290.839601,543,right
1780323290.860024,498,right
1780323290.876068,509,right
1780323290.897031,517,right
1780323290.917230,532,right
1780323290.937230,505,right
1780323290.958193,520,right
1780323290.978170,489,right
1780323290.999624,508,right
1780323291.019627,527,right
1780323291.036064,555,right
1780323291.056197,479,right
1780323291.077055,489,right
1780323291.097230,548,right
1780323291.117230,543,right
1780323291.138223,513,right
1780323291.158247,528,right
1780323291.179191,503,right
1780323291.200072,540,right
1780323291.216051,502,right
1780323291.237077,497,right
1780323291.257288,560,right
1780323291.278183,501,right
1780323291.298184,519,right
1780323291.318185,526,right
1780323291.339671,506,right
1780323291.359674,536,right
1780323291.380173,530,right
1780323291.396679,550,right
1780323291.417102,536,right
1780323291.437229,544,right
1780323291.458174,530,right
1780323291.478171,523,right
1780323291.499201,481,right
1780323291.519696,538,right
1780323291.540119,528,right
1780323291.556202,553,right
1780323291.576704,531,right
1780323291.597229,528,right
1780323291.617229,485,right
1780323291.638176,556,right
1780323291.658193,514,right
1780323291.679192,554,right
1780323291.699720,504,right
1780323291.720144,562,right
1780323291.740724,547,right
1780323291.761148,546,right
1780323291.777229,517,right
1780323291.798182,553,right
1780323291.818422,560,right
1780323291.839197,484,right
1780323291.859743,537,right
1780323291.880172,511,right
1780323291.900748,502,right
1780323291.921172,483,right
1780323291.937174,478,right
1780323291.957202,508,right
1780323291.978202,498,right
1780323291.998179,477,right
1780323292.019192,492,right
1780323292.039767,483,right
1780323292.060190,509,right
1780323292.080773,530,right
1780323292.101196,556,right
1780323292.117229,541,right
1780323292.138185,543,right
1780323292.158157,518,right
1780323292.178376,532,right
1780323292.199789,546,right
1780323292.220212,593,right
1780323292.240795,597,right
1780323292.260798,553,right
1780323292.277220,567,right
1780323292.297051,546,right
1780323292.318170,516,right
1780323292.338738,543,right
1780323292.359253,582,right
1780323292.379170,600,right
1780323292.400237,555,right
1780323292.420172,501,right
1780323292.441243,532,right
1780323292.457344,565,right
1780323292.478170,551,right
1780323292.498734,522,right
1780323292.518170,489,right
1780323292.539836,521,right
1780323292.559404,512,right
1780323292.580171,496,right
1780323292.600845,561,right
1780323292.621266,548,right
1780323292.641848,546,right
1780323292.662271,537,right
1780323292.678170,510,right
1780323292.699278,543,right
1780323292.719861,525,right
1780323292.740284,511,right
1780323292.760867,538,right
1780323292.781290,485,right
1780323292.801872,480,right
1780323292.822296,484,right
1780323292.838170,517,right
1780323292.858174,497,right
1780323292.879381,506,right
1780323292.899886,553,right
1780323292.920309,510,right
1780323292.940892,544,right
1780323292.961315,532,right
1780323292.981897,550,right
1780323293.002320,540,right
1780323293.018640,514,right
1780323293.039325,561,right
1780323293.059908,536,right
1780323293.080172,530,right
1780323293.100914,558,right
1780323293.121337,554,right
1780323293.141919,564,right
1780323293.162304,564,right
1780323293.178179,522,right
1780323293.198060,556,right
1780323293.219245,537,right
1780323293.239933,510,right
1780323293.260355,515,right
1780323293.280938,520,right
1780323293.301361,519,right
1780323293.321944,508,right
1780323293.342304,544,right
1780323293.358351,532,right
1780323293.379372,537,right
1780323293.399955,519,right
1780323293.420377,565,right
1780323293.440960,524,right
1780323293.461384,528,right
1780323293.481510,521,right
1780323293.501969,563,right
1780323293.522970,541,right
1780323293.542302,501,right
1780323293.559397,497,right
1780323293.579980,547,right
1780323293.600403,535,right
1780323293.620985,533,right
1780323302.694235,543,right
1780323302.710658,552,right
1780323302.731212,521,right
1780323302.751663,563,right
1780323302.772245,540,right
1780323302.792218,525,right
1780323302.813343,548,right
1780323302.833254,532,right
1780323302.853171,540,right
1780323302.874259,456,right
1780323302.894683,619,right
1780323302.915265,509,right
1780323302.935686,513,right
1780323302.955356,506,right
1780323302.972694,543,right
1780323302.993276,528,right
1780323303.013699,477,right
1780323303.034281,530,right
1780323303.054705,470,right
1780323303.075287,467,right
1780323303.095710,488,right
1780323303.116174,527,right
1780323303.136305,460,right
1780323303.156432,484,right
1780323303.177216,491,right
1780323303.193724,536,right
1780323303.214306,523,right
1780323303.234761,560,right
1780323303.255357,526,right
1780323303.275548,549,right
1780323303.296038,566,right
1780323303.316741,558,right
1780323303.337039,563,right
1780323303.353170,523,right
1780323303.374173,547,right
1780323303.394752,508,right
1780323303.415334,579,right
1780323303.435337,526,right
1780323303.455722,559,right
1780323303.476343,543,right
1780323303.497042,512,right
1780323303.517216,545,right
1780323303.533771,526,right
1780323303.554472,523,right
1780323303.573992,503,right
1780323303.595359,499,right
1780323303.615782,506,right
1780323303.636216,511,right
1780323303.656788,522,right
1780323303.677216,508,right
1780323303.693793,488,right
1780323303.714371,506,right
1780323303.734378,511,right
1780323303.755379,516,right
1780323303.775383,583,right
1780323303.795173,526,right
1780323303.816389,518,right
1780323303.836038,524,right
1780323303.857350,528,right
1780323303.877215,536,right
1780323303.898170,579,right
1780323303.914824,561,right
1780323303.935405,540,right
1780323303.955172,529,right
1780323303.976252,521,right
1780323303.996834,518,right
1780323304.017215,497,right
1780323304.037215,542,right
1780323304.058415,530,right
1780323304.074425,487,right
1780323304.094848,533,right
1780323304.115431,490,right
1780323304.135489,498,right
1780323304.156230,507,right
1780323304.176859,517,right
1780323304.197222,529,right
1780323304.217215,516,right
1780323304.238347,508,right
1780323304.254365,558,right
1780323304.275576,483,right
1780323304.295875,521,right
1780323304.316458,555,right
1780323304.336204,495,right
1780323304.357533,554,right
1780323304.377215,545,right
1780323304.398349,548,right
1780323304.414472,534,right
1780323304.434895,556,right
1780323304.455477,563,right
1780323304.475536,540,right
1780323304.496483,528,right
1780323304.516040,543,right
1780323304.537215,482,right
1780323304.557373,536,right
1780323304.578408,522,right
1780323304.594917,478,right
1780323304.615499,505,right
1780323304.635922,524,right
1780323304.656560,543,right
1780323304.676508,505,right
1780323304.697215,512,right
1780323304.717214,513,right
1780323304.737215,493,right
1780323304.758374,509,right
1780323304.778943,538,right
1780323304.799522,509,right
1780323304.815947,551,right
1780323304.836530,515,right
1780323304.856359,525,right
1780323304.877214,523,right
1780323304.897214,534,right
1780323304.918343,552,right
1780323304.938340,529,right
1780323304.959546,530,right
1780323304.975355,506,right
1780323304.996230,526,right
1780323305.016554,506,right
1780323305.036837,526,right
1780323305.057349,555,right
1780323305.077214,498,right
1780323305.098376,497,right
1780323305.118504,532,right
1780323305.139556,515,right
1780323305.155576,478,right
1780323305.176204,548,right
1780323305.197000,509,right
1780323305.217214,497,right
1780323305.238060,495,right
1780323305.258219,520,right
1780323305.278182,519,right
1780323305.299593,519,right
1780323305.315596,518,right
1780323305.336033,534,right
1780323305.356257,590,right
1780323305.377025,499,right
1780323305.397174,514,right
1780323305.417177,530,right
1780323305.438182,543,right
1780323305.459187,499,right
1780323305.479192,516,right
1780323305.495195,510,right
1780323305.516200,509,right
1780323305.537204,491,right
1780323305.557207,496,right
1780323305.578038,529,right
1780323305.598043,493,right
1780323305.618169,506,right
1780323305.639640,486,right
1780323305.659640,535,right
1780323305.679171,519,right
1780323305.696648,510,right
1780323305.716181,464,right
1780323305.737213,551,right
1780323305.757172,510,right
1780323305.778170,503,right
1780323305.799170,526,right
1780323305.819665,495,right
1780323305.840155,548,right
1780323305.860670,481,right
1780323305.877093,520,right
1780323305.897213,552,right
1780323305.917213,493,right
1780323305.938347,530,right
1780323305.958364,548,right
1780323305.978341,494,right
1780323305.999691,470,right
1780323306.020113,549,right
1780323306.040362,488,right
1780323306.056364,517,right
1780323306.077213,528,right
1780323306.097213,506,right
1780323306.118342,522,right
1780323306.138348,514,right
1780323306.159712,476,right
1780323306.180171,508,right
1780323306.200717,535,right
1780323306.216720,456,right
1780323306.237213,499,right
1780323306.257172,551,right
1780323306.278171,438,right
1780323306.298171,539,right
1780323306.319185,539,right
1780323306.339736,503,right
1780323306.360160,540,right
1780323306.380171,501,right
1780323306.396998,543,right
1780323306.417213,543,right
1780323306.438169,562,right
1780323306.458173,543,right
1780323306.479191,557,right
1780323306.499758,546,right
1780323306.520182,543,right
1780323306.540764,515,right
1780323306.560764,506,right
1780323306.581172,524,right
1780323306.597212,480,right
1780323306.618182,504,right
1780323306.638182,513,right
1780323306.659201,507,right
1780323306.679783,520,right
1780323306.700207,506,right
1780323306.720789,507,right
1780323306.741211,526,right
1780323306.761794,485,right
1780323306.778170,519,right
1780323306.798056,543,right
1780323306.819223,549,right
1780323306.839806,523,right
1780323306.859808,559,right
1780323306.880811,543,right
1780323306.900814,535,right
1780323306.921363,462,right
1780323306.937212,538,right
1780323306.958201,523,right
1780323306.978342,513,right
1780323306.999355,474,right
1780323307.019830,464,right
1780323307.040254,537,right
1780323307.060837,546,right
1780323307.081259,481,right
1780323307.101842,501,right
1780323307.118340,530,right
1780323307.138339,532,right
1780323307.158357,529,right
1780323307.179358,482,right
1780323307.199362,452,right
1780323307.220278,518,right
1780323307.240861,541,right
1780323307.261056,493,right
1780323307.277265,552,right
1780323307.298280,517,right
1780323307.318171,547,right
1780323307.338363,476,right
1780323307.359877,510,right
1780323307.380355,549,right
1780323307.400883,484,right
1780323307.421306,465,right
1780323307.441889,467,right
1780323307.462309,457,right
1780323307.482090,501,right
1780323307.498335,494,right
1780323307.519354,505,right
1780323307.539354,521,right
1780323307.560325,522,right
1780323307.580533,475,right
1780323307.601331,553,right
1780323307.621912,521,right
1780323307.642174,496,right
1780323307.662918,502,right
1780323307.679353,503,right
1780323307.699171,518,right
1780323307.720347,493,right
1780323307.740930,551,right
1780323307.761353,493,right
1780323307.781936,494,right
1780323307.801938,512,right
1780323307.822941,561,right
1780323307.838183,519,right
1780323307.859366,510,right
1780323307.879418,521,right
1780323307.900372,551,right
1780323307.920955,502,right
1780323307.941378,515,right
1780323307.961961,540,right
1780323307.982348,587,right
1780323308.002966,531,right
1780323308.019362,510,right
1780323308.039971,527,right
1780323308.060394,510,right
1780323308.080977,515,right
1780323308.100980,550,right
1780323308.121982,536,right
1780323308.141985,461,right
1780323308.162408,563,right
1780323308.178341,508,right
1780323308.199413,478,right
1780323308.219995,551,right
1780323308.240419,486,right
1780323308.261001,494,right
1780323308.281424,530,right
1780323308.301692,528,right
1780323308.322430,537,right
1780323308.342168,495,right
1780323308.358358,484,right
1780323308.384016,553,right
1780323308.400020,483,right
1780323308.421023,485,right
1780323308.441026,523,right
1780323308.461449,502,right
1780323308.481171,521,right
1780323308.502455,491,right
1780323308.523036,525,right
1780323308.543463,505,right
1780323308.559828,504,right
1780323308.580466,516,right
1780323308.601048,532,right
1780323308.621471,508,right
1780323308.642054,484,right
1780323308.662477,512,right
1780323308.682353,521,right
1780323308.703483,506,right
1780323308.724065,480,right
1780323308.740067,539,right
1780323308.760490,505,right
1780323308.781073,520,right
1780323308.801496,512,right
1780323308.821398,530,right
1780323308.842163,486,right
1780323308.863084,507,right
1780323308.883272,478,right
1780323308.899276,495,right
1780323308.920281,462,right
1780323308.940223,454,right
1780323308.961308,496,right
1780323308.982100,500,right
1780323309.002524,507,right
1780323309.023106,517,right
1780323309.043163,491,right
1780323309.064112,531,right
1780323309.079354,508,right
1780323309.100237,511,right
1780323309.120560,489,right
1780323309.141175,509,right
1780323309.162126,493,right
1780323309.182181,525,right
1780323309.203169,508,right
1780323309.223382,495,right
1780323309.243824,516,right
1780323309.260559,497,right
1780323309.281142,532,right
1780323309.301154,504,right
1780323309.322147,512,right
1780323309.342150,489,right
1780323309.363153,529,right
1780323309.382658,490,right
1780323309.403579,480,right
1780323309.424185,500,right
1780323309.444583,491,right
1780323309.461167,509,right
1780323309.481590,499,right
1780323309.501368,518,right
1780323309.522596,505,right
1780323309.542361,491,right
1780323309.563601,530,right
1780323309.584183,508,right
1780323309.604607,502,right
1780323309.625189,471,right
1780323309.641192,499,right
1780323309.662194,505,right
1780323309.682197,518,right
1780323309.702179,502,right
1780323309.723169,481,right
1780323309.743157,485,right
1780323309.763351,472,right
1780323309.784632,501,right
1780323309.801214,491,right
1780323309.821637,509,right
1780323309.842485,510,right
1780323309.862643,492,right
1780323309.882574,497,right
1780323309.903172,455,right
1780323309.924230,480,right
1780323309.944653,490,right
1780323309.965236,503,right
1780323309.980380,476,right
1780323310.001417,522,right
1780323310.022243,495,right
1780323310.042152,516,right
1780323310.063249,511,right
1780323310.083673,511,right
1780323310.104255,530,right
1780323310.124678,512,right
1780323310.141020,481,right
1780323310.161684,509,right
1780323310.182362,492,right
1780323310.202689,511,right
1780323310.223272,562,right
1780323310.243695,526,right
1780323310.264277,492,right
1780323310.284280,495,right
1780323310.305174,494,right
1780323310.325173,520,right
1780323310.345707,479,right
1780323310.362291,491,right
1780323310.382530,490,right
1780323310.403296,482,right
1780323310.423720,491,right
1780323310.444150,471,right
1780323310.464725,512,right
1780323310.485307,503,right
1780323310.505642,490,right
1780323310.526200,504,right
1780323310.542213,513,right
1780323310.563318,448,right
1780323310.583321,531,right
1780323310.604324,496,right
1780323310.624327,478,right
1780323310.644750,531,right
1780323310.665332,481,right
1780323310.685755,457,right
1780323310.702338,528,right
1780323310.722761,488,right
1780323310.743149,505,right
1780323310.763766,510,right
1780323310.784349,495,right
1780323310.804772,484,right
1780323310.825355,533,right
1780323310.845778,529,right
1780323310.866360,502,right
1780323310.882179,493,right
1780323310.902785,524,right
1780323310.923371,484,right
1780323310.943146,480,right
1780323310.964374,518,right
1780323310.984797,490,right
1780323311.005513,484,right
1780323311.025477,530,right
1780323311.042554,484,right
1780323311.062807,475,right
1780323311.082659,498,right
1780323311.103813,494,right
1780323311.124396,487,right
1780323311.144819,524,right
1780323311.165401,518,right
1780323311.185825,490,right
1780323311.206179,506,right
1780323311.226028,496,right
1780323311.247178,509,right
1780323311.263415,469,right
1780323311.283838,493,right
1780323311.304420,554,right
1780323311.324172,523,right
1780323311.345426,525,right
1780323311.365849,462,right
1780323311.386431,529,right
1780323311.406854,522,right
1780323311.423437,533,right
1780323311.443404,535,right
1780323311.464442,503,right
1780323311.484454,511,right
1780323311.505172,483,right
1780323311.525451,520,right
1780323311.546029,514,right
1780323311.565558,564,right
1780323311.586880,509,right
1780323311.603462,514,right
1780323311.623884,520,right
1780323311.644467,476,right
1780323311.664890,532,right
1780323311.685473,492,right
1780323311.705174,527,right
1780323311.726479,503,right
1780323311.746030,504,right
1780323311.763484,463,right
1780323311.783486,544,right
1780323311.804489,497,right
1780323311.824492,503,right
1780323311.844915,525,right
1780323311.865498,520,right
1780323311.885921,516,right
1780323311.906175,496,right
1780323311.926927,506,right
1780323311.943138,497,right
1780323311.963932,571,right
1780323311.984514,541,right
1780323312.005041,529,right
1780323312.025468,537,right
1780323312.045943,486,right
1780323312.066032,512,right
1780323312.087033,532,right
1780323312.107180,526,right
1780323312.127206,499,right
1780323312.148349,543,right
1780323312.164539,520,right
1780323312.184962,517,right
1780323312.205374,486,right
1780323312.225466,532,right
1780323312.246551,521,right
1780323312.266974,522,right
1780323312.287206,512,right
1780323312.307690,518,right
1780323312.324561,513,right
1780323312.344984,511,right
1780323312.365567,499,right
1780323312.386029,524,right
1780323312.406363,483,right
1780323312.426458,526,right
1780323312.447206,545,right
1780323312.467206,528,right
1780323312.488342,526,right
1780323312.504586,533,right
1780323312.525009,539,right
1780323312.545592,544,right
1780323312.566029,527,right
1780323312.586177,498,right
1780323312.606204,482,right
1780323312.627206,504,right
1780323312.648032,518,right
1780323312.664608,483,right
1780323312.685031,507,right
1780323312.705375,524,right
1780323312.725362,530,right
1780323312.746034,488,right
1780323312.766033,505,right
1780323312.786880,564,right
1780323312.807206,510,right
1780323312.827206,510,right
1780323312.844633,503,right
1780323312.865056,540,right
1780323312.885638,518,right
1780323312.906136,562,right
1780323312.926327,539,right
1780323312.947067,549,right
1780323312.967205,519,right
1780323312.988034,540,right
1780323313.008170,564,right
1780323313.028181,536,right
1780323313.045660,516,right
1780323313.065380,500,right
1780323313.086086,496,right
1780323313.106629,548,right
1780323313.126277,503,right
1780323313.147205,524,right
1780323313.167384,520,right
1780323313.188398,502,right
1780323313.209177,524,right
1780323313.225457,500,right
1780323313.246109,536,right
1780323313.266600,517,right
1780323313.287114,530,right
1780323313.307205,538,right
1780323313.328169,511,right
1780323313.348169,539,right
1780323313.369191,505,right
1780323313.385127,558,right
1780323313.405309,525,right
1780323313.426177,523,right
1780323313.446699,533,right
1780323313.467139,536,right
1780323313.487205,533,right
1780323313.507359,542,right
1780323313.528348,521,right
1780323313.549171,529,right
1780323313.565789,504,right
1780323313.586155,514,right
1780323313.606392,538,right
1780323313.627161,512,right
1780323313.647205,519,right
1780323313.667794,536,right
1780323313.688184,521,right
1780323313.708182,520,right
1780323313.729560,484,right
1780323313.745122,545,right
1780323313.765973,512,right
1780323313.786762,526,right
1780323313.807128,504,right
1780323313.827205,498,right
1780323313.848170,531,right
1780323313.868347,519,right
1780323313.888344,516,right
1780323313.905557,566,right
1780323313.929356,555,right
1780323313.946683,498,right
1780323313.966787,503,right
1780323313.987205,526,right
1780323314.007182,530,right
1780323314.028034,510,right
1780323314.048170,497,right
1780323314.069172,552,right
1780323314.089803,541,right
1780323314.110226,529,right
1780323314.126809,526,right
1780323314.147036,545,right
1780323314.167204,518,right
1780323314.188170,513,right
1780323314.208208,489,right
1780323314.229244,527,right
1780323314.249826,515,right
1780323314.270249,486,right
1780323314.286178,526,right
1780323314.306180,511,right
1780323314.327176,525,right
1780323314.347180,525,right
1780323314.368208,508,right
1780323314.388338,516,right
1780323314.408589,499,right
1780323314.429851,523,right
1780323314.450263,506,right
1780323314.466856,510,right
1780323314.487204,523,right
1780323314.507204,554,right
1780323314.528338,471,right
1780323314.548035,533,right
1780323314.569349,516,right
1780323314.589873,512,right
1780323314.609361,540,right
1780323314.625444,519,right
1780323314.646881,524,right
1780323314.667032,520,right
1780323314.687204,517,right
1780323314.708219,495,right
1780323314.728169,513,right
1780323314.749315,538,right
1780323314.769378,528,right
1780323314.790321,506,right
1780323314.806903,527,right
1780323314.827203,526,right
1780323314.847203,505,right
1780323314.868170,472,right
1780323314.888263,499,right
1780323314.908465,510,right
1780323314.929920,505,right
1780323314.949923,503,right
1780323314.970384,532,right
1780323314.990927,504,right
1780323315.011032,536,right
1780323315.027030,543,right
1780323315.048354,541,right
1780323315.068170,543,right
1780323315.089171,545,right
1780323315.109945,542,right
1780323315.130368,525,right
1780323315.150950,512,right
1780323315.171416,528,right
1780323315.187203,518,right
1780323315.207203,521,right
1780323315.229065,516,right
1780323315.248170,538,right
1780323315.269371,556,right
1780323315.289373,505,right
1780323315.310392,527,right
1780323315.330975,540,right
1780323315.351398,506,right
1780323315.368054,494,right
1780323315.388352,533,right
1780323315.408360,523,right
1780323315.429349,549,right
1780323315.449347,525,right
1780323315.470415,539,right
1780323315.490997,521,right
1780323315.511420,518,right
1780323315.527842,539,right
1780323315.548028,548,right
1780323315.568339,560,right
1780323315.588346,536,right
1780323315.609433,521,right
1780323315.630016,564,right
1780323315.650440,537,right
1780323315.670931,506,right
1780323315.691445,537,right
1780323315.707474,516,right
1780323315.728402,523,right
1780323315.748170,514,right
1780323315.769526,510,right
1780323315.789540,553,right
1780323315.810461,515,right
1780323315.831044,480,right
1780323315.851046,543,right
1780323315.872059,523,right
1780323315.892050,510,right
1780323315.908214,542,right
1780323315.929172,494,right
1780323315.949480,501,right
1780323315.970063,520,right
1780323315.990486,545,right
1780323316.011068,547,right
1780323316.031171,546,right
1780323316.052074,527,right
1780323316.072239,527,right
1780323316.089170,528,right
1780323316.109503,540,right
1780323316.129347,524,right
1780323316.150087,524,right
1780323316.171091,552,right
1780323316.191093,535,right
1780323316.211517,515,right
1780323316.231696,542,right
1780323316.248024,504,right
1780323316.269171,524,right
1780323316.289527,536,right
1780323316.310177,503,right
1780323316.330533,550,right
1780323316.351116,487,right
1780323316.371176,517,right
1780323316.392401,494,right
1780323316.412544,514,right
1780323316.429170,480,right
1780323316.449129,526,right
1780323316.470132,488,right
1780323316.490134,517,right
1780323316.510558,526,right
1780323316.531140,494,right
1780323316.551564,472,right
1780323316.572028,543,right
1780323316.588171,501,right
1780323316.608371,496,right
1780323316.629574,519,right
1780323316.650156,545,right
1780323316.670579,508,right
1780323316.691162,529,right
1780323316.711586,516,right
1780323316.732168,520,right
1780323316.752591,496,right
1780323316.773172,528,right
1780323316.793094,497,right
1780323316.809599,462,right
1780323316.829498,515,right
1780323316.850605,534,right
1780323316.871263,524,right
1780323316.891610,524,right
1780323316.912175,485,right
1780323316.932677,512,right
1780323316.953172,515,right
1780323316.973373,495,right
1780323316.990203,508,right
1780323317.010626,499,right
1780323317.031209,512,right
1780323317.051552,507,right
1780323317.072215,532,right
1780323317.092088,535,right
1780323317.112832,595,right
1780323317.132941,560,right
1780323317.149646,558,right
1780323317.170228,544,right
1780323317.190308,558,right
1780323317.211033,519,right
1780323317.231056,562,right
1780323317.252240,516,right
1780323317.272518,521,right
1780323317.292986,555,right
1780323317.313270,525,right
1780323317.329869,542,right
1780323317.350318,542,right
1780323317.371376,486,right
1780323317.391191,537,right
1780323317.412261,506,right
1780323317.432246,488,right
1780323317.452394,519,right
1780323317.473231,483,right
1780323317.489604,508,right
1780323317.510129,532,right
1780323317.530698,496,right
1780323317.551081,481,right
1780323317.571589,529,right
1780323317.591926,557,right
1780323317.612370,530,right
1780323317.633407,517,right
1780323317.653319,589,right
1780323317.673829,556,right
1780323317.694719,548,right
1780323317.711239,538,right
1780323317.731200,528,right
1780323317.751750,563,right
1780323317.772379,527,right
1780323317.792550,585,right
1780323317.813157,553,right
1780323317.833405,517,right
1780323317.854055,519,right
1780323317.870654,510,right
1780323317.891327,514,right
1780323317.911785,515,right
1780323317.932204,491,right
1780323317.952756,494,right
1780323317.973339,499,right
1780323317.993762,534,right
1780323318.014432,522,right
1780323318.034347,489,right
1780323318.050770,527,right
1780323318.071330,492,right
1780323318.091775,518,right
1780323318.112380,518,right
1780323318.132484,526,right
1780323318.152951,519,right
1780323318.173627,528,right
1780323318.193509,531,right
1780323318.214792,548,right
1780323318.230586,520,right
1780323318.251686,521,right
1780323318.272380,526,right
1780323318.292078,521,right
1780323318.313385,557,right
1780323318.333178,565,right
1780323318.354065,529,right
1780323318.374040,494,right
1780323318.390857,513,right
1780323318.411418,509,right
1780323318.431599,488,right
1780323318.452488,498,right
1780323318.472576,511,right
1780323318.493201,485,right
1780323318.513417,521,right
1780323318.534429,528,right
1780323318.554740,502,right
1780323318.575409,532,right
1780323318.595842,527,right
1780323318.612427,490,right
1780323318.632174,526,right
1780323318.653066,543,right
1780323318.673189,537,right
1780323318.693076,529,right
1780323318.714105,535,right
1780323318.734658,520,right
1780323318.755442,514,right
1780323318.771813,550,right
1780323318.792170,569,right
1780323318.812731,511,right
1780323318.833503,506,right
1780323318.853880,533,right
1780323318.874463,519,right
1780323318.894886,513,right
1780323318.915114,527,right
1780323318.935892,518,right
1780323318.952474,543,right
1780323318.971975,521,right
1780323318.992174,536,right
1780323319.013482,533,right
1780323319.033905,540,right
1780323319.054171,513,right
1780323319.074639,486,right
1780323319.095493,469,right
1780323319.111916,552,right
1780323319.132171,504,right
1780323319.152922,494,right
1780323319.172878,504,right
1780323319.193928,552,right
1780323319.214218,534,right
1780323319.234933,543,right
1780323319.255171,476,right
1780323319.275402,520,right
1780323319.291941,525,right
1780323319.312523,532,right
1780323319.332180,525,right
1780323319.353020,481,right
1780323319.373952,551,right
1780323319.394534,472,right
1780323319.414958,505,right
1780323319.435540,511,right
1780323319.455175,511,right
1780323319.476019,487,right
1780323319.496966,503,right
1780323319.513362,530,right
1780323319.533974,501,right
1780323319.554557,506,right
1780323319.574669,524,right
1780323319.595563,558,right
1780323319.615565,522,right
1780323319.635987,498,right
1780323319.656400,504,right
1780323319.672993,565,right
1780323319.693068,520,right
1780323319.713999,499,right
1780323319.734581,529,right
1780323319.754172,515,right
1780323319.775398,552,right
1780323319.796019,560,right
1780323319.816593,510,right
1780323319.837016,558,right
1780323319.853173,507,right
1780323319.873600,521,right
1780323319.894604,536,right
1780323319.914607,519,right
1780323319.935025,518,right
1780323319.955172,492,right
1780323319.975396,554,right
1780323319.996618,498,right
1780323320.013040,471,right
1780323320.033173,524,right
1780323320.054172,495,right
1780323320.074628,522,right
1780323320.095053,505,right
1780323320.115634,509,right
1780323320.136057,518,right
1780323320.156172,470,right
1780323320.177063,525,right
1780323320.193062,536,right
1780323320.213647,541,right
1780323320.234070,512,right
1780323320.254171,499,right
1780323320.275076,529,right
1780323320.295659,533,right
1780323320.316030,484,right
1780323320.336664,519,right
1780323320.353087,488,right
1780323320.377376,504,right
1780323320.394092,521,right
1780323320.414034,508,right
1780323320.435039,530,right
1780323320.455634,515,right
1780323320.475638,509,right
1780323320.496335,481,right
1780323320.516340,449,right
1780323320.537344,498,right
1780323320.557349,464,right
1780323320.573353,467,right
1780323320.594357,542,right
1780323320.614362,479,right
1780323320.635705,513,right
1780323320.655371,552,right
1780323320.676033,544,right
1780323320.697134,526,right
1780323320.717196,519,right
1780323320.734139,501,right
1780323320.754722,484,right
1780323320.774734,501,right
1780323320.795728,504,right
1780323320.815577,535,right
1780323320.836733,471,right
1780323320.856173,485,right
1780323320.877159,517,right
1780323320.897197,503,right
1780323320.914165,491,right
1780323320.934747,491,right
1780323320.955173,501,right
1780323320.975387,471,right
1780323320.996175,528,right
1780323321.016027,495,right
1780323321.037177,492,right
1780323321.057179,521,right
1780323321.073766,488,right
1780323321.094769,501,right
1780323321.114771,480,right
1780323321.135774,502,right
1780323321.155183,499,right
1780323321.176238,507,right
1780323321.196025,499,right
1780323321.217056,508,right
1780323321.237653,484,right
1780323321.254197,480,right
1780323321.274793,502,right
1780323321.295217,501,right
1780323321.315799,503,right
1780323321.336222,516,right
1780323321.356251,508,right
1780323321.377191,522,right
1780323321.397024,478,right
1780323321.418179,498,right
1780323321.438181,480,right
1780323321.458355,471,right
1780323321.475358,496,right
1780323321.495362,462,right
1780323321.516367,501,right
1780323321.536371,492,right
1780323321.557165,513,right
1780323321.577023,484,right
1780323321.598170,506,right
1780323321.618021,491,right
1780323321.635263,515,right
1780323321.655174,495,right
1780323321.676364,547,right
1780323321.696852,528,right
1780323321.717196,555,right
1780323321.737196,476,right
1780323330.221025,506,right
1780323330.241449,526,right
1780323330.262032,522,right
1780323330.277179,523,right
1780323330.299173,538,right
1780323330.318340,495,right
1780323330.344040,505,right
1780323330.364043,517,right
1780323330.380468,501,right
1780323330.401050,488,right
1780323330.421473,496,right
1780323330.441968,532,right
1780323330.462479,514,right
1780323330.482178,523,right
1780323330.503170,544,right
1780323330.523136,501,right
1780323330.540490,522,right
1780323330.561072,526,right
1780323330.581496,531,right
1780323330.602078,529,right
1780323330.622501,513,right
1780323330.642969,549,right
1780323330.663173,528,right
1780323330.684090,511,right
1780323330.704092,492,right
1780323330.724515,506,right
1780323330.745098,500,right
1780323330.761520,475,right
1780323330.782173,502,right
1780323330.802016,489,right
1780323330.823109,494,right
1780323330.842966,507,right
1780323330.864114,523,right
1780323330.884537,534,right
1780323330.905119,530,right
1780323330.921542,517,right
1780323330.941963,509,right
1780323330.962128,514,right
1780323330.982526,540,right
1780323331.002532,530,right
1780323331.023557,546,right
1780323331.043964,527,right
1780323331.064562,534,right
1780323331.085144,544,right
1780323331.101567,520,right
1780323331.122150,537,right
1780323331.141962,547,right
1780323331.163170,543,right
1780323331.183578,537,right
1780323331.204161,539,right
1780323331.224584,444,right
1780323331.245167,511,right
1780323331.261169,485,right
1780323331.286009,512,right
1780323331.302175,525,right
1780323331.322597,506,right
1780323331.342962,512,right
1780323331.363603,537,right
1780323331.384187,534,right
1780323331.404609,532,right
1780323331.425191,549,right
1780323331.445613,528,right
1780323331.466196,589,right
1780323331.482542,548,right
1780323331.503202,573,right
1780323331.523734,533,right
1780323331.544208,532,right
1780323331.564631,513,right
1780323331.585213,562,right
1780323331.605177,528,right
1780323331.626034,525,right
1780323331.646004,539,right
1780323331.662644,552,right
1780323331.682640,531,right
1780323331.703170,548,right
1780323331.724233,526,right
1780323331.744656,526,right
1780323331.765239,533,right
1780323331.785323,515,right
1780323331.805656,523,right
1780323331.822667,516,right
1780323331.842958,498,right
1780323331.863672,508,right
1780323331.884255,505,right
1780323331.904258,498,right
1780323331.925260,532,right
1780323331.945264,519,right
1780323331.965686,506,right
1780323331.985553,527,right
1780323332.002691,484,right
1780323332.023337,490,right
1780323332.042955,505,right
1780323332.064280,512,right
1780323332.084702,519,right
1780323332.105285,557,right
1780323332.125286,535,right
1780323332.146343,500,right
1780323332.162347,512,right
1780323332.183352,529,right
1780323332.202592,527,right
1780323332.224242,519,right
1780323332.243516,530,right
1780323332.264429,493,right
1780323332.285174,503,right
1780323332.304959,525,right
1780323332.326008,506,right
1780323332.346779,524,right
1780323332.367230,501,right
1780323332.383744,535,right
1780323332.404119,525,right
1780323332.423964,534,right
1780323332.444968,499,right
1780323332.465346,527,right
1780323332.486397,500,right
1780323332.506355,513,right
1780323332.527184,502,right
1780323332.542763,532,right
1780323332.563768,495,right
1780323332.583495,521,right
1780323332.604774,527,right
1780323332.625281,558,right
1780323332.645102,550,right
1780323332.666007,524,right
1780323332.686437,553,right
1780323332.707371,544,right
1780323332.723833,556,right
1780323332.744173,518,right
1780323332.764506,482,right
1780323332.785378,539,right
1780323332.805787,546,right
1780323332.826489,547,right
1780323332.846005,547,right
1780323332.867183,510,right
1780323332.883392,487,right
1780323332.903790,514,right
1780323332.924398,537,right
1780323332.944821,513,right
1780323332.965252,541,right
1780323332.985540,518,right
1780323333.006385,543,right
1780323333.026832,528,right
1780323333.047183,533,right
1780323333.063837,513,right
1780323333.084419,570,right
1780323333.104068,539,right
1780323333.125442,569,right
1780323333.145428,529,right
1780323333.166004,493,right
1780323333.186003,560,right
1780323333.206856,526,right
1780323333.227183,529,right
1780323333.247011,530,right
1780323333.267515,507,right
1780323333.284519,523,right
1780323333.304661,503,right
1780323333.325258,475,right
1780323333.346263,511,right
1780323333.366879,502,right
1780323333.387217,513,right
1780323333.407175,544,right
1780323333.428169,551,right
1780323333.444469,481,right
1780323333.464893,530,right
1780323333.485475,485,right
1780323333.505182,489,right
1780323333.526011,531,right
1780323333.546905,550,right
1780323333.567183,477,right
1780323333.587183,530,right
1780323333.608174,556,right
1780323333.624915,497,right
1780323333.645497,532,right
1780323333.666004,541,right
1780323333.686207,550,right
1780323333.706593,541,right
1780323333.727182,540,right
1780323333.747182,517,right
1780323333.768170,560,right
1780323333.784517,508,right
1780323333.804940,504,right
1780323333.825270,498,right
1780323333.846022,524,right
1780323333.866528,500,right
1780323333.887004,496,right
1780323333.907580,534,right
1780323333.927182,499,right
1780323333.948171,490,right
1780323333.964962,532,right
1780323333.985544,521,right
1780323334.006132,521,right
1780323334.026550,520,right
1780323334.046945,528,right
1780323334.067182,521,right
1780323334.087029,497,right
1780323334.108247,500,right
1780323334.128174,502,right
1780323334.148170,550,right
1780323334.165569,552,right
1780323334.186008,461,right
1780323334.206215,502,right
1780323334.227023,563,right
1780323334.247004,506,right
1780323334.267182,513,right
1780323334.288180,552,right
1780323334.308180,503,right
1780323334.329591,536,right
1780323334.345388,554,right
1780323334.366623,525,right
1780323334.386600,517,right
1780323334.407292,543,right
1780323334.427181,547,right
1780323334.448003,519,right
1780323334.468170,516,right
1780323334.488182,474,right
1780323334.505243,526,right
1780323334.526039,511,right
1780323334.546005,519,right
1780323334.567039,572,right
1780323334.587182,506,right
1780323334.607181,532,right
1780323334.628181,580,right
1780323334.648182,531,right
1780323334.669638,453,right
1780323334.685641,543,right
1780323334.705283,515,right
1780323334.726003,495,right
1780323334.747070,515,right
1780323334.767181,514,right
1780323334.788177,512,right
1780323334.808178,479,right
1780323334.829171,515,right
1780323334.849006,512,right
1780323334.866086,477,right
1780323334.886005,494,right
1780323334.907197,558,right
1780323334.927181,509,right
1780323334.948169,421,right
1780323334.968170,512,right
1780323334.989182,495,right
1780323335.009685,513,right
1780323335.029327,519,right
1780323335.050116,504,right
1780323335.066693,534,right
1780323335.087129,556,right
1780323335.107154,527,right
1780323335.128180,517,right
1780323335.148170,524,right
1780323335.169171,558,right
1780323335.189084,495,right
1780323335.210132,570,right
1780323335.230715,538,right
1780323335.246275,558,right
1780323335.267180,521,right
1780323335.287032,477,right
1780323335.308196,518,right
1780323335.328026,517,right
1780323335.349732,530,right
1780323335.369735,506,right
1780323335.390158,498,right
1780323335.406183,548,right
1780323335.427187,522,right
1780323335.447191,528,right
1780323335.468199,525,right
1780323335.488203,502,right
1780323335.509208,537,right
1780323335.529212,527,right
1780323335.550217,509,right
1780323335.570222,551,right
1780323335.586226,540,right
1780323335.607229,563,right
1780323335.627215,558,right
1780323335.648169,603,right
1780323335.668222,572,right
1780323335.689232,572,right
1780323335.709781,569,right
1780323335.730233,570,right
1780323335.746005,562,right
1780323335.767180,527,right
1780323335.787180,522,right
1780323335.807966,527,right
1780323335.828170,543,right
1780323335.849221,544,right
1780323335.869803,521,right
1780323335.890227,549,right
1780323335.910809,524,right
1780323335.930819,529,right
1780323335.951812,520,right
1780323335.967180,532,right
1780323335.988170,559,right
1780323336.008182,560,right
1780323336.029246,534,right
1780323336.049828,557,right
1780323336.070252,566,right
1780323336.090833,563,right
1780323336.111257,588,right
1780323336.131839,559,right
1780323336.148183,601,right
1780323336.168183,595,right
1780323336.189268,594,right
1780323336.209851,571,right
1780323336.230273,575,right
1780323336.250856,547,right
1780323336.270191,615,right
1780323336.291862,576,right
1780323336.307202,562,right
1780323336.328027,566,right
1780323336.348182,552,right
1780323336.369293,560,right
1780323336.389875,590,right
1780323336.410298,576,right
1780323336.430881,575,right
1780323336.451304,587,right
1780323336.471886,588,right
1780323336.488127,570,right
1780323336.508225,518,right
1780323336.528225,533,right
1780323336.549897,563,right
1780323336.569900,553,right
1780323336.590903,560,right
1780323336.610906,553,right
1780323336.631329,545,right
1780323336.647005,519,right
1780323336.668179,562,right
1780323336.688179,538,right
1780323336.709205,549,right
1780323336.729208,558,right
1780323336.750345,615,right
1780323336.770927,563,right
1780323336.791351,585,right
1780323336.811933,552,right
1780323336.832056,572,right
1780323336.852936,589,right
1780323336.868170,521,right
1780323336.889364,560,right
1780323336.909947,556,right
1780323336.929607,562,right
1780323336.950953,589,right
1780323336.970850,552,right
1780323336.991909,530,right
1780323337.012380,601,right
1780323337.028638,596,right
1780323337.049161,616,right
1780323337.069969,622,right
1780323337.090392,617,right
1780323337.110975,641,right
1780323337.131316,580,right
1780323337.151980,520,right
1780323337.172512,528,right
1780323337.192986,524,right
1780323337.208180,523,right
1780323337.229411,526,right
1780323337.249994,509,right
1780323337.270417,547,right
1780323337.290907,582,right
1780323337.311422,559,right
1780323337.332005,615,right
1780323337.352428,586,right
1780323337.368170,599,right
1780323337.388578,599,right
1780323337.410016,615,right
1780323337.430239,578,right
1780323337.451021,625,right
1780323337.471024,578,right
1780323337.491904,569,right
1780323337.512030,586,right
1780323337.532175,568,right
1780323337.548181,570,right
1780323337.569189,549,right
1780323337.589192,538,right
1780323337.610463,543,right
1780323337.630171,571,right
1780323337.651469,525,right
1780323337.672051,555,right
1780323337.691902,568,right
1780323337.709172,580,right
1780323337.733478,530,right
1780323337.753171,527,right
1780323337.769171,525,right
1780323337.791068,508,right
1780323337.811071,482,right
1780323337.831194,488,right
1780323337.852076,504,right
1780323337.872500,502,right
1780323337.892902,491,right
1780323337.913504,533,right
1780323337.929192,490,right
1780323337.950510,532,right
1780323337.971170,559,right
1780323337.991516,565,right
1780323338.012099,497,right
1780323338.032202,547,right
1780323338.053169,580,right
1780323338.073528,559,right
1780323338.094110,548,right
1780323338.110112,570,right
1780323338.130171,569,right
1780323338.151118,545,right
1780323338.171541,548,right
1780323338.191898,568,right
1780323338.212547,526,right
1780323338.232808,515,right
1780323338.253171,556,right
1780323338.270171,549,right
1780323338.290557,592,right
1780323338.311140,541,right
1780323338.331563,561,right
1780323338.352145,549,right
1780323338.372569,534,right
1780323338.393170,529,right
1780323338.412753,540,right
1780323338.434157,545,right
1780323338.450159,543,right
1780323338.470171,513,right
1780323338.491166,571,right
1780323338.511588,565,right
1780323338.532265,524,right
1780323338.552594,542,right
1780323338.573171,569,right
1780323338.593714,578,right
1780323338.610181,574,right
1780323338.630200,563,right
1780323338.651187,587,right
1780323338.671610,552,right
1780323338.692172,545,right
1780323338.712195,583,right
1780323338.733198,566,right
1780323338.753179,511,right
1780323338.774203,522,right
1780323338.794204,530,right
1780323338.814628,521,right
1780323338.831212,485,right
1780323338.851635,524,right
1780323338.872217,509,right
1780323338.891891,503,right
1780323338.913223,515,right
1780323338.933646,530,right
1780323338.954200,558,right
1780323338.974370,520,right
1780323338.991234,557,right
1780323339.011236,572,right
1780323339.032158,557,right
1780323339.052242,549,right
1780323339.072665,578,right
1780323339.093247,614,right
1780323339.113671,588,right
1780323339.133402,570,right
1780323339.154676,517,right
1780323339.171258,559,right
1780323339.191681,577,right
1780323339.212232,549,right
1780323339.232242,540,right
1780323339.253171,555,right
1780323339.273693,527,right
1780323339.294275,550,right
1780323339.314698,530,right
1780323339.334969,489,right
1780323339.351172,516,right
1780323339.371706,521,right
1780323339.392289,499,right
1780323339.412188,496,right
1780323339.433294,498,right
1780323339.453172,505,right
1780323339.474288,530,right
1780323339.494723,533,right
1780323339.511305,524,right
1780323339.531728,515,right
1780323339.552311,506,right
1780323339.572734,546,right
1780323339.593317,518,right
1780323339.613739,488,right
1780323339.634322,557,right
1780323339.654325,545,right
1780323339.675192,532,right
1780323339.695328,511,right
1780323339.715752,532,right
1780323339.732172,521,right
1780323339.752759,526,right
1780323339.773229,490,right
1780323339.793765,507,right
1780323339.814347,495,right
1780323339.834770,534,right
1780323339.855171,486,right
1780323339.875216,509,right
1780323339.892358,532,right
1780323339.912781,514,right
1780323339.933363,524,right
1780323339.953182,519,right
1780323339.974369,564,right
1780323339.994371,507,right
1780323340.014795,544,right
1780323340.035378,489,right
1780323340.055254,579,right
1780323340.072382,520,right
1780323340.092805,557,right
1780323340.113082,537,right
1780323340.133020,559,right
1780323340.154193,575,right
1780323340.174817,566,right
1780323340.195399,560,right
1780323340.215822,570,right
1780323340.232404,561,right
1780323340.252407,559,right
1780323340.273410,562,right
1780323340.293413,525,right
1780323340.313836,523,right
1780323340.334419,523,right
1780323340.354842,542,right
1780323340.375211,500,right
1780323340.395711,542,right
1780323340.412429,545,right
1780323340.432247,535,right
1780323340.453171,566,right
1780323340.473858,556,right
1780323340.494441,519,right
1780323340.514864,518,right
1780323340.535446,539,right
1780323340.555202,537,right
1780323340.576017,521,right
1780323340.596453,521,right
1780323340.617175,514,right
1780323340.633460,534,right
1780323340.653181,525,right
1780323340.674465,537,right
1780323340.694888,525,right
1780323340.715471,513,right
1780323340.735894,510,right
1780323340.756194,555,right
1780323340.776011,549,right
1780323340.793172,556,right
1780323340.813906,547,right
1780323340.834487,554,right
1780323340.854173,553,right
1780323340.875207,505,right
1780323340.895496,541,right
1780323340.915998,562,right
1780323340.936502,543,right
1780323340.956222,594,right
1780323340.973506,573,right
1780323340.993930,579,right
1780323341.014512,544,right
1780323341.034935,584,right
1780323341.055171,534,right
1780323341.076012,547,right
1780323341.095996,604,right
1780323341.116947,578,right
1780323341.133240,545,right
1780323341.153187,609,right
1780323341.174534,543,right
1780323341.194537,556,right
1780323341.215540,555,right
1780323341.235543,579,right
1780323341.255173,541,right
1780323341.276608,573,right
1780323341.296998,616,right
1780323341.313553,597,right
1780323341.333215,594,right
1780323341.354192,570,right
1780323341.374982,562,right
1780323341.395023,591,right
1780323341.416007,594,right
1780323341.436570,582,right
1780323341.456174,521,right
1780323341.477174,574,right
1780323341.497174,588,right
1780323341.514581,515,right
1780323341.534584,558,right
1780323341.554202,580,right
1780323341.575201,519,right
1780323341.595184,546,right
1780323341.615998,579,right
1780323341.637018,531,right
1780323341.657203,522,right
1780323341.677174,543,right
1780323341.694606,547,right
1780323341.715029,540,right
1780323341.735175,506,right
1780323341.755193,511,right
1780323341.776617,500,right
1780323341.796999,519,right
1780323341.817173,515,right
1780323341.837173,493,right
1780323341.853183,526,right
1780323341.874631,523,right
1780323341.895054,546,right
1780323341.915636,521,right
1780323341.935996,537,right
1780323341.956197,543,right
1780323341.977065,518,right
1780323341.997173,569,right
1780323342.018220,559,right
1780323342.034653,552,right
1780323342.055076,523,right
1780323342.075196,580,right
1780323342.096081,532,right
1780323342.116664,573,right
1780323342.136667,563,right
1780323342.157410,564,right
1780323342.177173,575,right
1780323342.194095,588,right
1780323342.214677,543,right
1780323342.235101,525,right
1780323342.255195,529,right
1780323342.276013,569,right
1780323342.295893,532,right
1780323342.317112,516,right
1780323342.337173,548,right
1780323342.358173,545,right
1780323342.378170,522,right
1780323342.398170,537,right
1780323342.415705,559,right
1780323342.435708,548,right
1780323342.456499,524,right
1780323342.476714,549,right
1780323342.497137,562,right
1780323342.517173,562,right
1780323342.538184,555,right
1780323342.558268,547,right
1780323342.579200,539,right
1780323342.595730,565,right
1780323342.615996,528,right
1780323342.636736,555,right
1780323342.657255,546,right
1780323342.677172,518,right
1780323342.697912,564,right
1780323342.718179,549,right
1780323342.739191,549,right
1780323342.755191,545,right
1780323342.775189,531,right
1780323342.795993,566,right
1780323342.815996,546,right
1780323342.837172,550,right
1780323342.857656,553,right
1780323342.878181,564,right
1780323342.898181,525,right
1780323342.919195,552,right
1780323342.935776,521,right
1780323342.955445,554,right
1780323342.976782,543,right
1780323342.997172,569,right
1780323343.017172,558,right
1780323343.038180,561,right
1780323343.058197,570,right
1780323343.078182,557,right
1780323343.095219,578,right
1780323343.115801,532,right
1780323343.136225,569,right
1780323343.156198,547,right
1780323343.177172,523,right
1780323343.197172,497,right
1780323343.218179,530,right
1780323343.238180,520,right
1780323343.259314,501,right
1780323343.278998,551,right
1780323343.300251,525,right
1780323343.316829,512,right
1780323343.337172,521,right
1780323343.357252,550,right
1780323343.377172,551,right
1780323343.398170,515,right
1780323343.418181,526,right
1780323343.439265,507,right
1780323343.459847,544,right
1780323343.475995,560,right
1780323343.496854,546,right
1780323343.517172,567,right
1780323343.537172,550,right
1780323343.558254,576,right
1780323343.578185,535,right
1780323343.599125,540,right
1780323343.619871,540,right
1780323343.640294,546,right
1780323343.656514,543,right
1780323343.676879,542,right
1780323343.697177,536,right
1780323343.717171,521,right
1780323343.738169,546,right
1780323343.758205,496,right
1780323343.779192,525,right
1780323343.799896,523,right
1780323343.819912,529,right
1780323343.836406,509,right
1780323343.857384,495,right
1780323343.877171,555,right
1780323343.897996,525,right
1780323343.918029,502,right
1780323343.939335,531,right
1780323343.959542,534,right
1780323343.980341,519,right
1780323343.995994,540,right
1780323344.016926,500,right
1780323344.037024,544,right
1780323344.057285,543,right
1780323344.078184,518,right
1780323344.098996,536,right
1780323344.119360,531,right
1780323344.139943,505,right
1780323344.160366,524,right
1780323344.176948,500,right
1780323344.201369,533,right
1780323344.217171,500,right
1780323344.238169,526,right
1780323344.258261,490,right
1780323344.279190,522,right
1780323344.299964,497,right
1780323344.319967,521,right
1780323344.340968,554,right
1780323344.360971,521,right
1780323344.377170,515,right
1780323344.397170,530,right
1780323344.418169,503,right
1780323344.438182,513,right
1780323344.459407,557,right
1780323344.479171,527,right
1780323344.500413,529,right
1780323344.520995,531,right
1780323344.541418,541,right
1780323344.557201,518,right
1780323344.577171,553,right
1780323344.599130,507,right
1780323344.618179,536,right
1780323344.640012,518,right
1780323344.660018,506,right
1780323344.680437,546,right
1780323344.701020,515,right
1780323344.717223,519,right
1780323344.737170,540,right
1780323344.758254,506,right
1780323344.778208,521,right
1780323344.799454,520,right
1780323344.820036,530,right
1780323344.840460,524,right
1780323344.861042,507,right
1780323344.881200,539,right
1780323344.898171,535,right
1780323344.917170,521,right
1780323344.938184,536,right
1780323344.958247,554,right
1780323344.979171,535,right
1780323345.000061,544,right
1780323345.020485,521,right
1780323345.041067,539,right
1780323345.057129,516,right
1780323345.077169,522,right
1780323345.098250,550,right
1780323345.118180,523,right
1780323345.139500,519,right
1780323345.160083,515,right
1780323345.180517,539,right
1780323345.201088,517,right
1780323345.221512,551,right
1780323345.241833,572,right
1780323345.262095,524,right
1780323345.278179,557,right
1780323345.299102,527,right
1780323345.319525,550,right
1780323345.340108,529,right
1780323345.360531,521,right
1780323345.381114,539,right
1780323345.401536,544,right
1780323345.422119,529,right
1780323345.442543,575,right
1780323345.458365,560,right
1780323345.479171,542,right
1780323345.500130,535,right
1780323345.520553,562,right
1780323345.541174,541,right
1780323345.561139,529,right
1780323345.582171,521,right
1780323345.602271,514,right
1780323345.618024,557,right
1780323345.639187,523,right
1780323345.659572,543,right
1780323345.680242,531,right
1780323345.700578,539,right
1780323345.721161,509,right
1780323345.741583,521,right
1780323345.762166,587,right
1780323345.782204,540,right
1780323345.799191,513,right
1780323345.819189,516,right
1780323345.840177,540,right
1780323345.860179,554,right
1780323345.881182,503,right
1780323345.901185,538,right
1780323345.921608,524,right
1780323345.942174,533,right
1780323345.958200,532,right
1780323345.979198,523,right
1780323345.999619,543,right
1780323346.020202,505,right
1780323346.040625,548,right
1780323346.061207,516,right
1780323346.081171,518,right
1780323346.102213,520,right
1780323346.122636,531,right
1780323346.143222,537,right
1780323346.163640,537,right
1780323346.179644,551,right
1780323346.200226,533,right
1780323346.220649,508,right
1780323346.241232,517,right
1780323346.261655,525,right
1780323346.282176,504,right
1780323346.302660,546,right
1780323346.323242,502,right
1780323346.339665,525,right
1780323346.360248,473,right
1780323346.380171,494,right
1780323346.401254,481,right
1780323346.421677,508,right
1780323346.442260,519,right
1780323346.462683,530,right
1780323346.483265,571,right
1780323346.503268,570,right
1780323346.519691,566,right
1780323346.540273,560,right
1780323346.560696,581,right
1780323346.581279,578,right
1780323346.601702,575,right
1780323346.622285,559,right
1780323346.642708,544,right
1780323346.663290,528,right
1780323346.679170,529,right
1780323346.700295,541,right
1780323346.720718,543,right
1780323346.741256,490,right
1780323346.761724,502,right
1780323346.782248,477,right
1780323346.802309,532,right
1780323346.823180,479,right
1780323346.843315,485,right
1780323346.859737,531,right
1780323346.880193,528,right
1780323346.900743,499,right
1780323346.921325,514,right
1780323346.941748,577,right
1780323346.962331,521,right
1780323346.982170,525,right
1780323347.003172,456,right
1780323347.023760,477,right
1780323347.044340,497,right
1780323347.064764,487,right
1780323347.081174,447,right
1780323347.101350,533,right
1780323347.121773,561,right
1780323347.142356,561,right
1780323347.162779,561,right
1780323347.183361,583,right
1780323347.202862,580,right
1780323347.224367,583,right
1780323347.240790,562,right
1780323347.261372,560,right
1780323347.281169,561,right
1780323347.302378,518,right
1780323347.322801,496,right
1780323347.343174,495,right
1780323347.363807,495,right
1780323347.384389,511,right
1780323347.404173,490,right
1780323347.419997,531,right
1780323347.441397,547,right
1780323347.461820,522,right
1780323347.482171,507,right
1780323347.502826,494,right
1780323347.523408,489,right
1780323347.543174,508,right
1780323347.564414,510,right
1780323347.580169,491,right
1780323347.601419,466,right
1780323347.621842,511,right
1780323347.642425,461,right
1780323347.662848,494,right
1780323347.683431,511,right
1780323347.703443,512,right
1780323347.724437,513,right
1780323347.744385,539,right
1780323347.760324,530,right
1780323347.781444,551,right
1780323347.801867,544,right
1780323347.822450,553,right
1780323347.842873,545,right
1780323347.863456,585,right
1780323347.883879,511,right
1780323347.904461,514,right
1780323347.924881,519,right
1780323347.945464,506,right
1780323347.961889,543,right
1780323347.982174,527,right
1780323348.002172,530,right
1780323348.023478,563,right
1780323348.043480,615,right
1780323348.064483,585,right
1780323348.084486,546,right
1780323348.104908,567,right
1780323348.125141,527,right
1780323348.141807,561,right
1780323348.162497,537,right
1780323348.182175,545,right
1780323348.203503,533,right
1780323348.223925,524,right
1780323348.244508,536,right
1780323348.264898,559,right
1780323348.285513,516,right
1780323348.306007,528,right
1780323348.322519,533,right
1780323348.342522,550,right
1780323348.362944,518,right
1780323348.383527,517,right
1780323348.403950,507,right
1780323348.424533,493,right
1780323348.444956,517,right
1780323348.465538,521,right
1780323348.482001,483,right
1780323348.502544,508,right
1780323348.522967,547,right
1780323348.543178,517,right
1780323348.563972,514,right
1780323348.584555,529,right
1780323348.604961,519,right
1780323348.625137,503,right
1780323348.645990,530,right
1780323348.661924,557,right
1780323348.682568,500,right
1780323348.702991,494,right
1780323348.723574,441,right
1780323348.743938,445,right
1780323348.764580,399,right
1780323348.785002,424,right
1780323348.805188,465,right
1780323348.826005,496,right
1780323348.845990,491,right
1780323348.862139,512,right
1780323348.883596,484,right
1780323348.904019,558,right
1780323348.924602,552,right
1780323348.944604,531,right
1780323348.965607,530,right
1780323348.985174,556,right
1780323349.006207,540,right
1780323349.026614,547,right
1780323349.043038,563,right
1780323349.062999,561,right
1780323349.084044,487,right
1780323349.104627,450,right
1780323349.125179,397,right
1780323349.145632,439,right
1780323349.165990,383,right
1780323349.185990,363,right
1780323349.202200,325,right
1780323349.223643,349,right
1780323349.242800,416,right
1780323349.264153,442,right
1780323358.886394,522,right
1780323358.902206,529,right
1780323358.922994,533,right
1780323358.943981,494,right
1780323358.964405,549,right
1780323358.984987,498,right
1780323359.004990,533,right
1780323359.025987,526,right
1780323359.045988,525,right
1780323359.066998,537,right
1780323359.087001,513,right
1780323359.107155,497,right
1780323359.124007,559,right
1780323359.144429,512,right
1780323359.165012,529,right
1780323359.185435,509,right
1780323359.205169,547,right
1780323359.225989,541,right
1780323359.247023,540,right
1780323359.267154,518,right
1780323359.284028,562,right
1780323359.304031,528,right
1780323359.324435,528,right
1780323359.345036,489,right
1780323359.365410,515,right
1780323359.386042,508,right
1780323359.406463,517,right
1780323359.426999,567,right
1780323359.447154,502,right
1780323359.467463,519,right
1780323359.488090,528,right
1780323359.508197,503,right
1780323359.529480,509,right
1780323359.545977,506,right
1780323359.566214,519,right
1780323359.587070,473,right
1780323359.607154,511,right
1780323359.628002,532,right
1780323359.648156,524,right
1780323359.669155,529,right
1780323359.688642,517,right
1780323359.710086,531,right
1780323359.726089,553,right
1780323359.745978,526,right
1780323359.767219,545,right
1780323359.787153,525,right
1780323359.807270,543,right
1780323359.828005,504,right
1780323359.849155,540,right
1780323359.869156,566,right
1780323359.886111,531,right
1780323359.906242,515,right
1780323359.927117,519,right
1780323359.947120,487,right
1780323359.968155,513,right
1780323359.988154,567,right
1780323360.009174,505,right
1780323360.029180,532,right
1780323360.049554,518,right
1780323360.065881,532,right
1780323360.086559,526,right
1780323360.106285,490,right
1780323360.127153,512,right
1780323360.148011,498,right
1780323360.167996,526,right
1780323360.189155,545,right
1780323360.209576,515,right
1780323360.226158,536,right
1780323360.245975,469,right
1780323360.267153,554,right
1780323360.287153,510,right
1780323360.307011,512,right
1780323360.328154,527,right
1780323360.348168,538,right
1780323360.369154,526,right
1780323360.389601,542,right
1780323360.410181,532,right
1780323360.430607,496,right
1780323360.447167,543,right
1780323360.467178,516,right
1780323360.488155,486,right
1780323360.508388,547,right
1780323360.529200,535,right
1780323360.549623,524,right
1780323360.570204,504,right
1780323360.590217,487,right
1780323360.606171,546,right
1780323360.627153,504,right
1780323360.647153,494,right
1780323360.668155,505,right
1780323360.688155,488,right
1780323360.709262,533,right
1780323360.729171,532,right
1780323360.750230,532,right
1780323360.770653,525,right
1780323360.787165,513,right
1780323360.807206,541,right
1780323360.828154,552,right
1780323360.847976,527,right
1780323360.869172,548,right
1780323360.889258,561,right
1780323360.910163,537,right
1780323360.930255,554,right
1780323360.951258,546,right
1780323360.967172,497,right
1780323360.986993,519,right
1780323361.008214,535,right
1780323361.028154,543,right
1780323361.049014,526,right
1780323361.069154,528,right
1780323361.090277,513,right
1780323361.110380,523,right
1780323361.127152,515,right
1780323361.147152,509,right
1780323361.168155,532,right
1780323361.187978,546,right
1780323361.209294,506,right
1780323361.229154,527,right
1780323361.249719,539,right
1780323361.270302,543,right
1780323361.290725,551,right
1780323361.311208,512,right
1780323361.331728,547,right
1780323361.348155,533,right
1780323361.368155,545,right
1780323361.389319,516,right
1780323361.409741,555,right
1780323361.430324,553,right
1780323361.450747,546,right
1780323361.471328,512,right
1780323361.491686,539,right
1780323361.508240,544,right
1780323361.528003,532,right
1780323361.548154,521,right
1780323361.569154,531,right
1780323361.589154,505,right
1780323361.610348,519,right
1780323361.630772,553,right
1780323361.651354,489,right
1780323361.671777,492,right
1780323361.688152,525,right
1780323361.708175,511,right
1780323361.729365,557,right
1780323361.749788,535,right
1780323361.770370,507,right
1780323361.790794,498,right
1780323361.811376,524,right
1780323361.831800,503,right
1780323361.847151,521,right
1780323361.868154,535,right
1780323361.888152,485,right
1780323361.909389,533,right
1780323361.929813,534,right
1780323361.950395,509,right
1780323361.970819,530,right
1780323361.991402,502,right
1780323362.011824,522,right
1780323362.028152,503,right
1780323362.048015,550,right
1780323362.069048,519,right
1780323362.089153,526,right
1780323362.110417,529,right
1780323362.130154,506,right
1780323362.151423,563,right
1780323362.171426,511,right
1780323362.187151,512,right
1780323362.212429,518,right
1780323362.232205,520,right
1780323362.249437,510,right
1780323362.269975,504,right
1780323362.290165,503,right
1780323362.310865,538,right
1780323362.331448,503,right
1780323362.351871,503,right
1780323362.372452,518,right
1780323362.392155,521,right
1780323362.409459,489,right
1780323362.429461,520,right
1780323362.450464,514,right
1780323362.469568,502,right
1780323362.490890,518,right
1780323362.511473,478,right
1780323362.531896,502,right
1780323362.552478,491,right
1780323362.572901,502,right
1780323362.589483,497,right
1780323362.609906,501,right
1780323362.630489,503,right
1780323362.651016,506,right
1780323362.671495,513,right
1780323362.691918,490,right
1780323362.712269,517,right
1780323362.732924,522,right
1780323362.749506,529,right
1780323362.769152,503,right
1780323362.789932,527,right
1780323362.810514,508,right
1780323362.830976,560,right
1780323362.851520,534,right
1780323362.871942,535,right
1780323362.891673,518,right
1780323362.912179,539,right
1780323362.929151,566,right
1780323362.949953,509,right
1780323362.970536,510,right
1780323362.990973,541,right
1780323363.011542,535,right
1780323363.031965,493,right
1780323363.052240,532,right
1780323363.072550,535,right
1780323363.088151,508,right
1780323363.109182,512,right
1780323363.129978,540,right
1780323363.150666,522,right
1780323363.170918,504,right
1780323363.191566,497,right
1780323363.211989,546,right
1780323363.232157,476,right
1780323363.252995,520,right
1780323363.273575,536,right
1780323363.293999,489,right
1780323363.310583,500,right
1780323363.331006,519,right
1780323363.351589,512,right
1780323363.371591,526,right
1780323363.392594,526,right
1780323363.412597,481,right
1780323363.432161,519,right
1780323363.453171,498,right
1780323363.470025,517,right
1780323363.490608,507,right
1780323363.511030,508,right
1780323363.531154,470,right
1780323363.552037,506,right
1780323363.572619,509,right
1780323363.593042,509,right
1780323363.613625,529,right
1780323363.634163,521,right
1780323363.650630,510,right
1780323363.670633,481,right
1780323363.691635,540,right
1780323363.711638,498,right
1780323363.732061,516,right
1780323363.752644,492,right
1780323363.773067,495,right
1780323363.793649,519,right
1780323363.810072,517,right
1780323363.830151,507,right
1780323363.851077,495,right
1780323363.871660,526,right
1780323363.892184,530,right
1780323363.912666,534,right
1780323363.932225,487,right
1780323363.953171,564,right
1780323363.974094,512,right
1780323363.990676,539,right
1780323364.010679,561,right
1780323364.030189,522,right
1780323364.051685,510,right
1780323364.072108,529,right
1780323364.092191,528,right
1780323364.113180,528,right
1780323364.133580,534,right
1780323364.154005,509,right
1780323364.174700,544,right
1780323364.195123,493,right
1780323364.211707,504,right
1780323364.231704,543,right
1780323364.252712,506,right
1780323364.273170,522,right
1780323364.293718,539,right
1780323364.313720,461,right
1780323364.334723,548,right
1780323364.354171,487,right
1780323364.371150,505,right
1780323364.391660,509,right
1780323364.412155,529,right
1780323364.432360,511,right
1780323364.453169,518,right
1780323364.473743,463,right
1780323364.494166,548,right
1780323364.514749,508,right
1780323364.535172,528,right
1780323364.551754,529,right
1780323364.572177,519,right
1780323364.592760,530,right
1780323364.612156,533,right
1780323364.633765,580,right
1780323364.653172,602,right
1780323364.674191,516,right
1780323364.694773,550,right
1780323364.711196,553,right
1780323364.731152,574,right
1780323364.752169,526,right
1780323364.772784,535,right
1780323364.793171,562,right
1780323364.813067,561,right
1780323364.834213,525,right
1780323364.854795,516,right
1780323364.875173,537,right
1780323364.891151,516,right
1780323364.911623,530,right
1780323364.932156,530,right
1780323364.952361,530,right
1780323364.973232,529,right
1780323364.993814,532,right
1780323365.014171,516,right
1780323365.034820,517,right
1780323365.055172,529,right
1780323365.074987,516,right
1780323365.092152,527,right
1780323365.112831,499,right
1780323365.133254,534,right
1780323365.153154,552,right
1780323365.174185,494,right
1780323365.194842,517,right
1780323365.214938,525,right
1780323365.235847,502,right
1780323365.255172,533,right
1780323365.272273,540,right
1780323365.292856,544,right
1780323365.313279,543,right
1780323365.333158,551,right
1780323365.354351,561,right
1780323365.374867,583,right
1780323365.394928,543,right
1780323365.415873,548,right
1780323365.436296,561,right
1780323365.452878,552,right
1780323365.473154,544,right
1780323365.493743,523,right
1780323365.514226,543,right
1780323365.534889,557,right
1780323365.554350,506,right
1780323365.574982,526,right
1780323365.595968,525,right
1780323365.612076,509,right
1780323365.632902,526,right
1780323365.653171,495,right
1780323365.673153,505,right
1780323365.694468,491,right
1780323365.714473,487,right
1780323365.734478,485,right
1780323365.755422,490,right
1780323365.776426,506,right
1780323365.792925,487,right
1780323365.812476,483,right
1780323365.833157,482,right
1780323365.853172,494,right
1780323365.874936,495,right
1780323365.894921,486,right
1780323365.915483,494,right
1780323365.935968,507,right
1780323365.956199,539,right
1780323365.976972,513,right
1780323365.993372,506,right
1780323366.013923,528,right
1780323366.034378,538,right
1780323366.054172,534,right
1780323366.074978,485,right
1780323366.095969,503,right
1780323366.115967,530,right
1780323366.136971,542,right
1780323366.157381,540,right
1780323366.173149,503,right
1780323366.193980,562,right
1780323366.213931,541,right
1780323366.234986,537,right
1780323366.255447,536,right
1780323366.275970,517,right
1780323366.296414,530,right
1780323366.316997,553,right
1780323366.332527,508,right
1780323366.353148,500,right
1780323366.374424,535,right
1780323366.395007,492,right
1780323366.414940,506,right
1780323366.435965,516,right
1780323366.456195,516,right
1780323366.476548,514,right
1780323366.497021,517,right
1780323366.512940,513,right
1780323366.534026,500,right
1780323366.554449,518,right
1780323366.574973,531,right
1780323366.595455,562,right
1780323366.615253,517,right
1780323366.635965,548,right
1780323366.656344,490,right
1780323366.673467,478,right
1780323366.694154,499,right
1780323366.714472,521,right
1780323366.735054,530,right
1780323366.755424,505,right
1780323366.776137,523,right
1780323366.795965,505,right
1780323366.817159,494,right
1780323366.837068,498,right
1780323366.857340,519,right
1780323366.877146,541,right
1780323366.894359,522,right
1780323366.915161,528,right
1780323366.935356,524,right
1780323366.956182,512,right
1780323366.975970,522,right
1780323366.996968,513,right
1780323367.017146,538,right
1780323367.038148,498,right
1780323367.058174,510,right
1780323367.074969,539,right
1780323367.095104,518,right
1780323367.115966,536,right
1780323367.136156,508,right
1780323367.156355,557,right
1780323367.177115,553,right
1780323367.197160,523,right
1780323367.218148,527,right
1780323367.234162,495,right
1780323367.255172,508,right
1780323367.275180,523,right
1780323367.295968,498,right
1780323367.315967,509,right
1780323367.337137,515,right
1780323367.357188,529,right
1780323367.378163,514,right
1780323367.397972,518,right
1780323367.415148,511,right
1780323367.435151,536,right
1780323367.455201,579,right
1780323367.475360,516,right
1780323367.495969,526,right
1780323367.516971,537,right
1780323367.537166,544,right
1780323367.557377,534,right
1780323367.574590,531,right
1780323367.595173,514,right
1780323367.615596,574,right
1780323367.636178,569,right
1780323367.656173,516,right
1780323367.677145,525,right
1780323367.697145,567,right
1780323367.717976,556,right
1780323367.738147,502,right
1780323367.759193,547,right
1780323367.779196,551,right
1780323367.795621,516,right
1780323367.816233,510,right
1780323367.836626,539,right
1780323367.856406,546,right
1780323367.877144,534,right
1780323367.898160,508,right
1780323367.918146,508,right
1780323367.939219,504,right
1780323367.955172,508,right
1780323367.976272,536,right
1780323367.995966,536,right
1780323368.017144,541,right
1780323368.037144,540,right
1780323368.057773,526,right
1780323368.078145,554,right
1780323368.098146,515,right
1780323368.119322,527,right
1780323368.135667,532,right
1780323368.156148,550,right
1780323368.175960,506,right
1780323368.197180,480,right
1780323368.217144,527,right
1780323368.238145,469,right
1780323368.258173,523,right
1780323368.279160,486,right
1780323368.295269,508,right
1780323368.315965,522,right
1780323368.336163,478,right
1780323368.357173,520,right
1780323368.377144,513,right
1780323368.396996,526,right
1780323368.418147,534,right
1780323368.438146,513,right
1780323368.459292,528,right
1780323368.475153,524,right
1780323368.495965,524,right
1780323368.516720,539,right
1780323368.537163,557,right
1780323368.557172,577,right
1780323368.577484,561,right
1780323368.597969,543,right
1780323368.619344,562,right
1780323368.639737,536,right
1780323368.655172,539,right
1780323368.680320,551,right
1780323368.696745,559,right
1780323368.716967,516,right
1780323368.737144,576,right
1780323368.758198,552,right
1780323368.778145,462,right
1780323368.799339,518,right
1780323368.819760,559,right
1780323368.840343,504,right
1780323368.856206,499,right
1780323368.877143,552,right
1780323368.897143,502,right
1780323368.918146,508,right
1780323368.938146,528,right
1780323368.959361,530,right
1780323368.978955,531,right
1780323368.999959,544,right
1780323369.019964,565,right
1780323369.035967,526,right
1780323369.057171,530,right
1780323369.077143,582,right
1780323369.098003,625,right
1780323369.118145,552,right
1780323369.139175,564,right
1780323369.159808,584,right
1780323369.180179,579,right
1780323369.195965,551,right
1780323369.217143,527,right
1780323369.237157,560,right
1780323369.258172,544,right
1780323369.277997,518,right
1780323369.299408,513,right
1780323369.318967,563,right
1780323369.339144,543,right
1780323369.360416,512,right
1780323369.375949,548,right
1780323369.397180,529,right
1780323369.417143,492,right
1780323369.438144,526,right
1780323369.458173,532,right
1780323369.479144,492,right
1780323369.499855,489,right
1780323369.520438,519,right
1780323369.536440,519,right
1780323369.557173,533,right
1780323369.577157,531,right
1780323369.597142,544,right
1780323369.618144,526,right
1780323369.638145,541,right
1780323369.659457,570,right
1780323369.679144,530,right
1780323369.700463,585,right
1780323369.720884,524,right
1780323369.741467,554,right
1780323369.757188,535,right
1780323369.778144,524,right
1780323369.798145,533,right
1780323369.819479,564,right
1780323369.839903,584,right
1780323369.860485,557,right
1780323369.880907,563,right
1780323369.901453,541,right
1780323369.921494,533,right
1780323369.937142,556,right
1780323369.958202,503,right
1780323369.978153,575,right
1780323369.999504,515,right
1780323370.019927,487,right
1780323370.040510,507,right
1780323370.060933,550,right
1780323370.081515,500,right
1780323370.097142,548,right
1780323370.118143,533,right
1780323370.138144,515,right
1780323370.159526,550,right
1780323370.178943,546,right
1780323370.200531,533,right
1780323370.220535,535,right
1780323370.241537,509,right
1780323370.261619,536,right
1780323370.277142,557,right
1780323370.298005,562,right
1780323370.319258,564,right
1780323370.339551,525,right
1780323370.359974,540,right
1780323370.380113,551,right
1780323370.400980,547,right
1780323370.421486,512,right
1780323370.437141,481,right
1780323370.458174,508,right
1780323370.477989,513,right
1780323370.499573,502,right
1780323370.519576,509,right
1780323370.540579,522,right
1780323370.560581,526,right
1780323370.581005,539,right
1780323370.601587,558,right
1780323370.621181,527,right
1780323370.642145,492,right
1780323370.658174,512,right
1780323370.679143,538,right
1780323370.700021,527,right
1780323370.720603,520,right
1780323370.741027,509,right
1780323370.761609,567,right
1780323370.782032,530,right
1780323370.802614,576,right
1780323370.818144,564,right
1780323370.839010,600,right
1780323370.859622,586,right
1780323370.880143,554,right
1780323370.900629,564,right
1780323370.921051,571,right
1780323370.941601,521,right
1780323370.962057,501,right
1780323370.982205,482,right
1780323370.999142,509,right
1780323371.019645,529,right
1780323371.040068,482,right
1780323371.060650,513,right
1780323371.081074,509,right
1780323371.101143,532,right
1780323371.122079,552,right
1780323371.142661,520,right
1780323371.158188,526,right
1780323371.179129,522,right
1780323371.199669,545,right
1780323371.220093,533,right
1780323371.240675,553,right
1780323371.261098,584,right
1780323371.281680,544,right
1780323371.302104,543,right
1780323371.322211,595,right
1780323371.339143,564,right
1780323371.359691,570,right
1780323371.380115,564,right
1780323371.400697,581,right
1780323371.420700,554,right
1780323371.441144,559,right
1780323371.461705,586,right
1780323371.482164,546,right
1780323371.502146,560,right
1780323371.522219,548,right
1780323371.543715,546,right
1780323371.560139,539,right
1780323371.580722,547,right
1780323371.601145,501,right
1780323371.621728,551,right
1780323371.642151,560,right
1780323371.662733,511,right
1780323371.683159,546,right
1780323371.703737,545,right
1780323371.719741,526,right
1780323371.740744,510,right
1780323371.760746,517,right
1780323371.781169,519,right
1780323371.801752,517,right
1780323371.822229,542,right
1780323371.842758,537,right
1780323371.863177,578,right
1780323371.883764,569,right
1780323371.900186,563,right
1780323371.920769,573,right
1780323371.941192,585,right
1780323371.961774,578,right
1780323371.982216,553,right
1780323372.002780,580,right
1780323372.023239,580,right
1780323372.043786,568,right
1780323372.059788,552,right
1780323372.080210,573,right
1780323372.100793,589,right
1780323372.121216,568,right
1780323372.141589,581,right
1780323372.162222,576,right
1780323372.182212,600,right
1780323372.203207,543,right
1780323372.223171,576,right
1780323372.240233,556,right
1780323372.260815,558,right
1780323372.281239,553,right
1780323372.301821,558,right
1780323372.322244,530,right
1780323372.342827,524,right
1780323372.363250,547,right
1780323372.383832,512,right
1780323372.403832,539,right
1780323372.424255,539,right
1780323372.440840,580,right
1780323372.461263,505,right
1780323372.481846,572,right
1780323372.502269,546,right
1780323372.522852,561,right
1780323372.542588,570,right
1780323372.563857,591,right
1780323372.584279,574,right
1780323372.604862,540,right
1780323372.621286,608,right
1780323372.641868,601,right
1780323372.661870,557,right
1780323372.682142,567,right
1780323372.702876,583,right
1780323372.723299,561,right
1780323372.743147,568,right
1780323372.764305,579,right
1780323372.780141,587,right
1780323372.801311,567,right
1780323372.821893,573,right
1780323372.842316,557,right
1780323372.862898,568,right
1780323372.883209,528,right
1780323372.903904,540,right
1780323372.924327,568,right
1780323372.944845,508,right
1780323372.960912,518,right
1780323372.981915,537,right
1780323373.001917,566,right
1780323373.022340,522,right
1780323373.042923,546,right
1780323373.063346,567,right
1780323373.083158,578,right
1780323373.104352,532,right
1780323373.125220,519,right
1780323373.141357,553,right
1780323373.161939,570,right
1780323373.182362,560,right
1780323373.202945,564,right
1780323373.223368,565,right
1780323373.243951,596,right
1780323373.264374,605,right
1780323373.284956,604,right
1780323373.304966,578,right
1780323373.325225,640,right
1780323373.341579,626,right
1780323373.362387,587,right
1780323373.382186,608,right
1780323373.403393,625,right
1780323373.423976,590,right
1780323373.444399,564,right
1780323373.464981,603,right
1780323373.485403,550,right
1780323373.505989,577,right
1780323373.522410,604,right
1780323373.542992,547,right
1780323373.563415,589,right
1780323373.583149,578,right
1780323373.603143,581,right
1780323373.625244,572,right
1780323373.645006,589,right
1780323373.666008,603,right
1780323373.682011,603,right
1780323373.702556,572,right
1780323373.723017,612,right
1780323373.743440,636,right
1780323373.764023,533,right
1780323373.784446,605,right
1780323373.805157,578,right
1780323373.824908,626,right
1780323373.845962,583,right
1780323373.862177,598,right
1780323373.882203,581,right
1780323373.903145,577,right
1780323373.923156,609,right
1780323373.944047,582,right
1780323373.964470,605,right
1780323373.984157,568,right
1780323374.005170,584,right
1780323374.022058,585,right
1780323374.042481,591,right
1780323374.062210,584,right
1780323374.083487,582,right
1780323374.104069,562,right
1780323374.124493,595,right
1780323374.145141,588,right
1780323374.165498,570,right
1780323374.186157,580,right
1780323374.202083,604,right
1780323374.226939,588,right
1780323374.243170,590,right
1780323374.263511,591,right
1780323374.284094,610,right
1780323374.304517,606,right
1780323374.325038,606,right
1780323374.345523,592,right
1780323374.365960,575,right
1780323374.386527,604,right
1780323374.406210,593,right
1780323374.423534,613,right
1780323374.444116,557,right
1780323374.464539,597,right
1780323374.485122,612,right
1780323374.505202,572,right
1780323374.525904,565,right
1780323374.545962,586,right
1780323374.567133,582,right
1780323374.583149,577,right
1780323374.603145,598,right
1780323374.624141,551,right
1780323374.644564,560,right
1780323374.665147,568,right
1780323374.685570,569,right
1780323374.705414,608,right
1780323374.725901,625,right
1780323374.747137,586,right
1780323374.763580,598,right
1780323374.784146,596,right
1780323374.804145,619,right
1780323374.824899,586,right
1780323374.845171,577,right
1780323374.866174,593,right
1780323374.886177,605,right
1780323374.906197,616,right
1780323374.923145,563,right
1780323374.943605,606,right
1780323374.964178,578,right
1780323374.984611,553,right
1780323375.005147,584,right
1780323375.024897,581,right
1780323375.045961,592,right
1780323375.066622,572,right
1780323375.087137,592,right
1780323375.103143,578,right
1780323375.124210,578,right
1780323375.144213,574,right
1780323375.165179,580,right
1780323375.185218,550,right
1780323375.204962,596,right
1780323375.225896,565,right
1780323375.246647,580,right
1780323375.267136,600,right
1780323375.286960,601,right
1780323375.304235,576,right
1780323375.324658,612,right
1780323375.345240,583,right
1780323375.365663,605,right
1780323375.386246,603,right
1780323375.406669,620,right
1780323375.426896,594,right
1780323375.447136,595,right
1780323375.468138,565,right
1780323375.484259,577,right
1780323375.504682,584,right
1780323375.524892,559,right
1780323375.545688,584,right
1780323375.565372,614,right
1780323375.586694,586,right
1780323375.606404,580,right
1780323375.626893,616,right
1780323375.644282,591,right
1780323375.664705,611,right
1780323375.685287,626,right
1780323375.705743,592,right
1780323375.725892,613,right
1780323375.746716,572,right
1780323375.766958,600,right
1780323375.787136,607,right
1780323375.808153,588,right
1780323375.824306,619,right
1780323375.844729,587,right
1780323375.865312,649,right
1780323375.885735,634,right
1780323375.906172,622,right
1780323375.925890,611,right
1780323375.947149,607,right
1780323375.967175,628,right
1780323375.984328,591,right
1780323376.004751,661,right
1780323376.024888,593,right
1780323376.045757,576,right
1780323376.066339,601,right
1780323376.085957,646,right
1780323376.107172,577,right
1780323376.127151,608,right
1780323376.147178,593,right
1780323376.168204,630,right
1780323376.188137,587,right
1780323376.205154,592,right
1780323376.224886,600,right
1780323376.245957,604,right
1780323376.265957,588,right
1780323376.286959,598,right
1780323376.307172,600,right
1780323376.328154,644,right
1780323376.348138,600,right
1780323376.369003,597,right
1780323376.385383,640,right
1780323376.406236,621,right
1780323376.425886,620,right
1780323376.445958,583,right
1780323376.467135,625,right
1780323376.487135,612,right
1780323376.508174,575,right
1780323376.528136,622,right
1780323376.545405,645,right
1780323376.565176,598,right
1780323376.585957,570,right
1780323376.605973,618,right
1780323376.627135,604,right
1780323376.647135,604,right
1780323376.668138,585,right
1780323376.688964,632,right
1780323376.709429,602,right
1780323376.724881,568,right
1780323376.745854,610,right
1780323376.766436,598,right
1780323376.786859,611,right
1780323376.807201,584,right
1780323376.827149,566,right
1780323376.848137,580,right
1780323376.868136,570,right
1780323376.885453,599,right
1780323376.905150,592,right
1780323376.925882,581,right
1780323376.946881,561,right
1780323376.967134,596,right
1780323376.987134,595,right
1780323377.008142,554,right
1780323377.027881,556,right
1780323377.049475,584,right
1780323377.069136,594,right
1780323377.089899,583,right
1780323377.106332,548,right
1780323377.126906,585,right
1780323377.147134,566,right
1780323377.167295,561,right
1780323377.188254,535,right
1780323377.208258,560,right
1780323377.229410,594,right
1780323377.249922,539,right
1780323377.266505,594,right
1780323377.286928,553,right
1780323377.307176,569,right
1780323377.327149,567,right
1780323377.348151,573,right
1780323377.368526,548,right
1780323377.388135,572,right
1780323377.409524,566,right
1780323377.429948,569,right
1780323377.445956,597,right
1780323377.466953,550,right
1780323377.486957,565,right
1780323377.507347,541,right
1780323377.528150,616,right
1780323377.548136,570,right
1780323377.569178,588,right
1780323377.589970,592,right
1780323377.610552,570,right
1780323377.625875,607,right
1780323377.647148,583,right
1780323377.666957,560,right
1780323377.687134,551,right
1780323377.708181,557,right
1780323377.728135,583,right
1780323377.749572,586,right
1780323377.769994,556,right
1780323377.785956,551,right
1780323377.806160,588,right
1780323377.827133,576,right
1780323377.847133,572,right
1780323377.868136,558,right
1780323377.889011,589,right
1780323377.909594,548,right
1780323377.930135,568,right
1780323387.052273,489,right
1780323387.072855,535,right
1780323387.092847,540,right
1780323387.109861,540,right
1780323387.129176,496,right
1780323387.150287,498,right
1780323387.170664,547,right
1780323387.191343,541,right
1780323387.211874,507,right
1780323387.231976,499,right
1780323387.252880,542,right
1780323387.273340,527,right
1780323387.293886,553,right
1780323387.314359,493,right
1780323387.330139,502,right
1780323387.351314,526,right
1780323387.371897,498,right
1780323387.392174,515,right
1780323387.412903,520,right
1780323387.433144,535,right
1780323387.453547,516,right
1780323387.473911,478,right
1780323387.494914,520,right
1780323387.514917,526,right
1780323387.535339,509,right
1780323387.551922,550,right
1780323387.572345,518,right
1780323387.593181,525,right
1780323387.613364,498,right
1780323387.633933,468,right
1780323387.654173,507,right
1780323387.674782,542,right
1780323387.695361,509,right
1780323387.715173,488,right
1780323387.735943,527,right
1780323387.752949,499,right
1780323387.772952,499,right
1780323387.793344,467,right
1780323387.813957,501,right
1780323387.834380,542,right
1780323387.854172,508,right
1780323387.874780,467,right
1780323387.895911,526,right
1780323387.916154,493,right
1780323387.932172,539,right
1780323387.953171,534,right
1780323387.973980,517,right
1780323387.994403,493,right
1780323388.014986,511,right
1780323388.035408,545,right
1780323388.055796,504,right
1780323388.075780,468,right
1780323388.092416,544,right
1780323388.112999,529,right
1780323388.133142,511,right
1780323388.153171,534,right
1780323388.174428,564,right
1780323388.195010,543,right
1780323388.215433,506,right
1780323388.236115,510,right
1780323388.256500,463,right
1780323388.272507,511,right
1780323388.293444,502,right
1780323388.313740,506,right
1780323388.334532,490,right
1780323388.354139,495,right
1780323388.374775,489,right
1780323388.395943,486,right
1780323388.416125,484,right
1780323388.432463,536,right
1780323388.452437,488,right
1780323388.473171,502,right
1780323388.494051,495,right
1780323388.514474,549,right
1780323388.535057,538,right
1780323388.555386,517,right
1780323388.575777,516,right
1780323388.596486,549,right
1780323388.616529,545,right
1780323388.637186,515,right
1780323388.653171,562,right
1780323388.674085,541,right
1780323388.695079,522,right
1780323388.715082,485,right
1780323388.735370,529,right
1780323388.755369,512,right
1780323388.776323,512,right
1780323388.797092,494,right
1780323388.817121,540,right
1780323388.834138,503,right
1780323388.854348,522,right
1780323388.874771,481,right
1780323388.895527,512,right
1780323388.916123,521,right
1780323388.935942,509,right
1780323388.956351,542,right
1780323388.977121,570,right
1780323388.994120,529,right
1780323389.014123,533,right
1780323389.034546,499,right
1780323389.054377,501,right
1780323389.075128,526,right
1780323389.096134,514,right
1780323389.116557,493,right
1780323389.137135,504,right
1780323389.157173,551,right
1780323389.174145,509,right
1780323389.194568,517,right
1780323389.215151,511,right
1780323389.235574,495,right
1780323389.256171,509,right
1780323389.275769,528,right
1780323389.297121,501,right
1780323389.317164,501,right
1780323389.333587,535,right
1780323389.353341,482,right
1780323389.374593,494,right
1780323389.395175,527,right
1780323389.415598,509,right
1780323389.436237,501,right
1780323389.456604,471,right
1780323389.477135,493,right
1780323389.497121,542,right
1780323389.518123,493,right
1780323389.538123,526,right
1780323389.555173,507,right
1780323389.574765,543,right
1780323389.595944,509,right
1780323389.616215,502,right
1780323389.637120,531,right
1780323389.656548,485,right
1780323389.678122,534,right
1780323389.698123,499,right
1780323389.714368,514,right
1780323389.735222,521,right
1780323389.755175,500,right
1780323389.775765,522,right
1780323389.796651,488,right
1780323389.817120,538,right
1780323389.837120,541,right
1780323389.858172,448,right
1780323389.878136,508,right
1780323389.895244,514,right
1780323389.915247,491,right
1780323389.936249,499,right
1780323389.955572,520,right
1780323389.976763,582,right
1780323389.997120,517,right
1780323390.017120,518,right
1780323390.038138,497,right
1780323390.054435,514,right
1780323390.074760,504,right
1780323390.095692,492,right
1780323390.116124,554,right
1780323390.136138,540,right
1780323390.157182,508,right
1780323390.177761,513,right
1780323390.198135,553,right
1780323390.218121,503,right
1780323390.235291,484,right
1780323390.255171,545,right
1780323390.275760,493,right
1780323390.296299,525,right
1780323390.316722,485,right
1780323390.336941,525,right
1780323390.357354,469,right
1780323390.378120,538,right
1780323390.398180,477,right
1780323390.419313,524,right
1780323390.439738,545,right
1780323390.456192,524,right
1780323390.476745,557,right
1780323390.497134,509,right
1780323390.517119,501,right
1780323390.538121,540,right
1780323390.558404,527,right
1780323390.579134,536,right
1780323390.599340,526,right
1780323390.615465,498,right
1780323390.636346,485,right
1780323390.656172,530,right
1780323390.677119,522,right
1780323390.696941,505,right
1780323390.718121,526,right
1780323390.738187,521,right
1780323390.759365,526,right
1780323390.779120,568,right
1780323390.796112,517,right
1780323390.816300,527,right
1780323390.837318,532,right
1780323390.857173,531,right
1780323390.877903,529,right
1780323390.898120,492,right
1780323390.919120,520,right
1780323390.939388,513,right
1780323390.955173,518,right
1780323390.975754,499,right
1780323390.995941,547,right
1780323391.017119,514,right
1780323391.037119,469,right
1780323391.058257,516,right
1780323391.078136,529,right
1780323391.099410,534,right
1780323391.119121,517,right
1780323391.136187,509,right
1780323391.156479,537,right
1780323391.177118,521,right
1780323391.197119,492,right
1780323391.217118,537,right
1780323391.238120,512,right
1780323391.258173,511,right
1780323391.279120,507,right
1780323391.299856,479,right
1780323391.320121,516,right
1780323391.336863,507,right
1780323391.357173,534,right
1780323391.377118,499,right
1780323391.398129,527,right
1780323391.418120,531,right
1780323391.439457,523,right
1780323391.459880,479,right
1780323391.480461,520,right
1780323391.500473,539,right
1780323391.516941,515,right
1780323391.537118,519,right
1780323391.557364,512,right
1780323391.578121,513,right
1780323391.598941,513,right
1780323391.619482,488,right
1780323391.639905,494,right
1780323391.660488,522,right
1780323391.680910,513,right
1780323391.697118,503,right
1780323391.717118,517,right
1780323391.738180,477,right
1780323391.758194,522,right
1780323391.779134,545,right
1780323391.799927,502,right
1780323391.820509,497,right
1780323391.840512,482,right
1780323391.856172,512,right
1780323391.877118,526,right
1780323391.897118,494,right
1780323391.918120,518,right
1780323391.938120,501,right
1780323391.959528,517,right
1780323391.979120,545,right
1780323392.000535,489,right
1780323392.020957,496,right
1780323392.037118,519,right
1780323392.057324,486,right
1780323392.078175,494,right
1780323392.098119,506,right
1780323392.119551,462,right
1780323392.139554,508,right
1780323392.159976,518,right
1780323392.180559,527,right
1780323392.200979,517,right
1780323392.221562,513,right
1780323392.237117,522,right
1780323392.258174,470,right
1780323392.278177,476,right
1780323392.299576,496,right
1780323392.319999,514,right
1780323392.339942,533,right
1780323392.361004,494,right
1780323392.381585,510,right
1780323392.401134,535,right
1780323392.418632,502,right
1780323392.437978,491,right
1780323392.458241,535,right
1780323392.479173,488,right
1780323392.500023,473,right
1780323392.520606,484,right
1780323392.541029,481,right
1780323392.561611,469,right
1780323392.578135,492,right
1780323392.598119,523,right
1780323392.619120,487,right
1780323392.639622,518,right
1780323392.660045,554,right
1780323392.680084,508,right
1780323392.701051,507,right
1780323392.721634,542,right
1780323392.742057,517,right
1780323392.758245,544,right
1780323392.778739,520,right
1780323392.799119,536,right
1780323392.819647,503,right
1780323392.840070,502,right
1780323392.860653,498,right
1780323392.881174,536,right
1780323392.901658,499,right
1780323392.917977,468,right
1780323392.938119,484,right
1780323392.958431,517,right
1780323392.979669,478,right
1780323393.000092,499,right
1780323393.020675,502,right
1780323393.040677,468,right
1780323393.061680,472,right
1780323393.081683,468,right
1780323393.098132,472,right
1780323393.118118,473,right
1780323393.139118,525,right
1780323393.159693,491,right
1780323393.180229,499,right
1780323393.200700,475,right
1780323393.221123,490,right
1780323393.241705,515,right
1780323393.262126,482,right
1780323393.282126,476,right
1780323393.303170,536,right
1780323393.319716,513,right
1780323393.339719,502,right
1780323393.360721,465,right
1780323393.380724,529,right
1780323393.401148,518,right
1780323393.421438,520,right
1780323393.442153,511,right
1780323393.462735,495,right
1780323393.479117,552,right
1780323393.499741,523,right
1780323393.520164,532,right
1780323393.540746,438,right
1780323393.561169,548,right
1780323393.581752,532,right
1780323393.602175,472,right
1780323393.622124,489,right
1780323393.643193,515,right
1780323393.659763,504,right
1780323393.679118,497,right
1780323393.700189,466,right
1780323393.720771,535,right
1780323393.741194,476,right
1780323393.761776,532,right
1780323393.782179,450,right
1780323393.802782,459,right
1780323393.819205,510,right
1780323393.839787,507,right
1780323393.860024,520,right
1780323393.880794,498,right
1780323393.901217,479,right
1780323393.921799,504,right
1780323393.942222,487,right
1780323393.962805,474,right
1780323393.982178,498,right
1780323393.999230,534,right
1780323394.019812,508,right
1780323394.040235,484,right
1780323394.060818,517,right
1780323394.081241,511,right
1780323394.101824,527,right
1780323394.122247,486,right
1780323394.142829,502,right
1780323394.163254,496,right
1780323394.183833,506,right
1780323394.200258,506,right
1780323394.220840,482,right
1780323394.241263,459,right
1780323394.261846,493,right
1780323394.281244,519,right
1780323394.302136,493,right
1780323394.322213,502,right
1780323394.342389,510,right
1780323394.363859,549,right
1780323394.380282,527,right
1780323394.400865,606,right
1780323394.420874,628,right
1780323394.441870,610,right
1780323394.462293,630,right
1780323394.482177,655,right
1780323394.503299,636,right
1780323394.523882,654,right
1780323394.540304,601,right
1780323394.560887,639,right
1780323394.580890,628,right
1780323394.601892,630,right
1780323394.621895,625,right
1780323394.642319,565,right
1780323394.662339,568,right
1780323394.683324,541,right
1780323394.703171,510,right
1780323394.720329,514,right
1780323394.740912,483,right
1780323394.761334,449,right
1780323394.781917,431,right
1780323394.802340,423,right
1780323394.822923,397,right
1780323394.843346,369,right
1780323394.863928,422,right
1780323394.884351,369,right
1780323394.900934,370,right
1780323394.920936,388,right
1780323394.941360,396,right
1780323394.961942,432,right
1780323394.982233,426,right
1780323395.002948,452,right
1780323395.023371,449,right
1780323395.043953,439,right
1780323395.064374,412,right
1780323395.084957,423,right
1780323395.101381,432,right
1780323395.121964,456,right
1780323395.142382,442,right
1780323395.162970,497,right
1780323395.183393,486,right
1780323395.203157,513,right
1780323395.223091,481,right
1780323395.244981,512,right
1780323395.264983,522,right
1780323395.281371,504,right
1780323395.301762,492,right
1780323395.322235,562,right
1780323395.342144,487,right
1780323395.363418,481,right
1780323395.384000,506,right
1780323395.404423,475,right
1780323395.424712,470,right
1780323395.441378,479,right
1780323395.462011,508,right
1780323395.482216,498,right
1780323395.503016,520,right
1780323395.523019,512,right
1780323395.543363,539,right
1780323395.564025,525,right
1780323395.584448,543,right
1780323395.605189,553,right
1780323395.621291,509,right
1780323395.641453,522,right
1780323395.662490,536,right
1780323395.683082,553,right
1780323395.703130,559,right
1780323395.724135,548,right
1780323395.744401,535,right
1780323395.765086,551,right
1780323395.781179,517,right
1780323395.802008,522,right
1780323395.821516,511,right
1780323395.843174,522,right
1780323395.862748,528,right
1780323395.883256,515,right
1780323395.904030,509,right
1780323395.924353,550,right
1780323395.945077,538,right
1780323395.965262,503,right
1780323395.985937,527,right
1780323396.002278,503,right
1780323396.022542,518,right
1780323396.043546,530,right
1780323396.063324,546,right
1780323396.084008,532,right
1780323396.105099,515,right
1780323396.124705,524,right
1780323396.145934,531,right
1780323396.166062,487,right
1780323396.182369,502,right
1780323396.203169,535,right
1780323396.223171,527,right
1780323396.244231,489,right
1780323396.264498,540,right
1780323396.285172,526,right
1780323396.305477,490,right
1780323396.326166,522,right
1780323396.342638,521,right
1780323396.362518,515,right
1780323396.383532,509,right
1780323396.403432,528,right
1780323396.424433,547,right
1780323396.445131,562,right
1780323396.465149,519,right
1780323396.486295,497,right
1780323396.505300,536,right
1780323396.522178,541,right
1780323396.542370,500,right
1780323396.563502,509,right
1780323396.584165,514,right
1780323396.604588,507,right
1780323396.625172,511,right
1780323396.645334,507,right
1780323396.666316,537,right
1780323396.682173,529,right
1780323396.703182,524,right
1780323396.723604,530,right
1780323396.744187,528,right
1780323396.764172,546,right
1780323396.785239,571,right
1780323396.805196,506,right
1780323396.825701,517,right
1780323396.845921,542,right
1780323396.866446,517,right
1780323396.886846,493,right
1780323396.903492,544,right
1780323396.924001,511,right
1780323396.944538,512,right
1780323396.964589,486,right
1780323396.985594,519,right
1780323397.005598,504,right
1780323397.026210,505,right
1780323397.047229,533,right
1780323397.062802,526,right
1780323397.084234,547,right
1780323397.104153,545,right
1780323397.124660,538,right
1780323397.145220,535,right
1780323397.165173,537,right
1780323397.186021,526,right
1780323397.205847,505,right
1780323397.226851,531,right
1780323397.243818,487,right
1780323397.264172,529,right
1780323397.284677,536,right
1780323397.304923,497,right
1780323397.325129,535,right
1780323397.345133,547,right
1780323397.366171,508,right
1780323397.386616,557,right
1780323397.402620,567,right
1780323397.423625,561,right
1780323397.444283,544,right
1780323397.464179,568,right
1780323397.484691,559,right
1780323397.505464,553,right
1780323397.526432,542,right
1780323397.546436,547,right
1780323397.566984,591,right
1780323397.583513,535,right
1780323397.604107,512,right
1780323397.624161,552,right
1780323397.645166,547,right
1780323397.665170,523,right
1780323397.685681,508,right
1780323397.705686,541,right
1780323397.727259,519,right
1780323397.747264,519,right
1780323397.767726,487,right
1780323397.787752,506,right
1780323397.804755,481,right
1780323397.824761,529,right
1780323397.845765,519,right
1780323397.866380,483,right
1780323397.886007,506,right
1780323397.907471,521,right
1780323397.927194,508,right
1780323397.948198,532,right
1780323397.964051,506,right
1780323397.984740,508,right
1780323398.004762,508,right
1780323398.026417,501,right
1780323398.046480,515,right
1780323398.066116,499,right
1780323398.087121,507,right
1780323398.107880,514,right
1780323398.127881,523,right
1780323398.144884,512,right
1780323398.164889,546,right
1780323398.185155,489,right
1780323398.206219,521,right
1780323398.226279,552,right
1780323398.247280,558,right
1780323398.267285,511,right
1780323398.288414,544,right
1780323398.303605,564,right
1780323398.324614,513,right
1780323398.344615,528,right
1780323398.365619,514,right
1780323398.386130,513,right
1780323398.406134,503,right
1780323398.427140,522,right
1780323398.447145,557,right
1780323398.468148,547,right
1780323398.484243,540,right
1780323398.504791,497,right
1780323398.525796,543,right
1780323398.545799,520,right
1780323398.566931,546,right
1780323398.587441,523,right
1780323398.607931,534,right
1780323398.628171,543,right
1780323398.644449,550,right
1780323398.664872,539,right
1780323398.685455,539,right
1780323398.705192,558,right
1780323398.726461,522,right
1780323398.746930,552,right
1780323398.767466,560,right
1780323398.787889,579,right
1780323398.808179,570,right
1780323398.828171,578,right
1780323398.849476,546,right
1780323398.865928,565,right
1780323398.886482,554,right
1780323398.906174,557,right
1780323398.927488,533,right
1780323398.947491,540,right
1780323398.968171,526,right
1780323398.988172,521,right
1780323399.008180,494,right
1780323399.025502,507,right
1780323399.045931,521,right
1780323399.066508,490,right
1780323399.086953,520,right
1780323399.107513,517,right
1780323399.127937,543,right
1780323399.148172,525,right
1780323399.168496,506,right
1780323399.189524,530,right
1780323399.205191,544,right
1780323399.226529,502,right
1780323399.245933,497,right
1780323399.267535,513,right
1780323399.287538,536,right
1780323399.307271,521,right
1780323399.328172,495,right
1780323399.348172,509,right
1780323399.369549,513,right
1780323399.385182,491,right
1780323399.406208,509,right
1780323399.426978,473,right
1780323399.447510,537,right
1780323399.467983,493,right
1780323399.488171,514,right
1780323399.508826,521,right
1780323399.529172,515,right
1780323399.545573,530,right
1780323399.565996,551,right
1780323399.586368,529,right
1780323399.607002,547,right
1780323399.627585,511,right
1780323399.647676,530,right
1780323399.668409,526,right
1780323399.688934,532,right
1780323399.709110,509,right
1780323399.729171,459,right
1780323399.750380,529,right
1780323399.766669,530,right
1780323399.787233,501,right
1780323399.808198,497,right
1780323399.828170,518,right
1780323399.848170,509,right
1780323399.869618,528,right
1780323399.889429,482,right
1780323399.910623,507,right
1780323399.926626,527,right
1780323399.947048,548,right
1780323399.967631,530,right
1780323399.988055,508,right
1780323400.008170,527,right
1780323400.028171,540,right
1780323400.049643,538,right
1780323400.070066,508,right
1780323400.090648,563,right
1780323400.107073,520,right
1780323400.127653,510,right
1780323400.147656,535,right
1780323400.168176,533,right
1780323400.188370,523,right
1780323400.209665,542,right
1780323400.229667,519,right
1780323400.249936,558,right
1780323400.266672,571,right
1780323400.287095,575,right
1780323400.306941,538,right
1780323400.328170,538,right
1780323400.348171,547,right
1780323400.369171,535,right
1780323400.389689,537,right
1780323400.410113,533,right
1780323400.430695,522,right
1780323400.445936,531,right
1780323400.467700,551,right
1780323400.487703,529,right
1780323400.507366,539,right
1780323400.528171,539,right
1780323400.549171,489,right
1780323400.569171,524,right
1780323400.590181,539,right
1780323400.610718,505,right
1780323400.630191,487,right
1780323400.651724,526,right
1780323400.668170,512,right
1780323400.688172,523,right
1780323400.709186,502,right
1780323400.729177,489,right
1780323400.749961,533,right
1780323400.770742,527,right
1780323400.791164,492,right
1780323400.811747,488,right
1780323400.827750,548,right
1780323400.848176,464,right
1780323400.868171,536,right
1780323400.889179,487,right
1780323400.909761,522,right
1780323400.930174,494,right
1780323400.950767,503,right
1780323400.971190,513,right
1780323400.991773,500,right
1780323401.007400,513,right
1780323401.028394,503,right
1780323401.049201,490,right
1780323401.069783,554,right
1780323401.089795,601,right
1780323401.110789,642,right
1780323401.130179,652,right
1780323401.151794,668,right
1780323401.166935,684,right
1780323401.188171,722,right
1780323401.208199,685,right
1780323401.228652,637,right
1780323401.249808,690,right
1780323401.270231,631,right
1780323401.290814,598,right
1780323401.311237,592,right
1780323401.331177,544,right
1780323401.348171,566,right
1780323401.368950,558,right
1780323401.388171,498,right
1780323401.409830,474,right
1780323401.429937,524,right
1780323401.450836,490,right
1780323401.470838,492,right
1780323401.491262,433,right
1780323401.511841,499,right
1780323401.532193,469,right
1780323401.548171,483,right
1780323401.569272,415,right
1780323401.589855,497,right
1780323401.610278,471,right
1780323401.630109,420,right
1780323401.651284,475,right
1780323401.671362,480,right
1780323401.692288,462,right
1780323401.712871,466,right
1780323401.728172,480,right
1780323401.749297,448,right
1780323401.769879,473,right
1780323401.790303,429,right
1780323401.810885,473,right
1780323401.831308,521,right
1780323401.851891,489,right
1780323401.872314,460,right
1780323401.888171,505,right
1780323401.909319,513,right
1780323401.929902,461,right
1780323401.950325,486,right
1780323401.970907,480,right
1780323401.991319,504,right
1780323402.011913,473,right
1780323402.032179,488,right
1780323402.052918,493,right
1780323402.068177,479,right
1780323402.089344,484,right
1780323402.109926,556,right
1780323402.129967,478,right
1780323402.150932,537,right
1780323402.171179,495,right
1780323402.191938,557,right
1780323402.212361,497,right
1780323402.228170,525,right
1780323402.249221,519,right
1780323402.269948,509,right
1780323402.290371,483,right
1780323402.310954,538,right
1780323402.330587,493,right
1780323402.351959,483,right
1780323402.371962,529,right
1780323402.392965,495,right
1780323402.412965,481,right
1780323402.433388,486,right
1780323402.449172,460,right
1780323402.470397,507,right
1780323402.491080,501,right
1780323402.511402,449,right
1780323402.531930,486,right
1780323402.552407,505,right
1780323402.573170,529,right
1780323402.593412,513,right
1780323402.613995,523,right
1780323402.629998,562,right
1780323402.650172,560,right
1780323402.671004,566,right
1780323402.691427,560,right
1780323402.711189,545,right
1780323402.732219,535,right
1780323402.753015,509,right
1780323402.773172,557,right
1780323402.790020,531,right
1780323402.810443,520,right
1780323402.831026,483,right
1780323402.851449,526,right
1780323402.872031,506,right
1780323402.892455,498,right
1780323402.912189,509,right
1780323402.933460,503,right
1780323402.953330,484,right
1780323402.970045,497,right
1780323402.989687,447,right
1780323403.010961,491,right
1780323403.031474,492,right
1780323403.052056,466,right
1780323403.072479,467,right
1780323403.093170,494,right
1780323403.112983,481,right
1780323403.130107,487,right
1780323403.150490,476,right
1780323403.171072,504,right
1780323403.191496,496,right
1780323403.212078,502,right
1780323403.232186,504,right
1780323403.253184,501,right
1780323403.273172,506,right
1780323403.294090,499,right
1780323403.314117,484,right
1780323403.334513,480,right
1780323403.351097,484,right
1780323403.371521,501,right
1780323403.392103,473,right
1780323403.412526,486,right
1780323403.433169,504,right
1780323403.453184,490,right
1780323403.474113,497,right
1780323403.494536,447,right
1780323403.511174,471,right
1780323403.531619,453,right
1780323403.552125,468,right
1780323403.572175,465,right
1780323403.593170,440,right
1780323403.613181,484,right
1780323403.633556,420,right
1780323403.654172,472,right
1780323403.674562,479,right
1780323403.691144,489,right
1780323403.711568,446,right
1780323403.732150,472,right
1780323403.752573,468,right
1780323403.773170,465,right
1780323403.793579,450,right
1780323403.814153,501,right
1780323403.834584,473,right
1780323403.855167,480,right
1780323403.871169,477,right
1780323403.892172,465,right
1780323403.912175,472,right
1780323403.932268,464,right
1780323403.953171,472,right
1780323403.973603,501,right
1780323403.994269,497,right
1780323404.014609,508,right
1780323404.031191,501,right
1780323404.051175,485,right
1780323404.072197,467,right
1780323404.092620,473,right
1780323404.113185,480,right
1780323404.132931,463,right
1780323404.153935,448,right
1780323404.173939,488,right
1780323404.194946,469,right
1780323404.214951,456,right
1780323404.236017,442,right
1780323404.252016,486,right
1780323404.272018,478,right
1780323404.293025,465,right
1780323404.313601,467,right
1780323404.333605,488,right
1780323404.354656,479,right
1780323404.375174,472,right
1780323404.395660,471,right
1780323404.412243,498,right
1780323404.432174,468,right
1780323404.453145,489,right
1780323404.473672,458,right
1780323404.494255,469,right
1780323404.514257,469,right
1780323404.535260,461,right
1780323404.555174,477,right
1780323404.576266,516,right
1780323404.592268,468,right
1780323404.612691,478,right
1780323404.633177,472,right
1780323404.653180,504,right
1780323404.674279,469,right
1780323404.694703,452,right
1780323404.715286,508,right
1780323404.735708,496,right
1780323404.752290,475,right
1780323404.772713,496,right
1780323404.793296,510,right
1780323404.813205,456,right
1780323404.834301,481,right
1780323404.854177,472,right
1780323404.874728,501,right
1780323404.895310,482,right
1780323404.915733,487,right
1780323404.932175,478,right
1780323404.952738,480,right
1780323404.973172,505,right
1780323404.993744,470,right
1780323405.014326,483,right
1780323405.034749,487,right
1780323405.055192,492,right
1780323405.075625,472,right
1780323405.092337,479,right
1780323405.112238,483,right
1780323405.137296,508,right
1780323405.153170,493,right
1780323405.172971,488,right
1780323405.194351,467,right
1780323405.214774,502,right
1780323405.234944,478,right
1780323405.255198,480,right
1780323405.275920,514,right
1780323405.296784,459,right
1780323405.312999,516,right
1780323405.333791,462,right
1780323405.354173,512,right
1780323405.374796,507,right
1780323405.395182,490,right
1780323405.415802,448,right
1780323405.436384,499,right
1780323405.456198,473,right
1780323405.477390,507,right
1780323405.493392,492,right
1780323405.513815,469,right
1780323405.534398,512,right
1780323405.554174,500,right
1780323405.575175,497,right
1780323405.595827,507,right
1780323405.615924,489,right
1780323405.636179,507,right
1780323405.653178,486,right
1780323405.673837,496,right
1780323405.694420,481,right
1780323405.714178,517,right
1780323405.735425,530,right
1780323405.755120,510,right
1780323405.776309,510,right
1780323405.796434,539,right
1780323405.816925,510,right
1780323405.833439,515,right
1780323405.853174,493,right
1780323405.874444,527,right
1780323405.894868,508,right
1780323405.915451,501,right
1780323405.935923,510,right
1780323405.956216,489,right
1780323405.976879,491,right
1780323405.993461,540,right
1780323406.013884,513,right
1780323406.034467,524,right
1780323406.054200,519,right
1780323406.075173,537,right
1780323406.094998,488,right
