rms,mav,zc,wl,std,c_rms,c_mav,c_zc,c_wl,c_std,mean,median,min,max,ptp,q25,q75,iemg
518.2678265144384,518.02,16.0,712.0,16.025592032745624,16.025592032745624,12.94,16.0,712.0,16.025592032745624,518.02,518.5,490.0,556.0,66.0,505.25,531.0,647.0
506.741413346097,506.02,15.0,804.0,27.02997595263451,27.02997595263451,19.3376,15.0,804.0,27.02997595263451,506.02,508.0,428.0,571.0,143.0,497.0,520.75,966.88
506.06521318897234,505.5102040816327,25.0,1174.0,23.69458945299761,23.69458945299761,18.927946688879636,25.0,1174.0,23.69458945299761,505.5102040816327,507.0,455.0,577.0,122.0,485.0,520.0,927.469387755102
489.79865250937553,487.52,17.0,1746.0,47.19077876026205,47.19077876026205,32.6992,17.0,1746.0,47.19077876026205,487.52,489.0,379.0,656.0,277.0,467.0,504.75,1634.96
504.7081731060039,504.54,25.0,804.0,13.027985262503178,13.027985262503178,11.063200000000002,25.0,804.0,13.027985262503178,504.54,502.5,479.0,534.0,55.0,494.25,516.75,553.1600000000001
522.5210809144451,522.32,10.0,520.0,14.494743874936182,14.494743874936182,11.96,10.0,520.0,14.494743874936184,522.32,522.5,492.0,555.0,63.0,512.25,533.0,598.0
496.8414636481138,496.6,13.0,611.0,15.488059917239472,15.488059917239472,12.304,13.0,611.0,15.488059917239474,496.6,494.5,472.0,534.0,62.0,485.5,503.75,615.2
505.8613446390226,505.74,28.0,658.0,11.079368213034533,11.079368213034533,8.679200000000002,28.0,658.0,11.079368213034533,505.74,505.0,486.0,538.0,52.0,497.25,511.0,433.96
527.740163337982,527.2,15.0,961.0,23.871321706181245,23.871321706181245,19.296000000000003,15.0,961.0,23.871321706181245,527.2,525.5,473.0,579.0,106.0,511.5,543.75,964.8000000000002
512.4615692908103,512.34,24.0,582.0,11.161738215887343,11.161738215887343,8.873600000000001,24.0,582.0,11.161738215887343,512.34,511.0,485.0,544.0,59.0,505.0,518.75,443.68000000000006
545.4066189550691,542.78,9.0,1421.0,53.46261871625819,53.46261871625819,42.9224,9.0,1421.0,53.46261871625819,542.78,533.0,418.0,707.0,289.0,501.75,572.5,2146.12
489.0604666091914,488.74,29.0,1015.0,17.70176262410046,17.70176262410046,13.9904,29.0,1015.0,17.70176262410046,488.74,489.5,451.0,537.0,86.0,479.25,501.25,699.52
519.1807392421256,519.08,23.0,563.0,10.22710125108772,10.22710125108772,8.243200000000002,23.0,563.0,10.22710125108772,519.08,518.5,490.0,536.0,46.0,512.25,525.0,412.1600000000001
506.2249842647808,503.8979591836735,5.0,1312.0,48.482795138136346,48.482795138136346,40.88796334860474,5.0,1312.0,48.482795138136346,503.8979591836735,511.0,396.0,591.0,195.0,469.0,541.0,2003.5102040816323
506.3674357618192,505.98,17.0,907.0,19.804534834224203,19.804534834224203,16.499200000000002,17.0,907.0,19.804534834224206,505.98,502.0,465.0,552.0,87.0,492.25,519.75,824.96
521.3192057518256,520.8979591836735,23.0,1221.0,20.953052379029028,20.953052379029028,17.332778009162848,23.0,1221.0,20.953052379029028,520.8979591836735,525.0,469.0,567.0,98.0,505.0,535.0,849.3061224489795
464.9228323066098,464.88,19.0,260.0,6.310752728478592,6.310752728478592,4.7296000000000005,19.0,260.0,6.310752728478592,464.88,465.0,452.0,483.0,31.0,460.25,468.0,236.48
502.81933137062265,502.6,26.0,856.0,14.849915824677256,14.849915824677256,11.968000000000002,26.0,856.0,14.849915824677256,502.6,502.0,480.0,547.0,67.0,491.0,512.0,598.4000000000001
515.3192990758254,514.78,28.0,1280.0,23.569717859999933,23.569717859999933,18.82,28.0,1280.0,23.569717859999933,514.78,514.5,450.0,558.0,108.0,498.25,531.0,941.0
513.4903699194367,512.96,27.0,1459.0,23.33234664580484,23.33234664580484,19.1216,27.0,1459.0,23.332346645804837,512.96,514.0,469.0,565.0,96.0,496.25,527.0,956.08
493.1905514098988,493.08,28.0,625.0,10.44191553308108,10.44191553308108,8.473600000000001,28.0,625.0,10.441915533081085,493.08,495.0,473.0,522.0,49.0,485.25,499.75,423.68000000000006
530.3702668890857,528.62,15.0,1490.0,43.05247495789296,43.05247495789296,36.2296,15.0,1490.0,43.05247495789296,528.62,526.0,440.0,624.0,184.0,496.25,561.25,1811.48
495.88235108990216,495.7959183673469,28.0,555.0,9.258156011216812,9.258156011216812,7.285297792586421,28.0,555.0,9.258156011216812,495.7959183673469,494.0,479.0,518.0,39.0,490.0,501.0,356.97959183673464
515.8203757123209,515.1,27.0,1570.0,27.251605457293703,27.251605457293703,21.868,27.0,1570.0,27.251605457293707,515.1,513.5,457.0,587.0,130.0,494.25,530.75,1093.4
503.73205138430166,502.265306122449,20.0,1921.0,38.41278247614133,38.41278247614133,29.119533527696795,20.0,1921.0,38.41278247614133,502.265306122449,494.0,431.0,619.0,188.0,482.0,523.0,1426.857142857143
520.6034575375004,520.44,31.0,838.0,13.044784398371636,13.044784398371636,10.315200000000004,31.0,838.0,13.044784398371634,520.44,519.0,494.0,549.0,55.0,512.5,527.0,515.7600000000002
515.067626627805,513.9,20.0,1740.0,34.66193878016635,34.66193878016635,26.616000000000003,20.0,1740.0,34.66193878016635,513.9,513.0,438.0,626.0,188.0,492.25,529.75,1330.8000000000002
499.298507908846,499.0,7.0,587.0,17.26267650163207,17.26267650163207,14.0,7.0,587.0,17.26267650163207,499.0,495.0,464.0,539.0,75.0,487.25,512.75,700.0
477.93240107780935,477.7,24.0,773.0,14.902684321960256,14.902684321960256,11.62,24.0,773.0,14.902684321960256,477.7,477.5,434.0,512.0,78.0,470.0,486.0,581.0
538.4515762814702,537.66,11.0,1054.0,29.186030905212167,29.186030905212167,24.9128,11.0,1054.0,29.186030905212167,537.66,530.0,485.0,614.0,129.0,516.25,557.75,1245.64
540.5785390327155,540.4509803921569,23.0,466.0,11.74285552587514,11.74285552587514,8.89504036908881,23.0,466.0,11.74285552587514,540.4509803921569,541.0,512.0,570.0,58.0,532.5,547.0,453.6470588235293
505.3631763395509,504.46,23.0,1544.0,30.200139072527463,30.200139072527463,22.718400000000003,23.0,1544.0,30.200139072527467,504.46,503.5,419.0,600.0,181.0,490.25,521.75,1135.92
499.2782190322346,499.14,23.0,666.0,11.747357149589009,11.747357149589009,9.002399999999998,23.0,666.0,11.747357149589009,499.14,497.0,476.0,531.0,55.0,492.0,503.75,450.1199999999999
526.2305388325539,525.78,24.0,1179.0,21.77088881970601,21.77088881970601,17.317600000000002,24.0,1179.0,21.77088881970601,525.78,527.0,475.0,570.0,95.0,513.0,540.5,865.8800000000001
501.53806293384014,501.0,19.0,1106.0,23.2256016376018,23.2256016376018,19.387755102040817,19.0,1106.0,23.2256016376018,501.0,499.0,468.0,554.0,86.0,482.0,517.0,950.0
523.0719453383063,522.06,14.0,1171.0,32.521014744315714,32.521014744315714,24.57040000000001,14.0,1171.0,32.521014744315714,522.06,527.0,413.0,577.0,164.0,507.25,545.5,1228.5200000000004
536.3190468368618,533.0,6.0,1130.0,59.574491185405854,59.574491185405854,49.52,6.0,1130.0,59.574491185405854,533.0,510.0,431.0,655.0,224.0,493.75,567.25,2476.0
517.8806040005746,517.76,18.0,582.0,11.175974230464206,11.175974230464206,9.2592,18.0,582.0,11.175974230464206,517.76,518.5,495.0,538.0,43.0,509.0,526.75,462.96
520.7402423473723,520.44,20.0,792.0,17.680678720003936,17.680678720003936,13.537600000000005,20.0,792.0,17.680678720003936,520.44,520.0,485.0,574.0,89.0,509.0,530.75,676.8800000000001
488.783387606412,486.72,1.0,680.0,44.86470327551493,44.86470327551493,40.1328,1.0,680.0,44.86470327551493,486.72,468.0,425.0,572.0,147.0,450.5,536.0,2006.6400000000003
513.9806027468352,513.42,26.0,1502.0,23.99924165468568,23.99924165468568,19.6368,26.0,1502.0,23.999241654685672,513.42,512.0,469.0,565.0,96.0,496.25,527.75,981.84
500.457550647405,499.72,21.0,1470.0,27.16029454921283,27.16029454921283,21.7264,21.0,1470.0,27.16029454921283,499.72,494.5,450.0,569.0,119.0,479.0,518.0,1086.3200000000002
493.2300071974535,492.88,21.0,1021.0,18.57809462781369,18.57809462781369,15.4592,21.0,1021.0,18.57809462781369,492.88,496.5,451.0,528.0,77.0,479.25,506.5,772.96
533.3300666566624,533.2,24.0,606.0,11.777945491468364,11.777945491468364,9.360000000000008,24.0,606.0,11.777945491468364,533.2,530.5,506.0,562.0,56.0,526.0,542.0,468.00000000000045
482.9875153665983,482.66,27.0,1050.0,17.783824110691153,17.783824110691153,14.112800000000002,27.0,1050.0,17.783824110691153,482.66,481.5,446.0,523.0,77.0,469.25,491.75,705.6400000000001
546.7838329724096,524.84,8.0,2717.0,153.34775642310518,153.34775642310518,103.17759999999998,8.0,2717.0,153.34775642310518,524.84,563.5,0.0,772.0,772.0,504.0,586.75,5158.879999999999
510.13506054769454,509.94,23.0,804.0,14.10589947504235,14.10589947504235,11.137600000000004,23.0,804.0,14.105899475042348,509.94,507.5,469.0,543.0,74.0,501.0,520.5,556.8800000000001
587.31485593334,587.02,24.0,991.0,18.60805202056357,18.60805202056357,14.6208,24.0,991.0,18.608052020563573,587.02,586.0,533.0,626.0,93.0,577.0,602.5,731.04
532.6656174374314,521.42,9.0,2360.0,108.87535809355576,108.87535809355576,81.65359999999998,9.0,2360.0,108.87535809355576,521.42,515.5,271.0,797.0,526.0,455.25,561.75,4082.68
497.9167400278886,496.0,9.0,1441.0,43.64722213383115,43.64722213383115,35.76,9.0,1441.0,43.64722213383115,496.0,494.5,396.0,591.0,195.0,463.0,530.0,1788.0
513.7418223193436,513.58,26.0,748.0,12.89354877448408,12.89354877448408,10.11920000000001,26.0,748.0,12.893548774484085,513.58,511.0,493.0,548.0,55.0,506.0,521.75,505.9600000000005
499.1823514508501,499.06,22.0,638.0,11.051533830197508,11.051533830197508,9.1048,22.0,638.0,11.051533830197508,499.06,497.5,480.0,524.0,44.0,492.0,506.0,455.24
540.6981043059056,540.36,21.0,1039.0,19.118326286576448,19.118326286576448,16.0656,21.0,1039.0,19.118326286576448,540.36,543.0,507.0,581.0,74.0,525.25,553.5,803.28
553.4783516220718,553.3877551020408,17.0,392.0,10.01390120829104,10.01390120829104,8.209912536443145,17.0,392.0,10.01390120829104,553.3877551020408,555.0,524.0,572.0,48.0,546.0,562.0,402.2857142857141
542.6394935866722,542.3,17.0,934.0,19.19192538543228,19.19192538543228,15.532000000000007,17.0,934.0,19.19192538543228,542.3,545.5,497.0,578.0,81.0,527.0,553.75,776.6000000000004
497.6679615968864,497.48,16.0,619.0,13.67660776654796,13.67660776654796,10.9616,16.0,619.0,13.67660776654796,497.48,499.0,469.0,531.0,62.0,486.75,505.0,548.0799999999999
489.24574602136295,488.84,26.0,1153.0,19.921204782843837,19.921204782843837,16.612800000000004,26.0,1153.0,19.92120478284383,488.84,490.5,456.0,540.0,84.0,475.0,504.5,830.6400000000001
501.46714747827696,500.86,17.0,1087.0,24.6690170051423,24.6690170051423,19.1288,17.0,1087.0,24.6690170051423,500.86,497.5,464.0,579.0,115.0,481.25,514.75,956.44
535.6490455512826,535.1,17.0,980.0,24.24644303810355,24.24644303810355,18.968,17.0,980.0,24.246443038103543,535.1,540.0,459.0,583.0,124.0,519.0,550.75,948.4
491.4783413335729,490.96,28.0,1373.0,22.566311173960177,22.566311173960177,18.0784,28.0,1373.0,22.56631117396018,490.96,490.0,456.0,561.0,105.0,475.25,506.0,903.9199999999998
503.5339909082604,503.32,18.0,722.0,14.67847403513049,14.67847403513049,11.958399999999996,18.0,722.0,14.678474035130492,503.32,501.0,474.0,546.0,72.0,492.25,512.75,597.9199999999998
568.1656096597188,567.52,14.0,999.0,27.07784334100484,27.07784334100484,21.1808,14.0,999.0,27.07784334100484,567.52,564.0,507.0,632.0,125.0,551.75,584.75,1059.04
478.49300935332377,478.2,24.0,861.0,16.74275962916508,16.74275962916508,13.688000000000002,24.0,861.0,16.74275962916508,478.2,478.0,443.0,509.0,66.0,467.0,494.0,684.4000000000001
524.3454228359199,524.204081632653,15.0,500.0,12.173875662515917,12.173875662515917,9.473552686380671,15.0,500.0,12.173875662515917,524.204081632653,524.0,499.0,550.0,51.0,515.0,530.0,464.204081632653
493.4886624837495,492.78,20.0,1347.0,26.437314538356578,26.437314538356578,20.8424,20.0,1347.0,26.437314538356578,492.78,489.0,439.0,564.0,125.0,476.25,507.5,1042.12
500.1774285191206,498.3,11.0,1309.0,43.29630469220208,43.29630469220208,34.604,11.0,1309.0,43.29630469220208,498.3,495.5,404.0,597.0,193.0,471.25,520.0,1730.1999999999998
492.6016522050064,491.57142857142856,16.0,861.0,31.84208484611111,31.84208484611111,23.825072886297377,16.0,861.0,31.84208484611111,491.57142857142856,493.0,416.0,561.0,145.0,483.0,514.0,1167.4285714285716
510.4833787695737,509.92,23.0,1313.0,23.976521849509364,23.976521849509364,19.2368,23.0,1313.0,23.976521849509364,509.92,509.0,463.0,564.0,101.0,493.5,526.75,961.84
603.5477942963589,603.14,28.0,1260.0,22.182885294749195,22.182885294749195,17.7624,28.0,1260.0,22.18288529474919,603.14,600.0,559.0,661.0,102.0,588.0,615.5,888.1199999999999
504.616012429253,504.12,18.0,1144.0,22.3684062910168,22.3684062910168,18.4448,18.0,1144.0,22.368406291016804,504.12,502.5,462.0,554.0,92.0,487.25,518.0,922.24
489.84387308610894,489.34,28.0,1375.0,22.21225787712721,22.21225787712721,17.806400000000004,28.0,1375.0,22.212257877127215,489.34,490.5,416.0,534.0,118.0,471.0,503.75,890.3200000000002
539.6505535992712,539.12,7.0,920.0,23.923745526150377,23.923745526150377,18.384,7.0,920.0,23.923745526150373,539.12,536.0,491.0,615.0,124.0,524.0,553.25,919.2
496.233150847462,496.06,24.0,776.0,13.10787549528908,13.10787549528908,10.8648,24.0,776.0,13.10787549528908,496.06,495.0,469.0,523.0,54.0,484.0,504.75,543.24
592.4721259266126,564.62,5.0,2477.0,179.52012589122148,179.52012589122148,144.6712,5.0,2477.0,179.52012589122148,564.62,627.0,1.0,783.0,782.0,455.25,689.5,7233.559999999999
512.8565686427346,512.62,18.0,724.0,15.57548073094375,15.57548073094375,12.4752,18.0,724.0,15.575480730943749,512.62,513.5,482.0,551.0,69.0,497.0,522.5,623.76
500.2454499583996,499.2244897959184,11.0,673.0,31.94399774741149,31.94399774741149,23.366930445647647,11.0,673.0,31.94399774741149,499.2244897959184,501.0,425.0,578.0,153.0,481.0,516.0,1144.9795918367347
487.0356455127284,482.48,8.0,1100.0,66.45878121061203,66.45878121061203,51.96,8.0,1100.0,66.45878121061205,482.48,482.0,369.0,639.0,270.0,432.0,512.75,2598.0
554.6942400998951,553.98,21.0,1123.0,28.14,28.14,23.0992,21.0,1123.0,28.14,553.98,551.0,505.0,616.0,111.0,534.75,576.75,1154.96
515.7649076856626,515.24,25.0,1262.0,23.26332736304074,23.26332736304074,19.588800000000003,25.0,1262.0,23.26332736304074,515.24,512.0,472.0,565.0,93.0,498.5,534.0,979.44
513.0853145433028,512.5,11.0,704.0,24.50081631293129,24.50081631293129,18.06,11.0,704.0,24.50081631293129,512.5,518.0,448.0,556.0,108.0,505.25,529.25,903.0
505.841872525397,505.6326530612245,26.0,815.0,14.547170111997335,14.547170111997335,11.506872136609742,26.0,815.0,14.547170111997335,505.6326530612245,507.0,466.0,549.0,83.0,494.0,513.0,563.8367346938774
520.466476289469,519.9019607843137,25.0,1369.0,24.234358126477865,24.234358126477865,20.652825836216845,25.0,1369.0,24.234358126477865,519.9019607843137,521.0,461.0,563.0,102.0,501.0,540.5,1053.294117647059
518.8388189023639,518.68,23.0,739.0,12.836572751322684,12.836572751322684,10.12,23.0,739.0,12.836572751322684,518.68,518.5,487.0,546.0,59.0,511.0,528.0,506.0
521.3287638333416,521.04,26.0,942.0,17.349305461602782,17.349305461602782,13.601599999999998,26.0,942.0,17.34930546160278,521.04,521.0,484.0,566.0,82.0,511.25,530.75,680.0799999999999
519.6442244459183,519.36,21.0,890.0,17.18459775496651,17.18459775496651,13.96,21.0,890.0,17.18459775496651,519.36,519.5,487.0,562.0,75.0,505.5,528.75,698.0
522.5500358817326,522.34,25.0,820.0,14.814330899504034,14.814330899504034,11.832799999999995,25.0,820.0,14.814330899504034,522.34,524.0,478.0,555.0,77.0,512.5,532.0,591.6399999999999
479.757959808902,479.02,18.0,1265.0,26.599616538589423,26.599616538589423,22.7824,18.0,1265.0,26.599616538589423,479.02,473.5,433.0,538.0,105.0,459.5,501.75,1139.12
506.8104379351317,506.38,23.0,1128.0,20.88338095232666,20.88338095232666,16.8808,23.0,1128.0,20.883380952326657,506.38,504.0,466.0,552.0,86.0,490.25,523.0,844.04
501.6349070788435,501.5,30.0,715.0,11.63314230979747,11.63314230979747,9.78,30.0,715.0,11.63314230979747,501.5,502.5,474.0,526.0,52.0,493.0,509.0,489.0
492.83029533501696,492.7,34.0,765.0,11.331813623599713,11.331813623599713,9.328,34.0,765.0,11.331813623599713,492.7,492.0,467.0,517.0,50.0,484.25,501.75,466.4
527.3355667883592,527.24,18.0,421.0,10.039043779165423,10.039043779165423,8.489600000000001,18.0,421.0,10.039043779165423,527.24,524.5,505.0,551.0,46.0,520.25,534.75,424.48
514.7806745179377,513.9591836734694,20.0,1508.0,29.070610156028977,29.070610156028977,23.017909204498125,20.0,1508.0,29.070610156028977,513.9591836734694,512.0,444.0,612.0,168.0,494.0,530.0,1127.8775510204082
495.3258725324168,495.12,29.0,769.0,14.279551813694994,14.279551813694994,11.1696,29.0,769.0,14.279551813694994,495.12,492.0,461.0,531.0,70.0,487.25,502.75,558.48
495.7162898271551,495.56,25.0,582.0,12.44694339988738,12.44694339988738,9.5152,25.0,582.0,12.44694339988738,495.56,497.0,461.0,526.0,65.0,488.75,503.75,475.76
517.4204866450497,517.0,17.0,1048.0,20.85569466596593,20.85569466596593,16.52,17.0,1048.0,20.85569466596593,517.0,517.5,475.0,585.0,110.0,501.25,531.75,826.0
558.4408689213502,537.3877551020408,5.0,3101.0,151.89010747254628,151.89010747254628,116.79216992919618,5.0,3101.0,151.89010747254628,537.3877551020408,510.0,151.0,866.0,715.0,455.0,622.0,5722.816326530613
503.605242228474,503.0,17.0,925.0,24.682787524912985,24.682787524912985,20.24,17.0,925.0,24.682787524912985,503.0,504.5,457.0,559.0,102.0,487.25,519.25,1012.0
510.4841819292739,509.46,31.0,1909.0,32.32040222521991,32.32040222521991,24.6104,31.0,1909.0,32.32040222521991,509.46,501.0,450.0,621.0,171.0,492.0,524.5,1230.52
568.4323989331209,567.4705882352941,14.0,1290.0,33.0533454396377,33.0533454396377,27.69319492502884,14.0,1290.0,33.0533454396377,567.4705882352941,562.0,509.0,641.0,132.0,546.0,589.0,1412.3529411764707
560.0736023059826,545.04,5.0,2547.0,128.894679486781,128.894679486781,90.4128,5.0,2547.0,128.89467948678097,545.04,511.5,367.0,1022.0,655.0,467.0,584.5,4520.639999999999
509.7109769271209,509.56,21.0,612.0,12.405095727159868,12.405095727159868,10.08,21.0,612.0,12.405095727159868,509.56,509.5,480.0,538.0,58.0,502.0,518.75,504.0
522.4458058019032,522.22,23.0,915.0,15.358762971020813,15.358762971020813,13.077600000000002,23.0,915.0,15.35876297102081,522.22,520.0,491.0,555.0,64.0,509.75,532.75,653.8800000000001
493.95939104343387,492.44,13.0,1234.0,38.71338786518173,38.71338786518173,30.8704,13.0,1234.0,38.71338786518173,492.44,485.5,417.0,585.0,168.0,467.25,517.25,1543.52
383.2477788585343,381.7,17.0,1143.0,34.40886513676381,34.40886513676381,25.772,17.0,1143.0,34.40886513676381,381.7,379.0,299.0,485.0,186.0,361.0,397.75,1288.6
355.38866048313923,354.1,13.0,991.0,30.23722870899382,30.23722870899382,24.832000000000008,13.0,991.0,30.23722870899382,354.1,351.0,295.0,423.0,128.0,332.0,375.75,1241.6000000000004
544.8169600884319,544.12,13.0,907.0,27.54896731276873,27.54896731276873,22.9296,13.0,907.0,27.54896731276873,544.12,541.5,477.0,603.0,126.0,524.25,562.75,1146.48
514.7384578599116,514.44,27.0,1027.0,17.526163299478867,17.526163299478867,13.404799999999996,27.0,1027.0,17.526163299478867,514.44,516.0,469.0,547.0,78.0,507.0,527.0,670.2399999999998
523.5238867520756,522.74,31.0,1888.0,28.638303022351028,28.638303022351028,24.4008,31.0,1888.0,28.638303022351028,522.74,528.5,465.0,584.0,119.0,504.0,545.25,1220.04
486.61670748136055,486.26,19.0,838.0,18.628805651463544,18.628805651463544,15.548800000000002,19.0,838.0,18.628805651463544,486.26,490.0,440.0,524.0,84.0,472.25,499.0,777.44
495.51823377147286,495.44,29.0,538.0,8.804907722401184,8.804907722401184,7.0448,29.0,538.0,8.804907722401184,495.44,496.0,478.0,517.0,39.0,489.0,501.0,352.24
509.4297792630501,509.3,22.0,597.0,11.49826073804208,11.49826073804208,8.552,22.0,597.0,11.49826073804208,509.3,509.0,483.0,548.0,65.0,502.25,515.5,427.6
513.6508541801522,513.36,22.0,965.0,17.283240436908816,17.283240436908816,14.0144,22.0,965.0,17.283240436908816,513.36,512.5,480.0,563.0,83.0,502.0,525.5,700.72
521.8347247932049,521.72,26.0,640.0,10.941736608052672,10.941736608052672,8.908800000000001,26.0,640.0,10.941736608052672,521.72,521.0,500.0,547.0,47.0,512.25,529.0,445.44000000000005
491.8797617304457,491.22,25.0,1609.0,25.4678542480516,25.4678542480516,20.3312,25.0,1609.0,25.4678542480516,491.22,492.5,435.0,544.0,109.0,475.0,512.0,1016.56
531.2736959421198,531.06,27.0,851.0,15.067063416605109,15.067063416605109,11.594399999999986,27.0,851.0,15.067063416605109,531.06,529.0,493.0,563.0,70.0,523.0,539.5,579.7199999999993
491.1581008188708,490.8,29.0,1069.0,18.75206655278292,18.75206655278292,15.392000000000005,29.0,1069.0,18.75206655278292,490.8,488.5,457.0,534.0,77.0,477.0,503.0,769.6000000000001
521.3502277739984,521.22,21.0,583.0,11.652107105583951,11.652107105583951,9.584799999999996,21.0,583.0,11.652107105583951,521.22,523.0,487.0,543.0,56.0,514.0,530.5,479.2399999999998
513.9908678613833,512.8571428571429,14.0,1285.0,34.11983683000437,34.11983683000437,24.897959183673475,14.0,1285.0,34.11983683000437,512.8571428571429,507.0,435.0,637.0,202.0,495.0,529.0,1220.0000000000002
524.9110781837244,524.68,27.0,1018.0,15.573618718846305,15.573618718846305,12.574399999999995,27.0,1018.0,15.573618718846305,524.68,523.0,490.0,557.0,67.0,515.25,535.75,628.7199999999998
267.15156746685955,255.68,5.0,1154.0,77.44480357002656,77.44480357002656,65.35999999999999,5.0,1154.0,77.44480357002656,255.68,256.5,97.0,396.0,299.0,199.25,320.75,3267.9999999999995
511.6798413070423,511.58,25.0,546.0,10.107601100162196,10.107601100162196,8.62,25.0,546.0,10.107601100162194,511.58,511.5,485.0,529.0,44.0,504.25,519.5,431.0
531.3729951738233,530.46,21.0,1348.0,31.13596634119455,31.13596634119455,25.2416,21.0,1348.0,31.135966341194557,530.46,531.5,477.0,600.0,123.0,508.25,553.0,1262.08
492.8466089971605,484.02,8.0,1375.0,92.85698465920588,92.85698465920588,63.21200000000001,8.0,1375.0,92.85698465920588,484.02,499.0,221.0,662.0,441.0,466.25,521.75,3160.6000000000004
491.5758537601293,490.66,17.0,1203.0,29.99307253350347,29.99307253350347,22.472800000000003,17.0,1203.0,29.993072533503465,490.66,489.5,438.0,598.0,160.0,472.25,502.75,1123.64
497.6369359281925,496.92,22.0,1501.0,26.702689003169706,26.702689003169706,21.024000000000004,22.0,1501.0,26.702689003169706,496.92,494.0,450.0,569.0,119.0,476.25,513.0,1051.2000000000005
504.8858024042543,504.57142857142856,28.0,1062.0,17.81423416191418,17.81423416191418,13.900874635568517,28.0,1062.0,17.814234161914182,504.57142857142856,506.0,454.0,539.0,85.0,493.0,516.0,681.1428571428572
508.9723568132163,508.82,23.0,652.0,12.452614183375314,12.452614183375314,10.0272,23.0,652.0,12.452614183375312,508.82,509.0,480.0,538.0,58.0,500.5,518.75,501.36
540.4138414215536,540.0,26.0,1093.0,21.14521222404732,21.14521222404732,16.68,26.0,1093.0,21.14521222404732,540.0,540.5,481.0,584.0,103.0,527.0,554.5,834.0
588.5500169475655,588.2244897959183,29.0,1120.0,19.57222658031325,19.57222658031325,14.88213244481466,29.0,1120.0,19.57222658031325,588.2244897959183,588.0,533.0,636.0,103.0,578.0,603.0,729.2244897959183
512.0304483133791,511.78,22.0,884.0,16.012857334030052,16.012857334030052,13.291199999999998,22.0,884.0,16.012857334030052,511.78,510.0,480.0,545.0,65.0,500.25,522.5,664.56
257.9837204166185,247.12,1.0,890.0,74.0763498020792,74.0763498020792,65.1744,1.0,890.0,74.0763498020792,247.12,237.5,97.0,358.0,261.0,197.25,321.5,3258.7200000000003
535.5895256630772,535.3,32.0,1055.0,17.608236708995026,17.608236708995026,14.043999999999995,32.0,1055.0,17.608236708995026,535.3,534.0,503.0,587.0,84.0,521.25,543.75,702.1999999999998
507.9351336538948,507.74,30.0,850.0,14.07808225576197,14.07808225576197,10.9104,30.0,850.0,14.078082255761968,507.74,508.0,478.0,545.0,67.0,498.0,515.0,545.52
499.1697306528112,498.5,26.0,1563.0,25.84898450616581,25.84898450616581,20.58,26.0,1563.0,25.84898450616581,498.5,498.5,446.0,567.0,121.0,477.5,516.25,1029.0
567.0559677741124,566.5098039215686,17.0,990.0,24.88197437867745,24.88197437867745,19.972318339100344,17.0,990.0,24.88197437867745,566.5098039215686,564.0,503.0,615.0,112.0,552.5,584.0,1018.5882352941176
499.35856856571513,499.22,21.0,547.0,11.763145837742556,11.763145837742556,9.371199999999998,21.0,547.0,11.763145837742556,499.22,500.0,474.0,526.0,52.0,491.25,504.0,468.56
488.0192209329464,487.36,11.0,1003.0,25.35725537198377,25.35725537198377,21.1712,11.0,1003.0,25.357255371983776,487.36,490.5,438.0,546.0,108.0,466.25,502.75,1058.56
525.9786497568128,525.9,21.0,492.0,9.095603333479314,9.095603333479314,7.291999999999998,21.0,492.0,9.095603333479314,525.9,525.0,507.0,550.0,43.0,520.0,531.75,364.5999999999999
511.6911959375498,511.52,26.0,798.0,13.235165280418675,13.235165280418675,10.5008,26.0,798.0,13.235165280418675,511.52,511.0,492.0,544.0,52.0,500.0,518.0,525.04
493.9331938632997,493.56,17.0,821.0,19.197041438721747,19.197041438721747,14.7552,17.0,821.0,19.197041438721747,493.56,495.5,446.0,537.0,91.0,483.75,505.75,737.76
559.192099301813,554.3137254901961,7.0,1270.0,73.70276558412293,73.70276558412293,51.72241445597849,7.0,1270.0,73.70276558412291,554.3137254901961,531.0,476.0,785.0,309.0,513.5,553.0,2637.843137254903
523.284049134341,523.1372549019608,18.0,499.0,12.393894144790808,12.393894144790808,9.651672433679352,18.0,499.0,12.393894144790808,523.1372549019608,522.0,495.0,553.0,58.0,515.0,530.5,492.23529411764696
490.7494268972711,490.4,24.0,1001.0,18.515939079614625,18.515939079614625,14.68,24.0,1001.0,18.515939079614625,490.4,490.5,450.0,535.0,85.0,480.5,502.75,734.0
560.0901177489209,559.42,15.0,951.0,27.389844833441465,27.389844833441465,21.876799999999992,15.0,951.0,27.389844833441455,559.42,558.0,490.0,620.0,130.0,541.0,577.75,1093.8399999999997
489.6878014175388,489.2857142857143,28.0,1128.0,19.84017774772253,19.84017774772253,16.396501457725947,28.0,1128.0,19.84017774772253,489.2857142857143,488.0,451.0,533.0,82.0,478.0,505.0,803.4285714285713
525.3932622331581,524.88,18.0,1099.0,23.217786285518265,23.217786285518265,18.6704,18.0,1099.0,23.217786285518265,524.88,522.5,483.0,583.0,100.0,508.0,541.5,933.52
517.5110047139094,516.8,26.0,1512.0,27.11825953117198,27.11825953117198,22.96,26.0,1512.0,27.11825953117198,516.8,515.5,452.0,566.0,114.0,499.25,534.75,1148.0
505.90455621589336,504.9,22.0,1908.0,31.86549858389164,31.86549858389164,25.38,22.0,1908.0,31.86549858389164,504.9,504.5,436.0,585.0,149.0,481.0,529.5,1269.0
469.65178590100135,469.4,25.0,890.0,15.37660560722034,15.37660560722034,11.944,25.0,890.0,15.37660560722034,469.4,470.0,429.0,503.0,74.0,460.25,479.0,597.2
494.49266930865616,493.92,10.0,729.0,23.79146065293176,23.79146065293176,18.1664,10.0,729.0,23.79146065293176,493.92,494.5,444.0,552.0,108.0,482.0,507.25,908.32
515.1401556858094,513.1,19.0,2022.0,45.801419191985744,45.801419191985744,38.58,19.0,2022.0,45.801419191985744,513.1,512.5,420.0,612.0,192.0,485.25,546.5,1929.0
513.53253061515,512.82,31.0,1725.0,27.042699569384716,27.042699569384716,21.9328,31.0,1725.0,27.04269956938471,512.82,510.0,438.0,562.0,124.0,495.25,535.0,1096.64
517.8449188705051,517.64,16.0,651.0,14.566756674016355,14.566756674016355,11.6544,16.0,651.0,14.566756674016355,517.64,518.5,489.0,552.0,63.0,507.25,526.0,582.72
524.4885944558621,524.2448979591836,16.0,617.0,15.98664061179872,15.98664061179872,12.27988338192419,16.0,617.0,15.98664061179872,524.2448979591836,523.0,492.0,563.0,71.0,513.0,532.0,601.7142857142853
451.635350471947,451.3061224489796,12.0,772.0,17.241625096985675,17.241625096985675,13.426905456059975,12.0,772.0,17.241625096985675,451.3061224489796,448.0,404.0,493.0,89.0,442.0,460.0,657.9183673469388
514.9840191695272,514.5,25.0,1308.0,22.322410264126948,22.322410264126948,18.84,25.0,1308.0,22.322410264126948,514.5,515.5,467.0,553.0,86.0,498.25,534.75,942.0
561.3447047501387,561.265306122449,13.0,278.0,9.441064256430211,9.441064256430211,7.177009579341935,13.0,278.0,9.441064256430211,561.265306122449,562.0,537.0,575.0,38.0,557.0,568.0,351.67346938775484
499.6131503473462,499.46,22.0,676.0,12.369656422067672,12.369656422067672,10.155199999999995,22.0,676.0,12.369656422067672,499.46,497.0,480.0,537.0,57.0,491.0,507.0,507.7599999999999
498.179586093208,498.06,18.0,578.0,10.914962207905257,10.914962207905257,8.5848,18.0,578.0,10.914962207905257,498.06,497.5,466.0,520.0,54.0,492.25,506.75,429.24
508.2030969554417,507.8979591836735,11.0,567.0,17.608259770959744,17.608259770959744,14.353186172428153,11.0,567.0,17.608259770959744,507.8979591836735,510.0,470.0,546.0,76.0,498.0,520.0,703.3061224489795
564.9671671876164,564.58,29.0,1094.0,20.91228347168238,20.91228347168238,16.836799999999997,29.0,1094.0,20.91228347168238,564.58,565.0,517.0,605.0,88.0,553.0,580.0,841.8399999999999
511.151132249553,511.0,27.0,706.0,12.428998350631478,12.428998350631478,9.68,27.0,706.0,12.428998350631478,511.0,508.0,493.0,546.0,53.0,504.0,516.0,484.0
647.9197481170025,628.0392156862745,4.0,2118.0,159.26940559997442,159.26940559997442,129.3279507881584,4.0,2118.0,159.26940559997442,628.0392156862745,669.0,341.0,958.0,617.0,502.5,722.5,6595.725490196079
524.0730674247628,523.38,21.0,1390.0,26.943563238740342,26.943563238740342,23.854399999999995,21.0,1390.0,26.943563238740342,523.38,529.5,475.0,566.0,91.0,500.75,546.0,1192.7199999999998
523.1219818007434,522.9607843137255,23.0,728.0,12.985604071830553,12.985604071830553,10.50595924644368,23.0,728.0,12.985604071830553,522.9607843137255,520.0,489.0,552.0,63.0,515.0,531.5,535.8039215686276
496.9445441897919,496.2,23.0,1164.0,27.192646064699183,27.192646064699183,20.168,23.0,1164.0,27.192646064699183,496.2,495.0,442.0,598.0,156.0,480.25,509.5,1008.4
498.45439109310695,498.34,17.0,550.0,10.678220825587005,10.678220825587005,8.327199999999998,17.0,550.0,10.678220825587005,498.34,497.5,466.0,520.0,54.0,493.0,506.75,416.3599999999999
536.940220136283,536.48,19.0,978.0,22.22632673205359,22.22632673205359,18.7808,19.0,978.0,22.22632673205359,536.48,537.0,486.0,579.0,93.0,520.25,556.0,939.04
482.019024520817,481.38,26.0,1394.0,24.8120051587936,24.8120051587936,19.7704,26.0,1394.0,24.8120051587936,481.38,479.0,418.0,537.0,119.0,464.75,493.75,988.52
496.88103203885737,495.36,10.0,1027.0,38.84881465373171,38.84881465373171,28.792,10.0,1027.0,38.84881465373172,495.36,491.5,417.0,606.0,189.0,472.75,512.75,1439.6
513.5243908520802,513.26,19.0,702.0,16.476419513959943,16.476419513959943,13.18,19.0,702.0,16.476419513959943,513.26,513.5,474.0,548.0,74.0,501.0,523.75,659.0
487.00213551893177,486.48,23.0,1048.0,22.54527888494618,22.54527888494618,17.238400000000002,23.0,1048.0,22.54527888494618,486.48,485.5,415.0,534.0,119.0,473.25,500.25,861.9200000000001
521.4307048880033,520.7,19.0,1299.0,27.595108262154,27.595108262154,23.844,19.0,1299.0,27.595108262154,520.7,525.0,454.0,566.0,112.0,500.0,544.5,1192.1999999999998
505.2210605269737,505.04,26.0,764.0,13.524732899395833,13.524732899395833,10.7952,26.0,764.0,13.524732899395833,505.04,506.5,466.0,549.0,83.0,494.25,513.0,539.76
488.3112122407185,487.6,24.0,1606.0,26.34539808012018,26.34539808012018,20.936000000000003,24.0,1606.0,26.34539808012018,487.6,488.5,432.0,549.0,117.0,471.0,505.25,1046.8000000000002
468.2546956518429,467.98,27.0,941.0,16.036820133679868,16.036820133679868,12.262399999999998,27.0,941.0,16.036820133679868,467.98,469.0,429.0,503.0,74.0,459.5,477.75,613.1199999999999
505.4998911968231,505.06,26.0,1155.0,21.084031872485863,21.084031872485863,17.62,26.0,1155.0,21.084031872485863,505.06,504.5,462.0,554.0,92.0,489.5,518.0,881.0
521.8045994431249,521.0,23.0,1382.0,28.966187184370675,28.966187184370675,21.4,23.0,1382.0,28.966187184370675,521.0,520.0,473.0,637.0,164.0,500.0,535.5,1070.0
501.2720020108843,501.14,21.0,635.0,11.503060462329143,11.503060462329143,8.9,21.0,635.0,11.503060462329143,501.14,501.5,480.0,536.0,56.0,492.25,507.0,445.0
511.0519934409805,503.22,17.0,3753.0,89.12783852422316,89.12783852422316,68.8336,17.0,3753.0,89.12783852422316,503.22,517.0,188.0,679.0,491.0,460.25,558.5,3441.6800000000003
504.8544740813931,504.72,23.0,668.0,11.651677990744508,11.651677990744508,9.457600000000005,23.0,668.0,11.651677990744508,504.72,503.0,484.0,534.0,50.0,496.0,511.75,472.8800000000001
464.7166018123304,464.68,22.0,280.0,5.832460887138463,5.832460887138463,4.4928,22.0,280.0,5.832460887138463,464.68,465.0,452.0,479.0,27.0,460.0,468.0,224.64
487.1668092142567,486.26,14.0,877.0,29.71047626679855,29.71047626679855,23.1104,14.0,877.0,29.71047626679855,486.26,485.5,426.0,550.0,124.0,471.0,507.75,1155.52
517.8706595280331,517.1,16.0,1340.0,28.241990014869703,28.241990014869703,22.255999999999997,16.0,1340.0,28.241990014869707,517.1,518.0,464.0,592.0,128.0,498.75,532.0,1112.7999999999995
501.2276927704614,501.08,20.0,670.0,12.166905933720372,12.166905933720372,9.726399999999998,20.0,670.0,12.166905933720374,501.08,501.0,480.0,536.0,56.0,491.25,508.5,486.32
513.4807493957295,511.76,7.0,1059.0,42.00217137244216,42.00217137244216,32.4288,7.0,1059.0,42.00217137244216,511.76,516.0,402.0,603.0,201.0,486.0,532.0,1621.44
551.4379064825724,551.3333333333334,12.0,407.0,10.73872717960134,10.73872717960134,8.967320261437909,12.0,407.0,10.738727179601335,551.3333333333334,551.0,530.0,573.0,43.0,542.0,559.5,457.33333333333337
510.31443248256267,509.86,25.0,1229.0,21.531381748508387,21.531381748508387,17.9744,25.0,1229.0,21.531381748508387,509.86,508.5,471.0,554.0,83.0,494.0,524.75,898.72
519.3014538781882,518.204081632653,29.0,2202.0,33.74210691789477,33.74210691789477,28.58392336526447,29.0,2202.0,33.74210691789477,518.204081632653,517.0,461.0,591.0,130.0,486.0,544.0,1400.612244897959
513.3657175932183,512.96,11.0,764.0,20.40584230067458,20.40584230067458,16.316800000000004,11.0,764.0,20.40584230067458,512.96,511.0,468.0,562.0,94.0,500.0,529.0,815.8400000000001
477.4885129508353,476.8,18.0,1208.0,25.632791498391278,25.632791498391278,21.856,18.0,1208.0,25.632791498391278,476.8,473.5,433.0,525.0,92.0,456.75,497.75,1092.8
532.6841277905697,532.5,15.0,586.0,14.004642087536546,14.004642087536546,11.56,15.0,586.0,14.004642087536546,532.5,534.5,504.0,568.0,64.0,522.0,544.0,578.0
564.8523877970243,564.46,17.0,791.0,21.050615192910637,21.050615192910637,16.398400000000002,17.0,791.0,21.050615192910637,564.46,562.0,509.0,615.0,106.0,551.5,576.5,819.9200000000001
505.016871005316,504.52,18.0,713.0,22.396642605533536,22.396642605533536,15.616000000000003,18.0,713.0,22.396642605533536,504.52,508.0,428.0,551.0,123.0,497.25,517.75,780.8000000000002
495.8490092760093,494.92,14.0,1146.0,30.33864861855254,30.33864861855254,25.1296,14.0,1146.0,30.33864861855254,494.92,498.0,420.0,546.0,126.0,470.5,519.5,1256.48
494.62986161371214,493.98,26.0,1455.0,25.34678677860371,25.34678677860371,19.3384,26.0,1455.0,25.346786778603715,493.98,491.0,441.0,561.0,120.0,477.25,506.5,966.92
490.614797983102,490.24,21.0,902.0,19.173481686955032,19.173481686955032,15.32,21.0,902.0,19.173481686955032,490.24,490.5,434.0,530.0,96.0,480.5,505.75,766.0
527.5828086660898,526.86,28.0,1755.0,27.607252670267645,27.607252670267645,21.876799999999992,28.0,1755.0,27.60725267026764,526.86,529.5,455.0,591.0,136.0,507.25,546.75,1093.8399999999997
501.7773809170756,501.18,18.0,1032.0,24.47749170156125,24.47749170156125,20.0816,18.0,1032.0,24.47749170156125,501.18,497.5,462.0,561.0,99.0,481.25,515.75,1004.08
514.364948261446,514.1,20.0,805.0,16.5072711251739,16.5072711251739,12.828,20.0,805.0,16.507271125173897,514.1,512.5,474.0,564.0,90.0,504.0,523.75,641.4000000000001
510.681250879646,506.18,14.0,2170.0,67.65461994572138,67.65461994572138,47.561600000000006,14.0,2170.0,67.65461994572136,506.18,500.5,275.0,667.0,392.0,479.25,542.75,2378.0800000000004
530.0619209111328,529.92,19.0,525.0,12.265137585856916,12.265137585856916,10.030399999999997,19.0,525.0,12.265137585856914,529.92,529.0,504.0,555.0,51.0,522.0,540.75,501.51999999999975
495.8186765340733,494.52,23.0,2062.0,35.86264909345097,35.86264909345097,27.564799999999995,23.0,2062.0,35.862649093450976,494.52,490.0,451.0,617.0,166.0,463.75,510.25,1378.2399999999998
499.88828752032185,498.86,27.0,1894.0,32.046846958788315,32.046846958788315,25.4888,27.0,1894.0,32.04684695878832,498.86,491.0,448.0,592.0,144.0,474.25,513.0,1274.44
504.1973819844764,503.96,14.0,699.0,15.46991919823759,15.46991919823759,12.756799999999998,14.0,699.0,15.469919198237593,503.96,502.0,474.0,546.0,72.0,492.25,515.75,637.8399999999999
534.4279932787953,533.8,24.0,1183.0,25.900579144104096,25.900579144104096,21.152,24.0,1183.0,25.900579144104093,533.8,533.0,481.0,600.0,119.0,512.25,550.75,1057.6
545.4045471024237,545.32,21.0,493.0,9.602999531396428,9.602999531396428,7.84,21.0,493.0,9.602999531396428,545.32,545.5,521.0,568.0,47.0,538.25,551.75,392.0
517.995552255869,517.2745098039215,29.0,1604.0,27.321670226678933,27.321670226678933,22.34755863129565,29.0,1604.0,27.321670226678933,517.2745098039215,519.0,438.0,562.0,124.0,502.0,543.0,1139.7254901960785
536.787781575717,536.5510204081633,19.0,716.0,15.941296934012586,15.941296934012586,12.47646813827572,19.0,716.0,15.941296934012584,536.5510204081633,538.0,478.0,566.0,88.0,527.0,549.0,611.3469387755102
510.9262373376415,510.54,24.0,1176.0,19.862738985346404,19.862738985346404,15.764800000000005,24.0,1176.0,19.862738985346407,510.54,507.5,474.0,567.0,93.0,496.0,523.75,788.2400000000002
481.5645128121465,481.3,28.0,892.0,15.95900999435742,15.95900999435742,11.836,28.0,892.0,15.95900999435742,481.3,482.0,434.0,523.0,89.0,471.25,487.0,591.8
594.9901175649894,567.24,1.0,2239.0,179.5884806996262,179.5884806996262,159.6384,1.0,2239.0,179.58848069962616,567.24,516.5,341.0,958.0,617.0,414.75,726.75,7981.92
513.9121325674264,513.64,26.0,945.0,16.722152971432834,16.722152971432834,13.102399999999998,26.0,945.0,16.722152971432838,513.64,511.5,483.0,553.0,70.0,502.25,520.0,655.1199999999999
557.7497976106257,557.1632653061224,9.0,847.0,25.57210449128672,25.57210449128672,20.670553935860063,9.0,847.0,25.57210449128672,557.1632653061224,560.0,502.0,615.0,113.0,537.0,572.0,1012.8571428571432
525.2930420251157,525.18,23.0,539.0,10.897137238743028,10.897137238743028,8.358400000000007,23.0,539.0,10.897137238743028,525.18,526.0,498.0,547.0,49.0,520.25,531.75,417.9200000000003
511.2056337717729,510.84,21.0,1094.0,19.33117689122936,19.33117689122936,15.687999999999995,21.0,1094.0,19.33117689122936,510.84,508.0,479.0,564.0,85.0,496.0,525.0,784.3999999999999
520.9770436401205,520.84,23.0,641.0,11.94882420993798,11.94882420993798,9.492799999999995,23.0,641.0,11.948824209937982,520.84,521.0,498.0,547.0,49.0,511.0,528.75,474.6399999999999
501.0587989447945,500.92,22.0,580.0,11.792947044738224,11.792947044738224,9.046399999999998,22.0,580.0,11.792947044738224,500.92,501.0,474.0,532.0,58.0,493.0,506.75,452.32
580.7828509864939,580.28,19.0,1149.0,24.162814405610952,24.162814405610952,20.0,19.0,1149.0,24.16281440561095,580.28,580.5,535.0,645.0,110.0,565.25,596.75,1000.0
530.5174078199508,530.2,21.0,829.0,18.348841925309618,18.348841925309618,14.576000000000004,21.0,829.0,18.348841925309618,530.2,527.0,489.0,583.0,94.0,518.0,541.5,728.8000000000002
508.71662052659536,507.28,9.0,1293.0,38.20473269112088,38.20473269112088,31.452800000000007,9.0,1293.0,38.20473269112087,507.28,515.5,413.0,575.0,162.0,484.75,534.0,1572.6400000000003
528.4578696547152,527.76,17.0,957.0,27.149629831730675,27.149629831730675,21.6192,17.0,957.0,27.149629831730675,527.76,529.5,473.0,581.0,108.0,508.0,543.75,1080.96
511.4075282981274,510.7,13.0,884.0,26.891820317709996,26.891820317709996,21.783999999999995,13.0,884.0,26.891820317709996,510.7,504.0,449.0,594.0,145.0,493.25,528.0,1089.1999999999998
519.062539584586,518.92,26.0,672.0,12.16361788285048,12.16361788285048,9.8432,26.0,672.0,12.16361788285048,518.92,519.0,488.0,544.0,56.0,511.25,527.0,492.1600000000001
518.8514816399776,518.7,23.0,646.0,12.53674598929084,12.53674598929084,10.356000000000003,23.0,646.0,12.53674598929084,518.7,517.5,491.0,551.0,60.0,508.0,527.75,517.8000000000002
513.9507369388626,513.48,22.0,1107.0,21.992034921762013,21.992034921762013,17.6608,22.0,1107.0,21.992034921762013,513.48,514.5,464.0,574.0,110.0,495.25,529.25,883.04
514.0655989268296,513.92,19.0,688.0,12.234116232895614,12.234116232895614,9.6368,19.0,688.0,12.234116232895614,513.92,513.0,486.0,547.0,61.0,505.25,520.75,481.8399999999999
517.2210552558741,517.02,30.0,741.0,14.420110956577275,14.420110956577275,11.223199999999997,30.0,741.0,14.420110956577275,517.02,516.5,486.0,555.0,69.0,508.0,524.75,561.1599999999999
510.8292977390505,510.6122448979592,23.0,867.0,14.88982165232291,14.88982165232291,11.62932111620158,23.0,867.0,14.88982165232291,510.6122448979592,509.0,478.0,545.0,67.0,500.0,518.0,569.8367346938775
527.7097497678056,526.9,33.0,1861.0,29.222765098463903,29.222765098463903,22.94,33.0,1861.0,29.222765098463903,526.9,526.5,470.0,587.0,117.0,512.5,546.0,1147.0
506.9687889221352,506.3725490196079,19.0,1233.0,24.580369007834744,24.580369007834744,18.85505574778931,19.0,1233.0,24.580369007834737,506.3725490196079,503.0,463.0,586.0,123.0,491.0,518.5,961.6078431372548
522.1566048610321,521.8,23.0,1096.0,19.294558818485587,19.294558818485587,15.048000000000002,23.0,1096.0,19.294558818485587,521.8,522.5,487.0,566.0,79.0,507.25,531.75,752.4000000000001
518.1386230084197,517.795918367347,21.0,1018.0,18.8419631455167,18.8419631455167,14.583090379008754,21.0,1018.0,18.8419631455167,517.795918367347,516.0,482.0,579.0,97.0,506.0,528.0,714.5714285714289
511.8635365016735,511.48,25.0,979.0,19.81135028209839,19.81135028209839,15.64,25.0,979.0,19.81135028209839,511.48,511.5,460.0,547.0,87.0,496.0,524.0,782.0
509.0960813048948,508.78,12.0,773.0,17.93687821221965,17.93687821221965,14.94,12.0,773.0,17.93687821221965,508.78,508.5,473.0,544.0,71.0,495.25,524.0,747.0
514.453663052924,513.3061224489796,17.0,1125.0,34.34233662645275,34.34233662645275,24.58892128279883,17.0,1125.0,34.34233662645276,513.3061224489796,517.0,421.0,587.0,166.0,497.0,532.0,1204.857142857143
507.99379917475375,507.86,18.0,562.0,11.658490468323931,11.658490468323931,9.02,18.0,562.0,11.658490468323931,507.86,507.0,485.0,547.0,62.0,500.25,514.75,451.0
497.2057521791155,496.6,25.0,1349.0,24.53568829277059,24.53568829277059,21.112,25.0,1349.0,24.535688292770597,496.6,500.5,445.0,536.0,91.0,476.0,520.0,1055.6
560.555082039223,560.48,13.0,289.0,9.174399162888,9.174399162888,7.084799999999996,13.0,289.0,9.174399162887998,560.48,561.5,537.0,575.0,38.0,556.0,567.0,354.2399999999998
541.4827051716426,540.8,19.0,1260.0,27.18234721285121,27.18234721285121,21.32,19.0,1260.0,27.18234721285121,540.8,541.0,462.0,625.0,163.0,524.5,559.0,1066.0
525.5829525393684,525.52,24.0,393.0,8.134469865947013,8.134469865947013,6.139200000000001,24.0,393.0,8.134469865947013,525.52,526.0,509.0,552.0,43.0,520.0,530.0,306.96000000000004
531.7538559007411,531.5918367346939,24.0,647.0,13.12563835935957,13.12563835935957,10.839650145772591,24.0,647.0,13.12563835935957,531.5918367346939,529.0,506.0,562.0,56.0,523.0,542.0,531.142857142857
498.6952576473933,498.52,18.0,631.0,13.220045385701214,13.220045385701214,10.396800000000002,18.0,631.0,13.220045385701216,498.52,499.5,469.0,531.0,62.0,490.5,506.0,519.8400000000001
491.78245190327806,491.1,17.0,966.0,25.899227787715983,25.899227787715983,19.748,17.0,966.0,25.899227787715983,491.1,489.0,426.0,550.0,124.0,477.5,507.25,987.4
514.9819889856265,514.6122448979592,25.0,1082.0,19.5111860396727,19.5111860396727,16.141607663473554,25.0,1082.0,19.5111860396727,514.6122448979592,515.0,468.0,552.0,84.0,502.0,529.0,790.9387755102042
508.41624678997033,508.32,23.0,565.0,9.892300035886498,9.892300035886498,8.1728,23.0,565.0,9.892300035886496,508.32,508.0,483.0,525.0,42.0,502.0,516.0,408.64
527.2028262443213,526.82,22.0,1034.0,20.08749859987549,20.08749859987549,15.54,22.0,1034.0,20.08749859987549,526.82,527.0,473.0,587.0,114.0,516.0,539.75,777.0
557.3540255563977,556.6470588235294,18.0,1339.0,28.063529839201543,28.063529839201543,23.32410611303344,18.0,1339.0,28.063529839201543,556.6470588235294,555.0,505.0,616.0,111.0,539.0,579.0,1189.5294117647054
573.8075656951376,573.5714285714286,30.0,995.0,16.460217966667514,16.460217966667514,13.924198250728864,30.0,995.0,16.460217966667518,573.5714285714286,575.0,540.0,606.0,66.0,562.0,585.0,682.2857142857143
521.2617384769383,519.64,13.0,1545.0,41.08613391401045,41.08613391401045,33.6512,13.0,1545.0,41.08613391401045,519.64,515.0,434.0,599.0,165.0,493.5,546.0,1682.56
513.5488769139621,512.8979591836735,21.0,1265.0,25.84825806151472,25.84825806151472,21.365264473136197,21.0,1265.0,25.84825806151472,512.8979591836735,510.0,463.0,573.0,110.0,498.0,535.0,1046.8979591836735
522.4455569722073,521.92,27.0,1264.0,23.428051562176485,23.428051562176485,19.0304,27.0,1264.0,23.428051562176485,521.92,520.5,461.0,572.0,111.0,503.25,540.75,951.5199999999998
499.6009607676911,499.4,23.0,701.0,14.168980203246807,14.168980203246807,10.743999999999996,23.0,701.0,14.168980203246807,499.4,499.0,476.0,544.0,68.0,490.0,505.75,537.1999999999998
535.4336373445359,534.7,21.0,1230.0,28.01945752508424,28.01945752508424,22.324,21.0,1230.0,28.01945752508424,534.7,537.5,480.0,600.0,120.0,514.5,550.75,1116.1999999999998
514.6279238440137,513.78,21.0,1577.0,29.529842532597428,29.529842532597428,23.38,21.0,1577.0,29.529842532597428,513.78,514.0,438.0,580.0,142.0,494.75,530.75,1169.0
514.9580723967055,503.0,8.0,1406.0,110.3304868408121,110.3304868408121,79.18367346938776,8.0,1406.0,110.3304868408121,503.0,502.0,221.0,675.0,454.0,466.0,566.0,3880.0
494.9834744716232,493.84,8.0,1035.0,33.62579961874513,33.62579961874513,27.412800000000008,8.0,1035.0,33.62579961874513,493.84,496.0,429.0,564.0,135.0,467.25,518.0,1370.6400000000003
535.3038389550368,533.16,12.0,1245.0,47.8603635590036,47.8603635590036,37.8528,12.0,1245.0,47.8603635590036,533.16,530.0,429.0,648.0,219.0,498.5,557.75,1892.64
520.0943568238364,519.98,26.0,593.0,10.9059433337974,10.9059433337974,8.6592,26.0,593.0,10.9059433337974,519.98,519.0,495.0,544.0,49.0,513.25,527.0,432.96
525.8412498083428,525.5,18.0,985.0,18.941224881194984,18.941224881194984,15.58,18.0,985.0,18.941224881194984,525.5,527.0,486.0,561.0,75.0,512.25,540.5,779.0
513.9075014046789,513.2,26.0,1427.0,26.95700280075661,26.95700280075661,20.416000000000004,26.0,1427.0,26.95700280075661,513.2,509.0,450.0,608.0,158.0,498.0,526.0,1020.8000000000002
508.3491689292119,508.2244897959184,24.0,619.0,11.25813140351788,11.25813140351788,9.208663057059558,24.0,619.0,11.25813140351788,508.2244897959184,508.0,480.0,526.0,46.0,502.0,518.0,451.2244897959184
496.99766599049536,496.24,10.0,873.0,27.43250626537794,27.43250626537794,23.24,10.0,873.0,27.432506265377945,496.24,497.5,444.0,552.0,108.0,476.25,520.5,1162.0
521.9652862020615,521.64,15.0,820.0,18.424722521655514,18.424722521655514,14.4944,15.0,820.0,18.424722521655514,521.64,522.5,479.0,568.0,89.0,508.25,533.0,724.72
519.1238965796123,518.98,18.0,642.0,12.222094746809976,12.222094746809976,9.783999999999995,18.0,642.0,12.222094746809974,518.98,521.0,487.0,538.0,51.0,512.25,527.0,489.1999999999998
491.53134182877903,488.14,16.0,1946.0,57.64026717495331,57.64026717495331,42.62640000000001,16.0,1946.0,57.64026717495331,488.14,496.5,275.0,580.0,305.0,464.25,522.0,2131.3200000000006
506.4921519628907,505.86,17.0,900.0,25.29743860551894,25.29743860551894,21.8024,17.0,900.0,25.29743860551894,505.86,514.0,454.0,548.0,94.0,482.75,523.5,1090.12
491.4288351328196,488.9,19.0,1833.0,49.79046093379735,49.79046093379735,35.368,19.0,1833.0,49.79046093379735,488.9,484.5,379.0,656.0,277.0,464.0,506.25,1768.4
527.9757570192025,527.52,20.0,1056.0,21.93284295297808,21.93284295297808,17.1616,20.0,1056.0,21.93284295297808,527.52,526.5,469.0,579.0,110.0,514.0,539.75,858.0799999999999
497.82390460884864,497.56,13.0,589.0,16.20760315407556,16.20760315407556,13.227199999999998,13.0,589.0,16.20760315407556,497.56,494.0,464.0,539.0,75.0,485.5,506.5,661.3599999999999
514.8249605448439,513.98,26.0,1616.0,29.483887125004397,29.483887125004397,23.06,26.0,1616.0,29.4838871250044,513.98,513.5,452.0,587.0,135.0,494.5,534.75,1153.0
465.9512206229317,465.54,19.0,1034.0,19.57162231395241,19.57162231395241,15.7,19.0,1034.0,19.57162231395241,465.54,465.5,427.0,504.0,77.0,450.5,479.75,785.0
564.3551412809102,538.9607843137255,5.0,2591.0,167.38577735915902,167.38577735915902,131.02191464821223,5.0,2591.0,167.38577735915902,538.9607843137255,573.0,1.0,767.0,766.0,457.5,674.0,6682.117647058823
508.6316742004965,508.42,23.0,820.0,14.672545791375128,14.672545791375128,12.1336,23.0,820.0,14.672545791375128,508.42,507.0,469.0,539.0,70.0,498.0,522.0,606.6800000000001
520.6300990146459,520.42,21.0,745.0,14.78930694792694,14.78930694792694,11.350399999999995,21.0,745.0,14.78930694792694,520.42,519.0,491.0,559.0,68.0,512.25,526.75,567.5199999999998
522.343679965595,522.16,25.0,759.0,13.851151576674049,13.851151576674049,10.7536,25.0,759.0,13.85115157667405,522.16,523.0,478.0,555.0,77.0,514.0,531.75,537.6800000000001
519.9831343418746,519.58,15.0,887.0,20.47153145223874,20.47153145223874,16.46,15.0,887.0,20.47153145223874,519.58,519.0,474.0,577.0,103.0,505.0,533.0,823.0
502.5600660617594,501.5,11.0,714.0,32.62468390651471,32.62468390651471,24.46,11.0,714.0,32.62468390651471,501.5,502.0,425.0,578.0,153.0,484.0,522.75,1223.0
562.2777474755003,562.0204081632653,31.0,1141.0,17.009588887422208,17.009588887422208,13.939192003331945,31.0,1141.0,17.009588887422208,562.0204081632653,558.0,530.0,602.0,72.0,550.0,573.0,683.0204081632653
538.7732918398981,518.58,8.0,2836.0,146.12133177602783,146.12133177602783,100.7528,8.0,2836.0,146.12133177602783,518.58,493.5,271.0,1022.0,751.0,441.25,573.25,5037.64
556.0667046317375,556.02,23.0,378.0,7.206913347612833,7.206913347612833,5.699200000000001,23.0,378.0,7.206913347612833,556.02,557.0,535.0,573.0,38.0,551.0,560.75,284.96000000000004
517.4914685287091,517.18,29.0,1011.0,17.95181327888634,17.95181327888634,14.1072,29.0,1011.0,17.95181327888634,517.18,517.0,473.0,560.0,87.0,504.5,528.5,705.3599999999999
547.5888786306749,547.3,19.0,914.0,17.784543851333382,17.784543851333382,14.624000000000006,19.0,914.0,17.784543851333382,547.3,550.5,507.0,584.0,77.0,535.75,560.75,731.2000000000003
523.6496336058207,523.5102040816327,25.0,636.0,12.08325278712377,12.08325278712377,9.74427321949188,25.0,636.0,12.08325278712377,523.5102040816327,525.0,501.0,553.0,52.0,516.0,530.0,477.4693877551021
492.7096305127392,489.82,16.0,2025.0,53.2836522772229,53.2836522772229,42.1144,16.0,2025.0,53.2836522772229,489.82,491.0,338.0,604.0,266.0,461.25,530.0,2105.7200000000003
565.475109973905,565.06,20.0,1067.0,21.663249987017185,21.663249987017185,16.669599999999992,20.0,1067.0,21.663249987017185,565.06,562.0,518.0,615.0,97.0,553.0,576.0,833.4799999999996
496.31459425508353,496.05882352941177,26.0,904.0,15.931731519334372,15.931731519334372,13.077277970011536,26.0,904.0,15.931731519334368,496.05882352941177,497.0,456.0,530.0,74.0,484.0,507.5,666.9411764705883
525.7889880931323,525.3,22.0,1040.0,22.67090646621789,22.67090646621789,17.923999999999996,22.0,1040.0,22.67090646621789,525.3,524.0,476.0,583.0,107.0,512.25,537.0,896.1999999999998
554.9044061818216,554.58,24.0,1096.0,18.971652537404324,18.971652537404324,14.929600000000004,24.0,1096.0,18.971652537404328,554.58,553.5,495.0,602.0,107.0,543.0,567.5,746.4800000000002
522.1439648219637,521.88,20.0,790.0,16.600771066429413,16.600771066429413,12.8304,20.0,790.0,16.600771066429413,521.88,519.0,496.0,578.0,82.0,509.5,528.0,641.52
524.9908189673415,523.12,17.0,1192.0,44.281210462226525,44.281210462226525,31.104000000000006,17.0,1192.0,44.281210462226525,523.12,520.5,421.0,655.0,234.0,505.75,544.75,1555.2000000000005
521.8116135158358,521.48,30.0,1062.0,18.600258062725903,18.600258062725903,15.257600000000002,30.0,1062.0,18.600258062725903,521.48,519.5,485.0,563.0,78.0,506.25,533.75,762.8800000000001
519.5606028174192,519.14,17.0,906.0,20.90168414267137,20.90168414267137,16.551199999999998,17.0,906.0,20.90168414267137,519.14,516.0,463.0,575.0,112.0,506.0,533.75,827.56
507.5807915987365,506.58,7.0,923.0,31.85849337303947,31.85849337303947,27.946399999999997,7.0,923.0,31.85849337303948,506.58,502.5,452.0,582.0,130.0,482.25,532.0,1397.3199999999997
501.95157136919096,501.82,18.0,551.0,11.49206682890419,11.49206682890419,9.464,18.0,551.0,11.49206682890419,501.82,499.0,483.0,532.0,49.0,493.25,509.25,473.19999999999993
530.3549566092505,528.9,14.0,1458.0,39.2577380907255,39.2577380907255,32.06399999999999,14.0,1458.0,39.2577380907255,528.9,532.0,430.0,601.0,171.0,508.5,558.75,1603.1999999999998
520.402805526642,519.8,21.0,1194.0,25.040766761423264,25.040766761423264,19.584,21.0,1194.0,25.04076676142326,519.8,519.0,462.0,595.0,133.0,502.25,534.75,979.1999999999998
500.39202631536807,500.26,19.0,431.0,11.49401583433745,11.49401583433745,9.26,19.0,431.0,11.49401583433745,500.26,501.0,468.0,523.0,55.0,493.25,507.0,463.0
527.1306479422345,525.88,14.0,1041.0,36.28974510795026,36.28974510795026,30.324800000000003,14.0,1041.0,36.28974510795026,525.88,529.0,464.0,597.0,133.0,493.5,559.0,1516.2400000000002
501.49340972738617,501.32,28.0,758.0,13.187023925056025,13.187023925056025,10.7872,28.0,758.0,13.187023925056025,501.32,502.0,474.0,541.0,67.0,492.0,509.75,539.3599999999999
546.7198185542572,546.28,20.0,980.0,21.925364307121555,21.925364307121555,17.3776,20.0,980.0,21.92536430712156,546.28,548.5,490.0,601.0,111.0,530.0,558.5,868.8800000000001
565.1705229397584,564.96,27.0,888.0,15.424603722624449,15.424603722624449,12.241599999999998,27.0,888.0,15.424603722624449,564.96,565.5,531.0,603.0,72.0,554.25,573.5,612.0799999999999
535.2824301245091,535.12,20.0,573.0,13.185810555290107,13.185810555290107,10.0752,20.0,573.0,13.185810555290107,535.12,536.0,504.0,568.0,64.0,529.0,544.0,503.76
526.9960341406755,526.46,20.0,1336.0,23.763173188781,23.763173188781,19.42,20.0,1336.0,23.763173188781,526.46,526.5,481.0,575.0,94.0,511.25,544.75,971.0
519.5492276964716,519.36,24.0,706.0,14.021069859322433,14.021069859322433,10.4432,24.0,706.0,14.021069859322434,519.36,518.0,491.0,559.0,68.0,512.0,525.75,522.1600000000001
501.8993723845449,501.46,24.0,1064.0,20.996390165930904,20.996390165930904,15.878399999999996,24.0,1064.0,20.9963901659309,501.46,501.0,449.0,552.0,103.0,488.0,514.5,793.9199999999998
566.7871734610796,566.46,23.0,840.0,19.255347309254123,19.255347309254123,15.7,23.0,840.0,19.255347309254123,566.46,566.5,530.0,615.0,85.0,551.5,576.75,785.0
551.3526820466188,551.02,20.0,941.0,19.15044646999124,19.15044646999124,14.9792,20.0,941.0,19.15044646999124,551.02,553.0,507.0,598.0,91.0,538.5,562.75,748.96
532.1857758339657,531.94,29.0,963.0,16.172087063826982,16.172087063826982,13.292800000000009,29.0,963.0,16.172087063826982,531.94,529.0,506.0,575.0,69.0,520.25,540.75,664.6400000000003
508.9681325977099,508.64,17.0,924.0,18.27321537113816,18.27321537113816,14.9344,17.0,924.0,18.273215371138164,508.64,509.5,465.0,552.0,87.0,495.25,520.75,746.72
506.8150352939424,506.44,12.0,707.0,19.49375284546308,19.49375284546308,15.467199999999998,12.0,707.0,19.49375284546308,506.44,509.0,450.0,559.0,109.0,491.5,518.75,773.3599999999999
538.7683546757363,518.58,8.0,2850.0,146.1031265921438,146.1031265921438,101.1696,8.0,2850.0,146.1031265921438,518.58,492.5,271.0,1022.0,751.0,445.75,573.25,5058.48
513.844704166541,513.26,22.0,1356.0,24.506170651491026,24.506170651491026,19.8304,22.0,1356.0,24.506170651491026,513.26,512.0,460.0,564.0,104.0,496.5,529.75,991.52
523.5259305898802,523.12,21.0,1194.0,20.61226819154069,20.61226819154069,16.0048,21.0,1194.0,20.61226819154069,523.12,522.0,477.0,592.0,115.0,510.0,534.5,800.24
537.7151104441831,535.82,16.0,1709.0,45.10507288543053,45.10507288543053,34.9,16.0,1709.0,45.10507288543053,535.82,535.5,413.0,619.0,206.0,517.5,569.5,1745.0
510.0605062147039,509.72,19.0,935.0,18.63441976558433,18.63441976558433,15.3312,19.0,935.0,18.63441976558433,509.72,510.5,471.0,558.0,87.0,495.25,523.5,766.56
503.1002882129964,502.74,23.0,971.0,19.036606840506003,19.036606840506003,14.6392,23.0,971.0,19.036606840506003,502.74,502.0,453.0,546.0,93.0,492.25,512.0,731.96
502.1697041486134,501.1960784313725,16.0,1408.0,31.255443201454348,31.255443201454348,25.14878892733564,16.0,1408.0,31.255443201454344,501.1960784313725,496.0,439.0,590.0,151.0,482.5,518.5,1282.5882352941176
501.73756088218073,500.26,26.0,1862.0,38.4774271489142,38.4774271489142,29.072,26.0,1862.0,38.47742714891421,500.26,492.0,438.0,630.0,192.0,473.75,516.75,1453.6
472.6052199008714,472.3877551020408,20.0,670.0,14.33536561114962,14.33536561114962,11.300291545189507,20.0,670.0,14.33536561114962,472.3877551020408,472.0,441.0,501.0,60.0,465.0,483.0,553.7142857142859
521.4218199171514,521.0,23.0,1170.0,20.96936541038583,20.96936541038583,16.775510204081634,23.0,1170.0,20.96936541038583,521.0,523.0,472.0,564.0,92.0,510.0,537.0,822.0
508.0425966392976,506.44,19.0,1657.0,40.321289661914335,40.321289661914335,33.96,19.0,1657.0,40.321289661914335,506.44,506.5,414.0,591.0,177.0,476.25,536.5,1698.0
541.3944403113131,540.38,10.0,1001.0,33.12696182869779,33.12696182869779,26.564799999999995,10.0,1001.0,33.12696182869779,540.38,544.5,454.0,614.0,160.0,520.5,560.0,1328.2399999999998
522.2360002910561,521.36,28.0,1934.0,30.23558168780617,30.23558168780617,24.1824,28.0,1934.0,30.23558168780617,521.36,523.0,461.0,591.0,130.0,499.75,542.75,1209.12
529.5564936812691,529.12,18.0,931.0,21.49664159816598,21.49664159816598,14.6704,18.0,931.0,21.49664159816598,529.12,530.5,444.0,589.0,145.0,517.75,539.0,733.52
516.0075387046201,514.9,9.0,886.0,33.790087303823285,33.790087303823285,29.552000000000007,9.0,886.0,33.79008730382329,514.9,524.0,452.0,582.0,130.0,487.25,544.25,1477.6000000000004
493.58727698351385,492.44,31.0,2118.0,33.63400660046317,33.63400660046317,25.0304,31.0,2118.0,33.63400660046317,492.44,487.5,423.0,612.0,189.0,472.25,508.5,1251.52
525.6687169691572,525.6,23.0,415.0,8.499411744350311,8.499411744350311,6.664000000000001,23.0,415.0,8.499411744350311,525.6,525.0,509.0,552.0,43.0,520.0,530.75,333.20000000000005
536.6906930439543,516.3,7.0,2721.0,146.53057701380962,146.53057701380962,101.748,7.0,2721.0,146.53057701380965,516.3,502.5,271.0,1022.0,751.0,436.75,571.0,5087.4
564.8349139350364,564.6,29.0,906.0,16.288646352597873,16.288646352597873,12.832,29.0,906.0,16.288646352597873,564.6,565.5,526.0,593.0,67.0,553.5,575.25,641.5999999999999
521.2509184644186,521.12,23.0,634.0,11.681849168689006,11.681849168689006,9.0896,23.0,634.0,11.681849168689006,521.12,521.0,498.0,547.0,49.0,515.0,527.75,454.48
510.27786548115137,510.1,21.0,733.0,13.471822445385778,13.471822445385778,10.872000000000003,21.0,733.0,13.471822445385778,510.1,509.0,484.0,540.0,56.0,501.0,518.75,543.6000000000001
510.8393680992098,510.58,13.0,515.0,16.276473819596184,16.276473819596184,13.2136,13.0,515.0,16.276473819596184,510.58,513.0,473.0,539.0,66.0,501.25,522.5,660.6800000000001
520.3596448611287,520.24,27.0,664.0,11.158064348263997,11.158064348263997,9.3296,27.0,664.0,11.158064348263997,520.24,519.5,490.0,539.0,49.0,513.0,529.0,466.48
570.736769448053,563.26,4.0,1321.0,92.07948957286852,92.07948957286852,72.2736,4.0,1321.0,92.07948957286852,563.26,536.5,409.0,785.0,376.0,510.75,608.75,3613.68
495.1937398635003,495.08,31.0,645.0,10.612897813509749,10.612897813509749,8.1664,31.0,645.0,10.612897813509749,495.08,494.0,470.0,522.0,52.0,488.25,501.75,408.32
513.5926011928132,513.0,22.0,1255.0,24.664954895559813,24.664954895559813,18.72,22.0,1255.0,24.664954895559813,513.0,511.0,442.0,575.0,133.0,499.0,525.5,936.0
497.0886238891411,496.94,17.0,585.0,12.15468633902167,12.15468633902167,10.0176,17.0,585.0,12.15468633902167,496.94,496.0,472.0,518.0,46.0,489.0,504.75,500.88
463.1970638939759,462.76,23.0,1078.0,20.11721650726064,20.11721650726064,16.311999999999998,23.0,1078.0,20.11721650726064,462.76,459.5,430.0,519.0,89.0,446.25,474.75,815.5999999999999
570.1625557680898,569.9,21.0,1027.0,17.30115603073968,17.30115603073968,14.144,21.0,1027.0,17.30115603073968,569.9,570.5,533.0,606.0,73.0,557.25,583.5,707.2
564.5687734899974,560.86,6.0,1595.0,64.60619474942013,64.60619474942013,46.832800000000006,6.0,1595.0,64.60619474942011,560.86,540.0,477.0,761.0,284.0,517.5,561.25,2341.6400000000003
509.7563243394648,509.4285714285714,21.0,626.0,18.276783533393687,18.276783533393687,13.241982507288627,21.0,626.0,18.276783533393687,509.4285714285714,512.0,454.0,552.0,98.0,499.0,520.0,648.8571428571428
520.896208471515,520.66,24.0,729.0,15.685164965661023,15.685164965661023,12.566399999999998,24.0,729.0,15.685164965661023,520.66,520.0,489.0,553.0,64.0,509.0,530.75,628.3199999999999
518.1337472120495,517.98,17.0,680.0,12.621394534678013,12.621394534678013,10.462399999999995,17.0,680.0,12.621394534678013,517.98,519.5,487.0,538.0,51.0,510.5,526.75,523.1199999999999
534.8251302996148,534.16,21.0,1183.0,26.66485327167581,26.66485327167581,22.6336,21.0,1183.0,26.66485327167581,534.16,538.5,471.0,588.0,117.0,513.5,553.75,1131.6799999999998
511.5287161548024,510.921568627451,23.0,1213.0,24.91542016995279,24.91542016995279,19.005767012687432,23.0,1213.0,24.91542016995279,510.921568627451,505.0,458.0,580.0,122.0,497.0,518.5,969.294117647059
473.6715317601429,473.32,20.0,896.0,18.245481632448072,18.245481632448072,14.0112,20.0,896.0,18.245481632448072,473.32,472.0,420.0,508.0,88.0,465.0,485.75,700.56
509.2902708672138,508.98,30.0,1047.0,17.77468987071223,17.77468987071223,13.818400000000002,30.0,1047.0,17.774689870712233,508.98,506.5,482.0,555.0,73.0,496.0,516.75,690.9200000000001
515.1981560526008,514.82,15.0,681.0,19.735946898996257,19.735946898996257,16.18,15.0,681.0,19.73594689899626,514.82,514.5,476.0,558.0,82.0,500.25,528.5,809.0
521.9874136413636,521.86,16.0,521.0,11.532579936857148,11.532579936857148,9.1,16.0,521.0,11.532579936857148,521.86,521.0,495.0,550.0,55.0,515.0,529.25,455.0
518.2860883602367,517.8571428571429,15.0,1014.0,21.08195862797944,21.08195862797944,17.32944606413994,15.0,1014.0,21.08195862797944,517.8571428571429,518.0,483.0,580.0,97.0,503.0,533.0,849.1428571428571
520.918266141628,520.64,15.0,643.0,17.024406010196067,17.024406010196067,14.7344,15.0,643.0,17.024406010196067,520.64,521.0,492.0,558.0,66.0,506.0,533.5,736.72
539.712571652727,529.26,9.0,2513.0,105.70483621859503,105.70483621859503,88.0112,9.0,2513.0,105.70483621859503,529.26,511.0,317.0,736.0,419.0,460.75,602.5,4400.56
486.37218259271367,485.78,23.0,1283.0,23.99357413975667,23.99357413975667,19.584000000000007,23.0,1283.0,23.99357413975667,485.78,490.0,434.0,546.0,112.0,466.25,501.25,979.2000000000004
556.8670757011946,556.34,11.0,849.0,24.22280743431694,24.22280743431694,19.34,11.0,849.0,24.222807434316938,556.34,556.0,503.0,615.0,112.0,537.25,571.0,967.0
501.299511270458,501.16,22.0,648.0,11.826005242684444,11.826005242684444,9.652800000000004,22.0,648.0,11.826005242684444,501.16,499.5,472.0,530.0,58.0,494.0,509.75,482.6400000000001
492.0326208697956,491.46,19.0,1215.0,23.7311693770029,23.7311693770029,18.4968,19.0,1215.0,23.731169377002896,491.46,490.0,439.0,535.0,96.0,479.0,510.5,924.84
528.6589070468784,528.28,22.0,1061.0,20.01203637814003,20.01203637814003,16.3488,22.0,1061.0,20.01203637814003,528.28,529.5,490.0,576.0,86.0,515.75,542.75,817.44
488.7315827732028,487.8,21.0,1659.0,30.16156494613633,30.16156494613633,22.312,21.0,1659.0,30.16156494613633,487.8,485.0,415.0,557.0,142.0,473.0,502.75,1115.6
535.4446936892735,535.06,19.0,1035.0,20.29325996482576,20.29325996482576,16.309599999999993,19.0,1035.0,20.29325996482576,535.06,532.0,490.0,581.0,91.0,522.25,550.5,815.4799999999996
468.6293631431987,468.32,25.0,1053.0,17.025204844582635,17.025204844582635,13.6,25.0,1053.0,17.025204844582632,468.32,468.5,430.0,501.0,71.0,455.25,481.75,680.0
507.9360392805377,507.46,10.0,653.0,21.985640768465224,21.985640768465224,15.25760000000001,10.0,653.0,21.985640768465224,507.46,514.0,424.0,539.0,115.0,506.0,519.0,762.8800000000006
556.1267121798772,555.56,18.0,1040.0,25.099928286750146,25.099928286750146,20.995200000000004,18.0,1040.0,25.099928286750146,555.56,558.0,505.0,608.0,103.0,539.25,575.5,1049.7600000000002
522.0968684066205,521.26,30.0,1860.0,29.549152272104184,29.549152272104184,25.14,30.0,1860.0,29.549152272104187,521.26,521.0,465.0,593.0,128.0,496.0,547.5,1257.0
536.7824140189393,533.56,7.0,1291.0,58.72892302775524,58.72892302775524,48.89919999999998,7.0,1291.0,58.72892302775524,533.56,510.0,450.0,655.0,205.0,493.75,567.25,2444.959999999999
554.3142610469263,551.7,8.0,1264.0,53.771832775162125,53.771832775162125,40.05200000000001,8.0,1264.0,53.77183277516213,551.7,541.0,449.0,722.0,273.0,519.25,581.5,2002.6000000000004
518.3302808055884,518.08,25.0,897.0,16.105700854045438,16.105700854045438,11.953599999999996,25.0,897.0,16.105700854045438,518.08,520.0,471.0,570.0,99.0,508.5,525.0,597.6799999999998
497.85911661834615,497.42,25.0,1123.0,20.905587769780595,20.905587769780595,16.230400000000003,25.0,1123.0,20.905587769780592,497.42,495.0,448.0,562.0,114.0,482.75,511.0,811.5200000000002
536.0205593071967,534.24,14.0,1505.0,43.653893297161936,43.653893297161936,33.3392,14.0,1505.0,43.653893297161936,534.24,531.0,413.0,619.0,206.0,517.75,561.0,1666.96
517.0300571533535,515.84,27.0,2298.0,35.059583568547986,35.059583568547986,30.1072,27.0,2298.0,35.059583568547986,515.84,513.5,459.0,576.0,117.0,483.0,546.5,1505.36
510.0639815808625,509.9183673469388,26.0,678.0,12.187040180242787,12.187040180242787,9.273635985006246,26.0,678.0,12.187040180242787,509.9183673469388,510.0,477.0,544.0,67.0,503.0,516.0,454.408163265306
491.5542492950295,489.9,14.0,1289.0,40.293547870595866,40.293547870595866,33.144000000000005,14.0,1289.0,40.293547870595866,489.9,490.5,408.0,567.0,159.0,455.75,518.0,1657.2000000000005
522.3737742268461,522.24,21.0,587.0,11.821268967416316,11.821268967416316,9.3504,21.0,587.0,11.821268967416316,522.24,524.0,496.0,558.0,62.0,513.5,527.75,467.52
490.69271443541936,488.38,9.0,1453.0,47.58482531227786,47.58482531227786,38.3648,9.0,1453.0,47.58482531227786,488.38,491.5,412.0,650.0,238.0,449.0,522.0,1918.24
507.9683257841969,507.58,24.0,1077.0,19.858590080869288,19.858590080869288,15.919199999999996,24.0,1077.0,19.858590080869288,507.58,505.0,473.0,552.0,79.0,491.25,520.25,795.9599999999998
508.8410753860187,508.72,26.0,633.0,11.099621615172294,11.099621615172294,8.2,26.0,633.0,11.099621615172293,508.72,508.5,477.0,547.0,70.0,502.25,515.75,410.0
519.1765980858537,517.02,15.0,1166.0,47.27218632557627,47.27218632557627,33.46,15.0,1166.0,47.27218632557627,517.02,517.5,403.0,662.0,259.0,499.75,536.25,1673.0
505.615703870044,496.0,6.0,1400.0,98.13888118375915,98.13888118375915,80.8,6.0,1400.0,98.13888118375915,496.0,492.5,345.0,719.0,374.0,414.0,547.75,4040.0
543.3636922364396,543.0,18.0,1023.0,19.877173863915527,19.877173863915527,16.612244897959183,18.0,1023.0,19.877173863915527,543.0,547.0,497.0,578.0,81.0,526.0,557.0,814.0
513.1447164299756,511.98,11.0,1058.0,34.554009897550245,34.554009897550245,23.345599999999997,11.0,1058.0,34.55400989755024,511.98,520.0,369.0,554.0,185.0,507.25,530.75,1167.2799999999995
504.7531277763418,504.56,22.0,773.0,13.961604492321074,13.961604492321074,11.737600000000002,22.0,773.0,13.961604492321074,504.56,505.5,468.0,534.0,66.0,494.0,515.75,586.8800000000001
519.7446296018844,518.76,12.0,800.0,31.97721688952933,31.97721688952933,23.3376,12.0,800.0,31.97721688952933,518.76,523.0,428.0,571.0,143.0,508.25,537.0,1166.88
533.7679500398988,533.2448979591836,26.0,1251.0,23.62420983431425,23.62420983431425,18.524781341107865,26.0,1251.0,23.62420983431425,533.2448979591836,533.0,487.0,585.0,98.0,518.0,548.0,907.7142857142852
516.7600398400695,516.4489795918367,23.0,977.0,17.92736048783557,17.92736048783557,13.237817576009997,23.0,977.0,17.92736048783557,516.4489795918367,517.0,469.0,568.0,99.0,509.0,527.0,648.6530612244898
491.9033262267508,491.62745098039215,16.0,639.0,16.472152119965482,16.472152119965482,13.007304882737408,16.0,639.0,16.472152119965482,491.62745098039215,492.0,454.0,530.0,76.0,482.0,501.0,663.3725490196078
494.5686807714374,494.42,20.0,625.0,12.1261535533738,12.1261535533738,9.6768,20.0,625.0,12.1261535533738,494.42,494.0,473.0,522.0,49.0,484.0,501.0,483.84
481.8434600573095,475.32,20.0,2989.0,79.01909642611714,79.01909642611714,57.052800000000005,20.0,2989.0,79.01909642611714,475.32,473.0,188.0,643.0,455.0,438.25,523.75,2852.6400000000003
521.3580535486145,521.1,19.0,752.0,16.401524319403975,16.401524319403975,12.948000000000002,19.0,752.0,16.401524319403975,521.1,520.5,492.0,568.0,76.0,508.25,529.75,647.4000000000001
506.55724256987975,506.44,23.0,575.0,10.897999816480086,10.897999816480086,9.3552,23.0,575.0,10.897999816480086,506.44,505.5,486.0,525.0,39.0,498.25,515.5,467.76
522.794778091748,522.58,10.0,551.0,14.98411158527592,14.98411158527592,11.9968,10.0,551.0,14.98411158527592,522.58,523.0,492.0,559.0,67.0,512.25,532.75,599.8399999999999
500.9668651717397,500.84,22.0,615.0,11.273615214295722,11.273615214295722,9.020799999999998,22.0,615.0,11.273615214295722,500.84,499.0,483.0,532.0,49.0,493.0,507.0,451.0399999999999
527.6558158496881,527.58,25.0,463.0,8.944473153853167,8.944473153853167,6.729600000000005,25.0,463.0,8.944473153853167,527.58,526.0,512.0,563.0,51.0,521.0,532.0,336.48000000000025
519.3624168150792,519.0,15.0,686.0,19.398969044771427,19.398969044771427,16.52,15.0,686.0,19.398969044771427,519.0,517.0,476.0,558.0,82.0,504.5,533.5,826.0
510.3748622336331,510.06,22.0,974.0,17.92474267597725,17.92474267597725,14.3848,22.0,974.0,17.92474267597725,510.06,507.5,471.0,558.0,87.0,497.0,521.5,719.24
549.7303973803173,549.4705882352941,23.0,930.0,16.899185432482543,16.899185432482543,13.695501730103809,23.0,930.0,16.899185432482543,549.4705882352941,549.0,516.0,588.0,72.0,538.0,562.5,698.4705882352941
531.6156318243474,531.46,25.0,670.0,12.862674682973212,12.862674682973212,10.496800000000002,25.0,670.0,12.86267468297321,531.46,529.0,506.0,562.0,56.0,523.25,541.0,524.8400000000001
504.7097779912729,503.92,16.0,1169.0,28.223989795916523,28.223989795916523,22.3968,16.0,1169.0,28.223989795916523,503.92,502.0,443.0,577.0,134.0,486.25,519.75,1119.84
495.0799127413674,494.52,27.0,1329.0,23.53910788453972,23.53910788453972,18.7008,27.0,1329.0,23.53910788453972,494.52,491.0,438.0,563.0,125.0,479.25,509.0,935.04
522.153598091596,520.98,10.0,963.0,34.98884965242498,34.98884965242498,29.2568,10.0,963.0,34.98884965242498,520.98,516.5,457.0,601.0,144.0,495.0,546.25,1462.84
503.2427048651575,502.62,16.0,992.0,25.027097314710705,25.027097314710705,19.82,16.0,992.0,25.027097314710705,502.62,502.0,443.0,574.0,131.0,487.25,518.5,991.0
523.1654613982081,522.3,34.0,1980.0,30.080059840366008,30.080059840366008,23.62400000000001,34.0,1980.0,30.080059840366008,522.3,524.5,461.0,591.0,130.0,499.75,541.75,1181.2000000000005
500.2049579922214,499.16,7.0,647.0,32.31554424731231,32.31554424731231,25.295999999999985,7.0,647.0,32.31554424731231,499.16,513.0,416.0,539.0,123.0,488.75,517.75,1264.7999999999993
620.4195515939193,594.46,1.0,2158.0,177.58864941206124,177.58864941206124,158.0232,1.0,2158.0,177.58864941206124,594.46,617.5,341.0,958.0,617.0,421.0,726.75,7901.16
480.8037229473166,479.54,11.0,989.0,34.836882753771185,34.836882753771185,27.8384,11.0,989.0,34.836882753771185,479.54,483.0,404.0,556.0,152.0,455.5,497.25,1391.9199999999998
507.5458008889444,503.94,9.0,1288.0,60.392188236559214,60.392188236559214,48.9824,9.0,1288.0,60.392188236559214,503.94,510.0,353.0,601.0,248.0,464.75,551.75,2449.12
512.0905532167895,511.83673469387753,22.0,823.0,16.12115727194408,16.12115727194408,13.282798833819236,22.0,823.0,16.12115727194408,511.83673469387753,508.0,483.0,548.0,65.0,502.0,523.0,650.8571428571427
529.0017580311052,528.58,21.0,910.0,21.11974431663414,21.11974431663414,17.533599999999996,21.0,910.0,21.119744316634137,528.58,529.5,486.0,571.0,85.0,511.0,544.0,876.6799999999998
509.8622559083973,509.6,20.0,803.0,16.351146748775758,16.351146748775758,14.087999999999996,20.0,803.0,16.351146748775758,509.6,512.0,480.0,547.0,67.0,496.5,523.75,704.3999999999999
533.6002248875088,532.88,15.0,1088.0,27.714718111501696,27.714718111501696,22.496,15.0,1088.0,27.714718111501696,532.88,530.0,485.0,614.0,129.0,515.0,553.75,1124.8000000000002
493.913737407657,490.66,16.0,1881.0,56.59986219064495,56.59986219064495,40.10079999999999,16.0,1881.0,56.59986219064496,490.66,496.5,275.0,580.0,305.0,477.5,525.75,2005.0399999999995
515.4136397108637,515.26,24.0,657.0,12.583815001818804,12.583815001818804,10.1104,24.0,657.0,12.583815001818806,515.26,514.0,485.0,545.0,60.0,508.0,522.75,505.52
492.9668548695744,489.68,5.0,1503.0,56.83148423189385,56.83148423189385,50.3744,5.0,1503.0,56.83148423189386,489.68,474.5,394.0,598.0,204.0,443.75,535.25,2518.72
494.19724807003934,494.04,21.0,654.0,12.46588945883927,12.46588945883927,10.7632,21.0,654.0,12.46588945883927,494.04,492.0,472.0,521.0,49.0,484.0,504.75,538.1600000000001
538.6603025735491,534.0588235294117,12.0,1810.0,70.25734537404664,70.25734537404664,55.00576701268742,12.0,1810.0,70.25734537404664,534.0588235294117,525.0,367.0,689.0,322.0,493.0,568.5,2805.2941176470586
506.5831422382707,506.4,25.0,722.0,13.620572675185135,13.620572675185135,10.271999999999998,25.0,722.0,13.620572675185135,506.4,505.0,474.0,549.0,75.0,496.25,513.0,513.5999999999999
518.2509801547629,517.2941176470588,12.0,771.0,31.478155586428727,31.478155586428727,23.1049596309112,12.0,771.0,31.478155586428723,517.2941176470588,522.0,428.0,571.0,143.0,507.0,534.0,1178.352941176471
543.3842839096471,543.04,22.0,987.0,19.340072388695965,19.340072388695965,16.15040000000001,22.0,987.0,19.340072388695965,543.04,548.0,497.0,578.0,81.0,526.5,556.5,807.5200000000004
398.9223232660714,394.86,3.0,1106.0,56.7855650671894,56.7855650671894,47.81360000000001,3.0,1106.0,56.7855650671894,394.86,417.5,260.0,498.0,238.0,351.75,436.5,2390.6800000000003
515.66859710556,515.4081632653061,26.0,914.0,16.386802015642804,16.386802015642804,12.743023740108288,26.0,914.0,16.386802015642804,515.4081632653061,514.0,482.0,563.0,81.0,504.0,526.0,624.4081632653061
501.8958457688208,501.76,27.0,688.0,11.676574840251742,11.676574840251742,8.931199999999999,27.0,688.0,11.676574840251742,501.76,500.0,480.0,531.0,51.0,495.25,506.25,446.56
508.7681986917028,508.6,20.0,573.0,13.081284340614266,13.081284340614266,10.368000000000002,20.0,573.0,13.081284340614264,508.6,506.5,475.0,534.0,59.0,501.25,515.75,518.4000000000001
479.41439277518566,478.68,18.0,1075.0,26.52579122288344,26.52579122288344,19.4128,18.0,1075.0,26.52579122288344,478.68,480.5,408.0,532.0,124.0,468.0,493.5,970.64
489.13711779009367,488.8,28.0,1094.0,18.15709227822561,18.15709227822561,15.376,28.0,1094.0,18.15709227822561,488.8,490.5,456.0,522.0,66.0,477.0,504.5,768.8
519.7558100116019,519.4081632653061,27.0,1073.0,19.006892807016776,19.006892807016776,14.57975843398584,27.0,1073.0,19.006892807016776,519.4081632653061,519.0,471.0,566.0,95.0,510.0,529.0,714.4081632653061
519.7262933506443,519.3,25.0,1234.0,21.0459022139703,21.0459022139703,17.671999999999997,25.0,1234.0,21.0459022139703,519.3,515.5,473.0,565.0,92.0,504.0,535.0,883.5999999999999
518.545774257201,517.8,28.0,1850.0,27.800719415151832,27.800719415151832,22.96,28.0,1850.0,27.80071941515183,517.8,515.5,465.0,584.0,119.0,502.25,535.5,1148.0
523.3104241270185,523.04,15.0,646.0,16.821367364159194,16.821367364159194,13.163199999999996,15.0,646.0,16.821367364159194,523.04,522.0,493.0,563.0,70.0,512.0,532.0,658.1599999999999
502.50500495019946,502.12,20.0,884.0,19.666865535717683,19.666865535717683,15.0496,20.0,884.0,19.666865535717683,502.12,500.0,455.0,559.0,104.0,488.75,515.0,752.48
555.8498898083906,555.82,20.0,295.0,5.764338643764782,5.764338643764782,4.968799999999992,20.0,295.0,5.764338643764781,555.82,557.0,543.0,567.0,24.0,551.0,560.0,248.4399999999996
500.2799616214905,499.64,23.0,1521.0,25.29645034387236,25.29645034387236,19.08,23.0,1521.0,25.29645034387236,499.64,499.5,442.0,564.0,122.0,485.75,512.0,954.0
499.12073710083575,496.8571428571428,10.0,1535.0,47.48146792084641,47.48146792084641,38.89212827988338,10.0,1535.0,47.48146792084641,496.8571428571428,489.0,396.0,591.0,195.0,469.0,527.0,1905.7142857142856
541.2180706517476,540.76,18.0,1030.0,22.262578467015,22.262578467015,18.4192,18.0,1030.0,22.262578467015,540.76,542.0,489.0,594.0,105.0,523.0,558.5,920.96
516.0058526799866,515.92,18.0,451.0,9.412417330314248,9.412417330314248,7.289600000000004,18.0,451.0,9.41241733031425,515.92,516.5,495.0,539.0,44.0,511.0,522.0,364.48000000000025
521.637062036236,520.8571428571429,31.0,1785.0,28.51422845685634,28.51422845685634,23.516034985422746,31.0,1785.0,28.514228456856337,520.8571428571429,519.0,470.0,587.0,117.0,497.0,539.0,1152.2857142857144
515.4206543983197,515.2352941176471,29.0,849.0,13.821818834505354,13.821818834505354,11.132641291810842,29.0,849.0,13.821818834505356,515.2352941176471,517.0,471.0,547.0,76.0,505.5,523.5,567.7647058823529
504.486503935498,504.3469387755102,22.0,700.0,11.86583333917118,11.86583333917118,9.594335693461051,22.0,700.0,11.86583333917118,504.3469387755102,503.0,480.0,531.0,51.0,496.0,513.0,470.1224489795917
513.7072317964776,513.36,25.0,973.0,18.884660441744774,18.884660441744774,15.7488,25.0,973.0,18.884660441744774,513.36,510.0,473.0,547.0,74.0,501.25,528.75,787.44
516.0916391494828,515.62,12.0,836.0,22.05891203119501,22.05891203119501,18.2848,12.0,836.0,22.05891203119501,515.62,514.0,468.0,562.0,94.0,500.25,530.75,914.24
506.3332696949708,506.14,20.0,690.0,13.988581057419657,13.988581057419657,10.7224,20.0,690.0,13.988581057419657,506.14,504.0,478.0,547.0,69.0,497.0,513.5,536.1199999999999
558.4409548018483,558.26,29.0,907.0,14.215217198481351,14.215217198481351,11.388800000000002,29.0,907.0,14.215217198481351,558.26,560.5,526.0,593.0,67.0,549.25,566.75,569.44
491.7481469207586,490.92,19.0,1296.0,28.527067847922964,28.527067847922964,22.7632,19.0,1296.0,28.52706784792296,490.92,491.5,428.0,556.0,128.0,470.0,508.5,1138.16
496.122824654195,495.0816326530612,14.0,1256.0,32.125288363475974,32.125288363475974,26.72636401499376,14.0,1256.0,32.125288363475974,495.0816326530612,498.0,420.0,547.0,127.0,470.0,522.0,1309.591836734694
540.8454122944929,537.88,12.0,1306.0,56.558514831986166,56.558514831986166,44.52,12.0,1306.0,56.558514831986166,537.88,537.0,417.0,662.0,245.0,507.0,583.25,2226.0
520.9194563461803,520.56,25.0,1120.0,19.34855033329371,19.34855033329371,14.982399999999998,25.0,1120.0,19.348550333293705,520.56,517.0,482.0,579.0,97.0,507.25,529.75,749.1199999999999
472.7489185603707,472.62,17.0,436.0,11.039728257525184,11.039728257525184,9.0296,17.0,436.0,11.039728257525184,472.62,472.0,452.0,499.0,47.0,465.0,479.75,451.48
518.1214722437201,517.82,23.0,885.0,17.672226798001436,17.672226798001436,13.907199999999998,23.0,885.0,17.672226798001436,517.82,518.5,471.0,554.0,83.0,506.5,527.75,695.3599999999999
536.6714264799273,534.74,15.0,1163.0,45.49013519434735,45.49013519434735,30.5784,15.0,1163.0,45.49013519434735,534.74,528.0,464.0,684.0,220.0,503.5,541.25,1528.92
521.3672985525656,521.06,21.0,831.0,17.897944016003624,17.897944016003624,14.1,21.0,831.0,17.897944016003624,521.06,521.5,485.0,574.0,89.0,509.0,531.0,705.0
506.7542797056577,506.42,27.0,940.0,18.40335838916365,18.40335838916365,15.1336,27.0,940.0,18.40335838916365,506.42,503.5,476.0,546.0,70.0,493.25,520.5,756.6800000000001
483.3663000251466,482.94,26.0,969.0,20.29621639616606,20.29621639616606,15.5048,26.0,969.0,20.29621639616606,482.94,486.0,420.0,530.0,110.0,474.25,498.0,775.24
527.3682963546444,527.32,26.0,386.0,7.137058217501102,7.137058217501102,5.651200000000008,26.0,386.0,7.137058217501101,527.32,527.0,515.0,547.0,32.0,523.0,532.0,282.5600000000004
529.074531611568,528.42,24.0,1484.0,26.309002261583387,26.309002261583387,20.7064,24.0,1484.0,26.30900226158339,528.42,530.0,455.0,591.0,136.0,511.0,546.75,1035.3200000000002
519.0867942839617,515.42,11.0,1248.0,61.58996346808463,61.58996346808463,49.1568,11.0,1248.0,61.58996346808464,515.42,513.5,403.0,662.0,259.0,471.0,556.0,2457.84
296.7457160600638,288.66,1.0,863.0,68.79988662781358,68.79988662781358,60.2488,1.0,863.0,68.79988662781356,288.66,320.5,154.0,374.0,220.0,224.5,342.5,3012.44
522.054020193313,520.32,14.0,1571.0,42.51467511342407,42.51467511342407,34.47840000000001,14.0,1571.0,42.51467511342407,520.32,515.0,434.0,611.0,177.0,493.5,546.75,1723.9200000000003
518.9912727363251,518.6078431372549,16.0,921.0,19.946082647853487,19.946082647853487,15.850826605151864,16.0,921.0,19.946082647853487,518.6078431372549,520.0,474.0,577.0,103.0,504.0,531.5,808.3921568627451
475.84739150278,475.34,23.0,1125.0,21.96871411803613,21.96871411803613,17.926400000000005,23.0,1125.0,21.96871411803613,475.34,478.0,425.0,514.0,89.0,461.75,494.75,896.3200000000002
504.6954527237193,504.38,28.0,1068.0,17.841401290257444,17.841401290257444,14.0944,28.0,1068.0,17.841401290257448,504.38,506.5,454.0,539.0,85.0,491.5,516.0,704.72
474.2407194663908,472.42,13.0,1296.0,41.51630523059585,41.51630523059585,32.3,13.0,1296.0,41.51630523059585,472.42,472.5,353.0,555.0,202.0,446.25,495.5,1615.0
524.683561777954,523.84,26.0,1714.0,29.740450568207606,29.740450568207606,23.5264,26.0,1714.0,29.740450568207603,523.84,525.0,457.0,584.0,127.0,505.5,541.0,1176.3200000000002
497.4400667417131,497.3,20.0,557.0,11.803812943282352,11.803812943282352,8.968,20.0,557.0,11.803812943282352,497.3,498.0,476.0,527.0,51.0,490.0,502.0,448.4
517.802684427186,517.62,20.0,688.0,13.753385037873402,13.753385037873402,10.7648,20.0,688.0,13.753385037873404,517.62,517.0,487.0,551.0,64.0,510.0,527.0,538.24
469.6834252983599,469.6,13.0,307.0,8.85211839053229,8.85211839053229,7.127999999999997,13.0,307.0,8.852118390532292,469.6,470.0,454.0,492.0,38.0,463.0,474.75,356.39999999999986
512.6042528110745,511.64,16.0,1288.0,31.42658746984788,31.42658746984788,24.025599999999997,16.0,1288.0,31.426587469847885,511.64,511.0,438.0,580.0,142.0,496.75,530.0,1201.2799999999995
569.8347304262877,569.54,23.0,935.0,18.32507571607823,18.32507571607823,14.94,23.0,935.0,18.325075716078228,569.54,569.5,530.0,615.0,85.0,557.0,581.75,747.0
522.4913546521842,522.3529411764706,22.0,611.0,12.025827645745103,12.025827645745103,9.640138408304498,22.0,611.0,12.025827645745103,522.3529411764706,524.0,496.0,558.0,62.0,513.0,530.0,491.6470588235294
511.3730927610486,510.56,20.0,1481.0,28.825794004675743,28.825794004675743,24.4576,20.0,1481.0,28.825794004675743,510.56,515.0,452.0,559.0,107.0,487.0,534.25,1222.88
541.3461867211693,541.1224489795918,25.0,955.0,15.56242551404022,15.56242551404022,13.390254060807996,25.0,955.0,15.562425514040218,541.1224489795918,541.0,504.0,572.0,68.0,529.0,555.0,656.1224489795918
499.2259007703827,499.14,22.0,502.0,9.260691118917636,9.260691118917636,7.156799999999999,22.0,502.0,9.260691118917636,499.14,498.0,476.0,522.0,46.0,493.0,504.5,357.8399999999999
466.6009215593128,466.54,14.0,236.0,7.539787795422361,7.539787795422361,6.14,14.0,236.0,7.539787795422361,466.54,466.5,454.0,483.0,29.0,460.0,471.0,307.0
521.7403377159945,521.38,18.0,1033.0,19.387511444226156,19.387511444226156,15.4104,18.0,1033.0,19.387511444226156,521.38,520.5,473.0,560.0,87.0,509.0,536.25,770.52
574.1982061971285,573.98,31.0,1010.0,15.828442753473883,15.828442753473883,13.2216,31.0,1010.0,15.828442753473889,573.98,574.5,542.0,606.0,64.0,562.25,585.0,661.0799999999999
503.51844057591376,502.86,18.0,1253.0,25.74180257868512,25.74180257868512,21.2144,18.0,1253.0,25.74180257868512,502.86,502.0,438.0,554.0,116.0,482.5,520.0,1060.72
522.663218526041,522.32,21.0,943.0,18.93825757560605,18.93825757560605,14.6,21.0,943.0,18.93825757560605,522.32,522.5,485.0,588.0,103.0,509.25,531.75,730.0
503.6642532481336,503.08,15.0,1071.0,24.252702942146467,24.252702942146467,19.4368,15.0,1071.0,24.25270294214647,503.08,504.5,446.0,545.0,99.0,487.0,523.0,971.84
482.0532750640742,481.24,16.0,1172.0,27.98968381386257,27.98968381386257,21.0208,16.0,1172.0,27.98968381386257,481.24,483.0,408.0,534.0,126.0,468.25,495.75,1051.04
508.0510407429553,507.78,17.0,712.0,16.593119055801413,16.593119055801413,13.388800000000002,17.0,712.0,16.593119055801413,507.78,508.0,478.0,547.0,69.0,495.25,518.0,669.44
517.3365249042445,517.16,29.0,772.0,13.513489556735522,13.513489556735522,10.36,29.0,772.0,13.51348955673552,517.16,517.5,477.0,548.0,71.0,508.0,526.25,518.0
520.6766366949836,520.36,18.0,869.0,18.1557263693855,18.1557263693855,13.9056,18.0,869.0,18.1557263693855,520.36,521.0,481.0,563.0,82.0,508.75,529.0,695.28
503.19829093509446,503.0,11.0,624.0,14.12515486640766,14.12515486640766,11.2,11.0,624.0,14.12515486640766,503.0,504.0,466.0,532.0,66.0,493.25,511.0,560.0
544.3290732635912,542.02,10.0,1191.0,50.08452455599434,50.08452455599434,40.7016,10.0,1191.0,50.08452455599434,542.02,538.5,463.0,655.0,192.0,503.75,570.25,2035.08
522.0388682847284,521.54,14.0,898.0,22.81684465477205,22.81684465477205,17.293600000000005,14.0,898.0,22.81684465477205,521.54,525.5,444.0,589.0,145.0,509.5,536.25,864.6800000000003
500.03191898117865,478.32,3.0,2505.0,145.7460037187984,145.7460037187984,107.97440000000002,3.0,2505.0,145.7460037187984,478.32,486.0,1.0,703.0,702.0,424.5,568.25,5398.720000000001
521.808585594373,521.32,30.0,1302.0,22.575597445029,22.575597445029,17.838400000000007,30.0,1302.0,22.575597445029,521.32,517.5,479.0,591.0,112.0,507.25,534.25,891.9200000000003
501.9515912914312,501.16,24.0,1556.0,28.17897088255708,28.17897088255708,21.425600000000003,24.0,1556.0,28.17897088255708,501.16,498.5,454.0,583.0,129.0,482.25,514.5,1071.2800000000002
501.7499576482294,501.54,26.0,844.0,14.513731429236246,14.513731429236246,11.521600000000005,26.0,844.0,14.513731429236246,501.54,500.0,480.0,547.0,67.0,491.0,510.0,576.0800000000002
504.7191803175229,504.078431372549,22.0,1318.0,25.424122509588116,25.424122509588116,19.69088811995386,22.0,1318.0,25.42412250958812,504.078431372549,502.0,438.0,573.0,135.0,487.5,520.0,1004.2352941176468
518.8483208029106,518.02,23.0,1437.0,29.30630648853588,29.30630648853588,20.9032,23.0,1437.0,29.30630648853588,518.02,514.5,469.0,637.0,168.0,500.0,531.0,1045.16
231.034153319374,223.94,4.0,1157.0,56.81246694168455,56.81246694168455,46.2976,4.0,1157.0,56.81246694168455,223.94,222.0,97.0,330.0,233.0,191.5,262.25,2314.88
523.6069709238027,523.46,15.0,588.0,12.405176338932067,12.405176338932067,9.918400000000002,15.0,588.0,12.405176338932067,523.46,523.0,495.0,555.0,60.0,513.5,533.0,495.9200000000001
638.5360913840344,614.18,3.0,2134.0,174.6747480318778,174.6747480318778,148.69680000000005,3.0,2134.0,174.6747480318778,614.18,671.0,341.0,958.0,617.0,421.0,726.75,7434.840000000002
588.1863650238757,587.92,20.0,927.0,17.699536717100816,17.699536717100816,14.323200000000002,20.0,927.0,17.699536717100816,587.92,588.0,551.0,625.0,74.0,577.0,602.5,716.1600000000001
495.3649361834162,495.26,24.0,579.0,10.195704978077778,10.195704978077778,8.040799999999999,24.0,579.0,10.195704978077778,495.26,494.0,470.0,518.0,48.0,489.25,502.5,402.04
520.4890776952001,519.88,23.0,1228.0,25.17271538789568,25.17271538789568,19.5152,23.0,1228.0,25.17271538789568,519.88,519.0,462.0,595.0,133.0,502.25,534.75,975.76
508.4236342232083,508.2244897959184,14.0,556.0,14.228837212265844,14.228837212265844,10.746355685131196,14.0,556.0,14.228837212265844,508.2244897959184,506.0,474.0,549.0,75.0,500.0,516.0,526.5714285714287
508.7660366022874,508.52,20.0,708.0,15.820543606336669,15.820543606336669,12.7408,20.0,708.0,15.820543606336663,508.52,507.5,478.0,547.0,69.0,496.25,518.0,637.04
511.5045063340106,511.22,29.0,1027.0,17.057889670179016,17.057889670179016,12.788800000000002,29.0,1027.0,17.057889670179016,511.22,510.5,477.0,567.0,90.0,502.5,521.75,639.44
523.1020932858136,522.84,20.0,747.0,16.557004560004202,16.557004560004202,12.827200000000005,20.0,747.0,16.557004560004202,522.84,520.0,498.0,578.0,80.0,511.25,529.5,641.3600000000001
514.7353494758253,513.6,21.0,1524.0,34.16899179080354,34.16899179080354,25.544000000000004,21.0,1524.0,34.168991790803545,513.6,512.0,435.0,637.0,202.0,490.5,531.25,1277.2000000000005
530.1695067451097,529.7843137254902,17.0,977.0,20.2061083032909,20.2061083032909,15.87543252595156,17.0,977.0,20.206108303290897,529.7843137254902,531.0,484.0,570.0,86.0,518.5,542.0,809.6470588235295
399.1219955689473,398.4489795918368,23.0,1183.0,23.168470151541054,23.168470151541054,18.07246980424823,23.0,1183.0,23.168470151541054,398.4489795918368,399.0,338.0,449.0,111.0,386.0,413.0,885.5510204081633
504.8296742466711,504.64,19.0,721.0,13.83728297029442,13.83728297029442,11.4544,19.0,721.0,13.83728297029442,504.64,505.0,474.0,537.0,63.0,494.25,515.25,572.72
522.652255328531,522.34,26.0,1022.0,18.063897696787368,18.063897696787368,14.34,26.0,1022.0,18.063897696787368,522.34,522.0,484.0,566.0,82.0,511.25,533.0,717.0
520.3715595610506,520.24,21.0,501.0,11.700529902530056,11.700529902530056,8.619200000000001,21.0,501.0,11.700529902530056,520.24,520.0,498.0,559.0,61.0,513.5,525.75,430.96
523.7593149529658,523.34,22.0,1165.0,20.95386360555017,20.95386360555017,17.351999999999993,22.0,1165.0,20.95386360555017,523.34,526.5,469.0,561.0,92.0,510.5,537.75,867.5999999999997
522.718521827211,522.4489795918367,23.0,812.0,16.784420891798824,16.784420891798824,13.06622240733028,23.0,812.0,16.784420891798824,522.4489795918367,519.0,496.0,578.0,82.0,511.0,531.0,640.2448979591837
527.1159110418404,526.6938775510204,22.0,968.0,21.08893130862985,21.08893130862985,15.66847147022075,22.0,968.0,21.08893130862985,526.6938775510204,529.0,459.0,575.0,116.0,514.0,538.0,767.7551020408167
512.0434651512327,511.6122448979592,10.0,753.0,21.010023192568585,21.010023192568585,16.68388171595168,10.0,753.0,21.010023192568585,511.6122448979592,510.0,468.0,562.0,94.0,500.0,529.0,817.5102040816324
505.4702562960555,505.06,18.0,676.0,20.36114927993997,20.36114927993997,15.403200000000002,18.0,676.0,20.36114927993997,505.06,509.5,448.0,534.0,86.0,497.25,518.75,770.1600000000001
514.7097434477027,514.0,25.0,1445.0,27.020732780589057,27.020732780589057,20.36,25.0,1445.0,27.020732780589057,514.0,510.5,450.0,608.0,158.0,498.5,526.75,1018.0
523.7707704712053,523.66,26.0,562.0,10.77146229627157,10.77146229627157,8.072799999999997,26.0,562.0,10.77146229627157,523.66,522.5,501.0,549.0,48.0,518.0,527.75,403.6399999999999
472.2070308667587,468.12,13.0,1481.0,61.99310929450143,61.99310929450143,52.07040000000001,13.0,1481.0,61.99310929450143,468.12,472.0,341.0,563.0,222.0,424.5,518.75,2603.5200000000004
517.3429616801604,517.02,23.0,970.0,18.277297393214347,18.277297393214347,15.5392,23.0,970.0,18.27729739321435,517.02,520.5,479.0,555.0,76.0,505.0,530.0,776.96
510.6804676115976,510.3,21.0,1004.0,19.70913493789111,19.70913493789111,15.58,21.0,1004.0,19.709134937891108,510.3,510.5,460.0,547.0,87.0,496.0,524.0,779.0
528.507254791594,527.9591836734694,20.0,1086.0,24.062808277313643,24.062808277313643,19.21699291961683,20.0,1086.0,24.06280827731364,527.9591836734694,524.0,487.0,583.0,96.0,511.0,543.0,941.6326530612246
402.22314702165016,401.18,21.0,1407.0,28.949397230339702,28.949397230339702,22.74,21.0,1407.0,28.949397230339702,401.18,402.5,338.0,485.0,147.0,380.0,414.75,1137.0
524.0976112542863,523.9795918367347,27.0,558.0,11.121756203850746,11.121756203850746,8.389004581424405,27.0,558.0,11.121756203850746,523.9795918367347,524.0,496.0,558.0,62.0,516.0,530.0,411.0612244897959
507.9254669732558,507.24,32.0,1709.0,26.379203930369087,26.379203930369087,21.3392,32.0,1709.0,26.379203930369087,507.24,506.0,459.0,574.0,115.0,488.0,522.25,1066.96
559.4099212563181,559.38,18.0,241.0,5.785810228481401,5.785810228481401,4.6352,18.0,241.0,5.785810228481401,559.38,559.0,541.0,572.0,31.0,555.25,563.0,231.76
512.9286858177205,512.204081632653,12.0,1033.0,27.25464168805667,27.25464168805667,20.257392753019573,12.0,1033.0,27.25464168805667,512.204081632653,511.0,435.0,587.0,152.0,496.0,524.0,992.612244897959
496.6883932608049,496.44,26.0,869.0,15.7062535316351,15.7062535316351,13.057600000000004,26.0,869.0,15.7062535316351,496.44,495.0,465.0,528.0,63.0,485.0,510.0,652.8800000000001
513.8547070914112,513.26,25.0,1318.0,24.715023770977847,24.715023770977847,20.0512,25.0,1318.0,24.715023770977847,513.26,510.5,457.0,564.0,107.0,496.0,529.75,1002.56
513.6732464141311,513.5102040816327,20.0,709.0,12.941189499912149,12.941189499912149,10.071636817992504,20.0,709.0,12.941189499912149,513.5102040816327,513.0,486.0,548.0,62.0,503.0,521.0,493.5102040816327
518.629848736071,518.36,19.0,813.0,16.728131993740362,16.728131993740362,14.08,19.0,813.0,16.728131993740366,518.36,518.5,477.0,550.0,73.0,503.25,533.0,704.0
513.1006139150488,512.8,28.0,1050.0,17.561321134812154,17.561321134812154,13.503999999999996,28.0,1050.0,17.561321134812154,512.8,512.0,487.0,562.0,75.0,498.5,522.0,675.1999999999998
539.6480890358085,536.94,9.0,1245.0,53.9953368356935,53.9953368356935,44.6152,9.0,1245.0,53.99533683569352,536.94,532.0,460.0,655.0,195.0,490.5,576.5,2230.76
523.5782272020103,523.04,23.0,1350.0,23.73432956710596,23.73432956710596,19.676800000000004,23.0,1350.0,23.73432956710596,523.04,527.0,475.0,570.0,95.0,507.25,540.75,983.84
498.9408181337743,498.26,27.0,1448.0,26.05594749764437,26.05594749764437,21.8096,27.0,1448.0,26.05594749764437,498.26,499.0,438.0,552.0,114.0,476.0,517.75,1090.48
520.3605480818084,519.94,17.0,1031.0,20.916414606714984,20.916414606714984,17.06,17.0,1031.0,20.916414606714984,519.94,519.0,483.0,580.0,97.0,505.25,533.75,853.0
533.2623931986955,527.58,2.0,1583.0,77.64099175049222,77.64099175049222,63.30880000000001,2.0,1583.0,77.64099175049222,527.58,499.5,415.0,722.0,307.0,474.25,564.0,3165.4400000000005
514.0426441454056,513.96,26.0,556.0,9.217288104426377,9.217288104426377,7.878400000000002,26.0,556.0,9.217288104426377,513.96,513.0,496.0,532.0,36.0,507.0,520.75,393.9200000000001
526.0720292887657,524.98,30.0,2131.0,33.87889608591165,33.87889608591165,26.5784,30.0,2131.0,33.87889608591165,524.98,521.0,467.0,640.0,173.0,500.5,547.0,1328.92
489.0446605372561,488.6,24.0,1148.0,20.84994004787544,20.84994004787544,16.76,24.0,1148.0,20.84994004787544,488.6,487.0,445.0,536.0,91.0,474.5,502.75,838.0
520.8164935944329,520.5,25.0,908.0,18.15406290613757,18.15406290613757,14.44,25.0,908.0,18.15406290613757,520.5,519.5,492.0,574.0,82.0,506.0,532.75,722.0
523.8817042042983,523.48,24.0,1022.0,20.511694225490004,20.511694225490004,15.8816,24.0,1022.0,20.511694225490007,523.48,524.0,476.0,583.0,107.0,513.0,534.0,794.0799999999999
513.7554865887079,513.06,20.0,1347.0,26.72333063074287,26.72333063074287,20.55199999999999,20.0,1347.0,26.723330630742865,513.06,509.0,447.0,580.0,133.0,497.5,528.75,1027.5999999999997
478.9444644215026,478.64,25.0,925.0,17.074846997850376,17.074846997850376,14.036799999999998,25.0,925.0,17.074846997850376,478.64,476.0,442.0,516.0,74.0,468.0,488.75,701.8399999999999
518.857610525277,518.54,24.0,957.0,18.15181533621362,18.15181533621362,14.164799999999996,24.0,957.0,18.15181533621362,518.54,517.0,478.0,562.0,84.0,506.5,529.5,708.2399999999998
502.3521474025965,502.2,24.0,616.0,12.362847568420472,12.362847568420472,8.832,24.0,616.0,12.362847568420474,502.2,503.0,471.0,530.0,59.0,499.0,509.0,441.6
510.9189599862872,510.4285714285714,18.0,981.0,22.379837864853776,22.379837864853776,18.22740524781341,18.0,981.0,22.37983786485378,510.4285714285714,509.0,449.0,559.0,110.0,495.0,526.0,893.1428571428572
524.5922225881737,504.4,5.0,2598.0,144.14451082160568,144.14451082160568,98.82399999999998,5.0,2598.0,144.14451082160568,504.4,515.5,1.0,797.0,796.0,447.0,561.75,4941.199999999999
504.2765114498196,504.04,14.0,683.0,15.442745869825094,15.442745869825094,12.526400000000002,14.0,683.0,15.442745869825094,504.04,501.5,474.0,541.0,67.0,492.25,514.25,626.3200000000002
560.8095933558911,551.56,6.0,1337.0,101.43454243994005,101.43454243994005,79.93919999999999,6.0,1337.0,101.43454243994005,551.56,530.0,389.0,785.0,396.0,484.75,608.75,3996.959999999999
521.340618022421,520.88,15.0,980.0,21.910399357382783,21.910399357382783,17.9648,15.0,980.0,21.910399357382783,520.88,522.0,476.0,565.0,89.0,506.0,537.75,898.24
515.4393659781914,515.14,19.0,848.0,17.564748788411407,17.564748788411407,13.74,19.0,848.0,17.564748788411407,515.14,516.0,473.0,559.0,86.0,507.25,526.75,687.0
575.5167764713727,575.28,29.0,1125.0,16.5070166898807,16.5070166898807,13.4112,29.0,1125.0,16.5070166898807,575.28,575.0,544.0,614.0,70.0,563.25,586.0,670.56
526.0172620741643,525.52,21.0,1226.0,22.8667793971954,22.8667793971954,18.7584,21.0,1226.0,22.8667793971954,525.52,527.5,475.0,570.0,95.0,511.5,543.75,937.92
523.0464797702017,522.94,25.0,627.0,10.553501788506033,10.553501788506033,8.262399999999998,25.0,627.0,10.553501788506033,522.94,524.0,501.0,550.0,49.0,517.0,528.75,413.1199999999999
502.904265243396,502.06,17.0,1144.0,29.12827492317388,29.12827492317388,23.655200000000004,17.0,1144.0,29.12827492317388,502.06,503.0,436.0,575.0,139.0,481.25,522.5,1182.7600000000002
541.1334031456569,517.72,7.0,3384.0,157.45272814403697,157.45272814403697,112.7952,7.0,3384.0,157.45272814403697,517.72,510.0,90.0,866.0,776.0,449.0,583.75,5639.76
508.7259380059169,508.6,20.0,581.0,11.319010557464816,11.319010557464816,8.728000000000002,20.0,581.0,11.319010557464818,508.6,507.0,483.0,542.0,59.0,502.0,514.5,436.4000000000001
499.63314541771547,498.92,18.0,1221.0,26.685456713348565,26.685456713348565,20.0128,18.0,1221.0,26.685456713348565,498.92,502.0,422.0,576.0,154.0,489.0,511.5,1000.64
503.66673870076966,503.2040816326531,26.0,1008.0,21.583231956952645,21.583231956952645,15.39192003331945,26.0,1008.0,21.583231956952645,503.2040816326531,503.0,456.0,583.0,127.0,490.0,514.0,754.204081632653
494.3000200322893,493.3725490196079,32.0,1978.0,30.26611434948703,30.26611434948703,23.967704728950405,32.0,1978.0,30.26611434948703,493.3725490196079,490.0,428.0,560.0,132.0,473.0,512.5,1222.3529411764707
511.9033893226338,511.2,27.0,1464.0,26.826106687329787,26.826106687329787,21.208,27.0,1464.0,26.826106687329787,511.2,510.0,454.0,587.0,133.0,491.75,529.5,1060.4
564.7898016076424,561.08,6.0,1523.0,64.62780825619882,64.62780825619882,46.71840000000002,6.0,1523.0,64.6278082561988,561.08,540.0,477.0,761.0,284.0,519.0,561.25,2335.920000000001
501.5754978066612,501.42,30.0,742.0,12.48853874558589,12.48853874558589,9.693600000000002,30.0,742.0,12.48853874558589,501.42,500.5,479.0,544.0,65.0,491.75,509.0,484.68000000000006
510.3047912767428,509.94,27.0,1135.0,19.29187393697149,19.29187393697149,15.262399999999998,27.0,1135.0,19.29187393697149,509.94,510.0,474.0,567.0,93.0,496.5,523.25,763.1199999999999
518.0116021866692,517.14,23.0,1668.0,30.037316790951888,30.037316790951888,22.0424,23.0,1668.0,30.037316790951884,517.14,515.0,421.0,580.0,159.0,503.25,535.5,1102.12
548.2112001774499,548.12,20.0,473.0,9.999279974078137,9.999279974078137,8.2544,20.0,473.0,9.999279974078132,548.12,547.5,524.0,568.0,44.0,542.25,555.75,412.72
490.1627688839698,489.22,20.0,1352.0,30.386371945331017,30.386371945331017,23.9488,20.0,1352.0,30.386371945331017,489.22,486.5,431.0,579.0,148.0,470.0,507.75,1197.44
499.945096985659,499.66,13.0,593.0,16.881480977686763,16.881480977686763,13.6992,13.0,593.0,16.881480977686763,499.66,497.0,464.0,539.0,75.0,488.25,512.75,684.96
526.8167631736716,526.7254901960785,19.0,434.0,9.806117401153118,9.806117401153118,8.208381391772397,19.0,434.0,9.806117401153118,526.7254901960785,524.0,505.0,551.0,46.0,520.5,534.0,418.62745098039227
491.1605032980564,490.44,29.0,1741.0,26.594104609856675,26.594104609856675,20.7728,29.0,1741.0,26.594104609856675,490.44,488.5,441.0,554.0,113.0,473.0,503.5,1038.64
514.6993102773696,508.62,5.0,1301.0,78.87379539492187,78.87379539492187,60.2792,5.0,1301.0,78.87379539492187,508.62,497.0,383.0,728.0,345.0,471.25,550.25,3013.96
507.9453513912693,507.56,22.0,1057.0,19.78197159031425,19.78197159031425,15.7168,22.0,1057.0,19.78197159031425,507.56,505.0,473.0,552.0,79.0,491.25,521.75,785.8399999999999
492.06296345081694,491.28,17.0,1088.0,27.747461145121008,27.747461145121008,21.7136,17.0,1088.0,27.747461145121008,491.28,487.5,437.0,557.0,120.0,477.25,508.75,1085.6799999999998
514.2392828246399,513.92,15.0,661.0,18.118322218130466,18.118322218130466,15.006400000000005,15.0,661.0,18.118322218130466,513.92,515.5,476.0,553.0,77.0,500.25,526.75,750.3200000000002
518.1180174439024,517.4,27.0,1731.0,27.267563147446825,27.267563147446825,22.56,27.0,1731.0,27.267563147446825,517.4,515.5,465.0,584.0,119.0,500.5,535.5,1128.0
536.6385934686398,536.5,19.0,539.0,12.195490970026585,12.195490970026585,9.92,19.0,539.0,12.195490970026585,536.5,535.5,513.0,568.0,55.0,526.25,545.5,496.0
518.5461406663827,518.46,22.0,460.0,9.451370271024198,9.451370271024198,7.844799999999996,22.0,460.0,9.451370271024196,518.46,519.0,498.0,535.0,37.0,511.0,526.0,392.2399999999998
531.2981648754304,530.74,21.0,1028.0,24.34732839553449,24.34732839553449,19.1,21.0,1028.0,24.34732839553449,530.74,530.5,473.0,587.0,114.0,516.0,543.0,955.0
524.9836949849014,524.28,12.0,980.0,27.172809939349296,27.172809939349296,23.2,12.0,980.0,27.172809939349296,524.28,524.0,459.0,572.0,113.0,504.75,546.75,1160.0
507.65515372351024,507.3877551020408,16.0,689.0,16.474861897820873,16.474861897820873,13.513536026655562,16.0,689.0,16.47486189782087,507.3877551020408,506.0,478.0,547.0,69.0,496.0,518.0,662.1632653061225
502.47477548629246,501.98,18.0,1078.0,22.29303927238276,22.29303927238276,17.823199999999996,18.0,1078.0,22.29303927238276,501.98,505.5,448.0,537.0,89.0,489.5,519.25,891.1599999999999
510.308010231196,509.4489795918368,16.0,1271.0,29.597339389863528,29.597339389863528,22.95626822157434,16.0,1271.0,29.597339389863528,509.4489795918368,512.0,438.0,567.0,129.0,496.0,530.0,1124.857142857143
514.8456661952201,514.62,23.0,730.0,15.2419027683554,15.2419027683554,11.2904,23.0,730.0,15.2419027683554,514.62,516.0,472.0,548.0,76.0,506.25,523.0,564.52
504.0789223921191,503.96,29.0,581.0,10.948899488076416,10.948899488076416,8.361600000000001,29.0,581.0,10.948899488076416,503.96,504.5,486.0,544.0,58.0,496.5,509.0,418.08
522.9889291371281,522.82,31.0,875.0,13.291636468095266,13.291636468095266,11.241599999999996,31.0,875.0,13.291636468095266,522.82,524.0,496.0,550.0,54.0,513.0,533.0,562.0799999999997
522.341918670137,522.08,12.0,737.0,16.539455855619916,16.539455855619916,13.366400000000004,12.0,737.0,16.53945585561992,522.08,520.0,492.0,563.0,71.0,511.0,530.5,668.3200000000002
504.7653118034162,504.58,15.0,643.0,13.676388412150336,13.676388412150336,10.6536,15.0,643.0,13.676388412150336,504.58,505.0,466.0,532.0,66.0,496.0,511.75,532.6800000000001
501.5278855656981,497.82,18.0,2089.0,60.87255210684041,60.87255210684041,41.7472,18.0,2089.0,60.8725521068404,497.82,498.0,275.0,634.0,359.0,479.0,529.25,2087.36
483.94233127512206,483.26,19.0,1042.0,25.68953872688258,25.68953872688258,21.1208,19.0,1042.0,25.68953872688258,483.26,479.5,428.0,547.0,119.0,463.25,502.0,1056.04
477.427146274696,477.32,21.0,470.0,10.11422760273863,10.11422760273863,7.9856,21.0,470.0,10.11422760273863,477.32,476.5,452.0,502.0,50.0,471.25,484.0,399.28
552.8876196841452,552.4,11.0,880.0,23.21551205552012,23.21551205552012,19.08,11.0,880.0,23.21551205552012,552.4,552.5,501.0,595.0,94.0,539.75,569.75,954.0
529.6883612087395,529.0,20.0,1258.0,26.995555189697438,26.995555189697438,21.52,20.0,1258.0,26.995555189697438,529.0,527.5,481.0,595.0,114.0,512.0,547.0,1076.0
520.63303775308,520.28,28.0,1127.0,19.169809597385157,19.169809597385157,15.24,28.0,1127.0,19.169809597385157,520.28,521.5,463.0,566.0,103.0,508.0,532.0,762.0
510.4933692027743,510.2,18.0,929.0,17.304334717058616,17.304334717058616,13.976,18.0,929.0,17.304334717058616,510.2,509.5,469.0,547.0,78.0,496.75,524.0,698.8
489.70217938028,488.8775510204082,29.0,1880.0,28.407122312619624,28.407122312619624,22.410662224073302,29.0,1880.0,28.407122312619624,488.8775510204082,489.0,451.0,566.0,115.0,466.0,504.0,1098.1224489795918
506.3492273125338,506.22,22.0,603.0,11.43903842112614,11.43903842112614,9.517600000000002,22.0,603.0,11.439038421126138,506.22,505.0,484.0,526.0,42.0,498.25,515.5,475.8800000000001
521.2729227573594,520.82,28.0,1355.0,21.72527560239455,21.72527560239455,16.867199999999997,28.0,1355.0,21.725275602394557,520.82,521.0,463.0,575.0,112.0,507.25,533.5,843.3599999999999
517.9177733965113,517.5,27.0,1161.0,20.798317239623017,20.798317239623017,17.1,27.0,1161.0,20.798317239623017,517.5,514.5,481.0,570.0,89.0,501.25,532.0,855.0
536.7220882356156,536.64,19.0,479.0,9.386714015032098,9.386714015032098,7.712000000000002,19.0,479.0,9.386714015032096,536.64,539.0,512.0,552.0,40.0,531.0,542.75,385.60000000000014
520.0819935356348,519.76,21.0,949.0,18.29815291224773,18.29815291224773,14.5696,21.0,949.0,18.29815291224773,519.76,521.0,485.0,588.0,103.0,507.25,531.0,728.48
525.2179737975463,524.84,26.0,1063.0,19.92220871289125,19.92220871289125,16.1728,26.0,1063.0,19.92220871289125,524.84,526.0,482.0,570.0,88.0,512.25,538.5,808.6399999999999
522.1664485583117,521.96,13.0,546.0,14.681907233053886,14.681907233053886,12.081599999999998,13.0,546.0,14.681907233053886,521.96,522.0,492.0,555.0,63.0,512.25,533.0,604.0799999999999
522.7070690166721,522.6,23.0,525.0,10.579224924350555,10.579224924350555,8.495999999999999,23.0,525.0,10.579224924350555,522.6,524.0,503.0,558.0,55.0,515.0,528.0,424.8
519.9022408107124,519.02,30.0,1888.0,30.27506564815343,30.27506564815343,23.6992,30.0,1888.0,30.275065648153436,519.02,522.5,436.0,593.0,157.0,501.25,535.75,1184.96
524.8327464675826,524.7450980392157,26.0,579.0,9.59134237319261,9.59134237319261,7.56401384083045,26.0,579.0,9.591342373192612,524.7450980392157,526.0,504.0,550.0,46.0,518.5,530.0,385.7647058823529
514.1204917137616,513.32,11.0,971.0,28.67852157974675,28.67852157974675,23.5584,11.0,971.0,28.67852157974675,513.32,504.5,449.0,594.0,145.0,494.25,535.75,1177.92
504.82079988843566,504.04,23.0,1572.0,28.066321454725767,28.066321454725767,22.2832,23.0,1572.0,28.06632145472577,504.04,502.0,454.0,585.0,131.0,481.5,522.25,1114.16
515.8022877033409,515.4,24.0,991.0,20.36762136333057,20.36762136333057,15.696,24.0,991.0,20.367621363330574,515.4,515.0,469.0,573.0,104.0,503.25,530.5,784.8
522.0132565366516,521.92,19.0,439.0,9.866792791986663,9.866792791986663,8.409600000000005,19.0,439.0,9.866792791986663,521.92,522.5,505.0,543.0,38.0,514.0,529.0,420.48000000000025
484.6643374542839,484.04,32.0,1617.0,24.59264930827909,24.59264930827909,18.8048,32.0,1617.0,24.59264930827909,484.04,483.5,444.0,553.0,109.0,466.25,495.75,940.24
542.1610092952093,541.4,11.0,1097.0,28.71584928223437,28.71584928223437,24.2,11.0,1097.0,28.71584928223437,541.4,541.0,482.0,600.0,118.0,521.25,564.0,1210.0
468.1241288376407,468.04,15.0,372.0,8.874592948411774,8.874592948411774,7.284800000000002,15.0,372.0,8.874592948411774,468.04,465.5,452.0,494.0,42.0,463.0,473.75,364.2400000000001
488.4396438806802,487.530612244898,20.0,1559.0,29.785698554854584,29.785698554854584,22.135776759683463,20.0,1559.0,29.785698554854584,487.530612244898,486.0,415.0,557.0,142.0,473.0,504.0,1084.6530612244896
469.4499121312092,469.34,13.0,431.0,10.157972238591714,10.157972238591714,8.234399999999996,13.0,431.0,10.157972238591716,469.34,466.0,452.0,499.0,47.0,463.0,477.0,411.7199999999998
535.0108223204462,534.86,21.0,645.0,12.702771351165856,12.702771351165856,9.98,21.0,645.0,12.702771351165856,534.86,534.5,499.0,562.0,63.0,526.25,543.0,499.0
507.28282052519774,507.1,19.0,634.0,13.618002790424152,13.618002790424152,10.624,19.0,634.0,13.618002790424152,507.1,506.5,474.0,549.0,75.0,497.25,513.0,531.2
514.6227744668904,514.08,24.0,1360.0,23.6295069775059,23.6295069775059,19.166400000000003,24.0,1360.0,23.629506977505898,514.08,512.0,460.0,564.0,104.0,496.5,529.75,958.3200000000002
517.4952824393076,517.0408163265306,21.0,1153.0,21.68321007908218,21.68321007908218,16.490628904623073,21.0,1153.0,21.68321007908218,517.0408163265306,516.0,464.0,590.0,126.0,503.0,529.0,808.0408163265306
463.1276281976708,462.92,24.0,754.0,13.866275635512226,13.866275635512226,11.529599999999997,24.0,754.0,13.866275635512228,462.92,466.5,429.0,493.0,64.0,454.25,472.75,576.4799999999998
475.88341009116925,473.14,4.0,1105.0,51.02509578628932,51.02509578628932,43.5576,4.0,1105.0,51.02509578628932,473.14,482.0,369.0,562.0,193.0,432.0,512.0,2177.88
526.4819844970956,523.88,19.0,2363.0,52.27834733424537,52.27834733424537,40.5888,19.0,2363.0,52.27834733424537,523.88,531.5,386.0,627.0,241.0,491.0,553.75,2029.44
561.7046213381666,561.2244897959183,19.0,1017.0,23.219683158135076,23.219683158135076,18.74135776759684,19.0,1017.0,23.219683158135076,561.2244897959183,567.0,505.0,608.0,103.0,546.0,578.0,918.326530612245
521.9155870444952,521.48,26.0,1334.0,21.318761690116997,21.318761690116997,17.761599999999998,26.0,1334.0,21.318761690116997,521.48,524.5,479.0,560.0,81.0,505.25,536.0,888.0799999999999
498.0570002622231,497.4693877551021,25.0,1396.0,24.186437455070006,24.186437455070006,19.64098292378176,25.0,1396.0,24.186437455070006,497.4693877551021,493.0,438.0,563.0,125.0,481.0,514.0,962.408163265306
473.3438073958505,472.76,16.0,990.0,23.501965875219884,23.501965875219884,18.2176,16.0,990.0,23.501965875219884,472.76,476.5,408.0,511.0,103.0,460.5,488.0,910.88
518.0201347438148,517.94,24.0,474.0,9.111333601619467,9.111333601619467,7.514399999999987,24.0,474.0,9.111333601619467,517.94,519.0,495.0,535.0,40.0,511.0,525.0,375.71999999999935
516.9617780842216,516.2,29.0,1700.0,28.054233192158364,28.054233192158364,22.84,29.0,1700.0,28.054233192158364,516.2,516.0,438.0,562.0,124.0,501.5,542.25,1142.0
523.8258871037208,523.64,12.0,544.0,13.95386684758028,13.95386684758028,11.6656,12.0,544.0,13.95386684758028,523.64,522.5,491.0,551.0,60.0,516.0,534.5,583.28
511.03214883494087,510.6326530612245,23.0,1093.0,20.20274165830684,20.20274165830684,16.86047480216577,23.0,1093.0,20.20274165830684,510.6326530612245,508.0,474.0,559.0,85.0,495.0,525.0,826.1632653061226
529.6184286823864,529.12,20.0,1044.0,22.971843635198287,22.971843635198287,19.0752,20.0,1044.0,22.971843635198287,529.12,532.0,486.0,591.0,105.0,511.25,544.75,953.76
515.1659732552218,514.94,25.0,870.0,15.257011502912356,15.257011502912356,12.02,25.0,870.0,15.257011502912356,514.94,514.5,482.0,550.0,68.0,504.0,525.25,601.0
522.5865095847768,522.14,23.0,1109.0,21.598157328809325,21.598157328809325,17.6144,23.0,1109.0,21.598157328809325,522.14,524.5,483.0,580.0,97.0,504.25,535.0,880.72
523.9075490962122,523.8,23.0,601.0,10.615083607772478,10.615083607772478,8.456000000000003,23.0,601.0,10.61508360777248,523.8,525.0,503.0,550.0,47.0,517.0,530.0,422.8000000000002
512.1649734216505,511.64,21.0,1302.0,23.18340785993293,23.18340785993293,18.32,21.0,1302.0,23.18340785993293,511.64,511.5,462.0,571.0,109.0,496.25,525.0,916.0
511.3741682955837,511.06,21.0,900.0,17.922510984792282,17.922510984792282,14.94,21.0,900.0,17.922510984792282,511.06,510.5,477.0,546.0,69.0,499.0,522.0,747.0
523.761472428051,522.96,30.0,1832.0,28.964088109243143,28.964088109243143,23.8384,30.0,1832.0,28.964088109243143,522.96,520.0,470.0,587.0,117.0,501.25,544.75,1191.92
517.4068611837304,517.3,23.0,622.0,10.515227054134398,10.515227054134398,8.66,23.0,622.0,10.515227054134398,517.3,517.5,503.0,547.0,44.0,508.0,525.25,433.0
522.7281894063109,522.52,30.0,924.0,14.7515965237665,14.7515965237665,12.377600000000005,30.0,924.0,14.751596523766503,522.52,524.0,487.0,550.0,63.0,513.0,533.0,618.8800000000001
486.7738900146556,486.42,19.0,928.0,18.55811412832672,18.55811412832672,15.34,19.0,928.0,18.55811412832672,486.42,486.0,448.0,531.0,83.0,471.5,500.0,767.0
514.8797917961045,514.32,26.0,1460.0,24.002866495483406,24.002866495483406,19.62560000000001,26.0,1460.0,24.00286649548341,514.32,513.0,469.0,565.0,96.0,500.0,527.75,981.2800000000002
522.2054002018746,521.48,32.0,1826.0,27.515261219912123,27.515261219912123,23.7824,32.0,1826.0,27.515261219912123,521.48,528.0,465.0,568.0,103.0,496.75,542.5,1189.12
478.7405978189024,478.24,19.0,1057.0,21.887494146201384,21.887494146201384,17.5792,19.0,1057.0,21.887494146201384,478.24,474.5,418.0,531.0,113.0,461.75,494.25,878.96
512.3363252826034,512.1836734693877,15.0,468.0,12.505792077482116,12.505792077482116,10.391503540191586,15.0,468.0,12.505792077482116,512.1836734693877,510.0,488.0,542.0,54.0,503.0,521.0,509.1836734693877
521.2888834418013,520.66,29.0,1461.0,25.598132744401493,25.598132744401493,19.6464,29.0,1461.0,25.598132744401493,520.66,519.5,453.0,580.0,127.0,503.25,535.5,982.32
499.724183925493,499.18,19.0,972.0,23.314965151164177,23.314965151164177,19.1184,19.0,972.0,23.314965151164177,499.18,502.0,442.0,559.0,117.0,482.5,515.0,955.9199999999998
502.1307001170114,500.04,13.0,1579.0,45.773774150707744,45.773774150707744,38.0032,13.0,1579.0,45.773774150707744,500.04,489.5,396.0,591.0,195.0,470.5,530.75,1900.16
509.8778677291259,509.56,29.0,1073.0,18.00128884274679,18.00128884274679,14.4096,29.0,1073.0,18.00128884274679,509.56,506.5,482.0,555.0,73.0,496.25,517.75,720.48
507.8923901772894,507.52,29.0,1072.0,19.445554761950092,19.445554761950092,16.2016,29.0,1072.0,19.445554761950092,507.52,505.0,473.0,547.0,74.0,492.25,522.0,810.0799999999999
520.1323869939267,519.82,23.0,909.0,18.02408388795392,18.02408388795392,13.881599999999992,23.0,909.0,18.02408388795392,519.82,521.0,474.0,562.0,88.0,511.0,529.75,694.0799999999997
530.2011316472268,527.44,15.0,1174.0,54.03967431434057,54.03967431434057,39.857600000000005,15.0,1174.0,54.03967431434057,527.44,526.5,403.0,662.0,259.0,506.25,559.25,1992.88
507.9841336104898,507.8,19.0,629.0,13.676256797823006,13.676256797823006,10.4,19.0,629.0,13.676256797823008,507.8,507.5,474.0,549.0,75.0,499.25,513.75,520.0
532.821076910439,532.14,15.0,1023.0,26.93177305711601,26.93177305711601,22.0312,15.0,1023.0,26.93177305711601,532.14,529.5,481.0,600.0,119.0,512.0,551.75,1101.56
489.6012050638764,488.9,29.0,1735.0,26.19408330138697,26.19408330138697,20.816,29.0,1735.0,26.19408330138697,488.9,486.0,445.0,554.0,109.0,468.0,503.5,1040.8
488.3798521642759,487.72,24.0,1334.0,25.378762775202414,25.378762775202414,19.6624,24.0,1334.0,25.378762775202414,487.72,489.0,435.0,564.0,129.0,468.5,503.0,983.12
503.6924474643759,503.1428571428572,21.0,1142.0,23.523327544705708,23.523327544705708,19.27696793002915,21.0,1142.0,23.523327544705708,503.1428571428572,506.0,448.0,546.0,98.0,488.0,521.0,944.5714285714284
501.4397271856309,500.88,19.0,1171.0,23.685978974912565,23.685978974912565,20.0352,19.0,1171.0,23.685978974912565,500.88,499.0,465.0,554.0,89.0,481.25,518.0,1001.76
549.5652827462812,548.64,21.0,1029.0,31.87711404754201,31.87711404754201,22.84,21.0,1029.0,31.87711404754201,548.64,549.0,449.0,638.0,189.0,530.0,559.5,1142.0
509.6848045606225,509.48,21.0,802.0,14.44747728844036,14.44747728844036,11.7792,21.0,802.0,14.44747728844036,509.48,508.5,469.0,540.0,71.0,499.0,522.0,588.96
502.6518079147831,501.96,19.0,1312.0,26.362822307181,26.362822307181,21.0,19.0,1312.0,26.362822307181,501.96,501.5,438.0,559.0,121.0,483.25,525.5,1050.0
525.284989315324,521.8,7.0,1439.0,60.40761541395257,60.40761541395257,51.352,7.0,1439.0,60.40761541395257,521.8,533.5,394.0,619.0,225.0,468.5,572.5,2567.6000000000004
545.8384862404121,545.4489795918367,18.0,899.0,20.617073590802438,20.617073590802438,16.93377759266972,18.0,899.0,20.617073590802438,545.4489795918367,549.0,490.0,593.0,103.0,530.0,559.0,829.7551020408163
519.7827430763741,519.38,25.0,1227.0,20.45765382442473,20.45765382442473,16.6448,25.0,1227.0,20.45765382442473,519.38,521.5,472.0,553.0,81.0,505.0,535.75,832.24
515.9512119001413,515.4489795918367,29.0,1306.0,22.759668252388195,22.759668252388195,18.03165347771762,29.0,1306.0,22.759668252388195,515.4489795918367,516.0,461.0,564.0,103.0,505.0,529.0,883.5510204081633
507.4160029009728,506.64,32.0,1684.0,28.05192328522235,28.05192328522235,21.567999999999994,32.0,1684.0,28.051923285222347,506.64,504.0,450.0,574.0,124.0,490.5,520.0,1078.3999999999996
537.8693149827382,537.4,23.0,1138.0,22.464193731358357,22.464193731358357,17.744,23.0,1138.0,22.464193731358357,537.4,538.5,481.0,584.0,103.0,523.25,554.5,887.2
563.2159976421125,559.3,10.0,1276.0,66.30060331550536,66.30060331550536,53.268,10.0,1276.0,66.30060331550536,559.3,546.0,460.0,719.0,259.0,510.75,598.75,2663.4
511.6855479686719,511.1,22.0,1364.0,24.472229158783225,24.472229158783225,19.984,22.0,1364.0,24.472229158783225,511.1,510.0,460.0,564.0,104.0,493.25,528.75,999.2
513.4557429808337,513.0,19.0,1028.0,21.62868465718616,21.62868465718616,17.52,19.0,1028.0,21.62868465718616,513.0,514.0,461.0,553.0,92.0,499.25,526.75,876.0
511.5313871112896,511.28,27.0,930.0,16.035011693166922,16.035011693166922,11.8912,27.0,930.0,16.035011693166922,511.28,510.5,477.0,567.0,90.0,504.0,521.75,594.56
498.1637080318075,497.52,17.0,963.0,25.316587447758437,25.316587447758437,21.0992,17.0,963.0,25.316587447758437,497.52,499.5,442.0,552.0,110.0,479.0,515.0,1054.96
520.0208841960099,519.12,26.0,1876.0,30.596496531465817,30.596496531465817,24.3904,26.0,1876.0,30.59649653146582,519.12,522.5,436.0,593.0,157.0,496.0,539.75,1219.52
537.5551878644648,517.26,6.0,2853.0,146.3136097565773,146.3136097565773,101.312,6.0,2853.0,146.31360975657734,517.26,492.5,271.0,1022.0,751.0,445.75,573.25,5065.6
509.23962925129854,508.72,24.0,1326.0,22.999165202241574,22.999165202241574,18.96,24.0,1326.0,22.99916520224158,508.72,508.5,460.0,554.0,94.0,493.25,523.75,948.0
446.39469082864326,445.42,21.0,1396.0,29.48293743845752,29.48293743845752,22.350400000000004,21.0,1396.0,29.48293743845752,445.42,441.0,394.0,538.0,144.0,424.0,457.75,1117.5200000000002
522.5219421230079,522.38,16.0,532.0,12.17848923306992,12.17848923306992,9.7856,16.0,532.0,12.17848923306992,522.38,521.0,495.0,550.0,55.0,515.0,530.0,489.28
522.9575126145527,522.48,25.0,1250.0,22.34299890345967,22.34299890345967,17.5392,25.0,1250.0,22.34299890345967,522.48,522.0,473.0,587.0,114.0,508.25,534.5,876.96
515.7541080786464,515.62,19.0,462.0,11.760765281222136,11.760765281222136,9.7952,19.0,462.0,11.760765281222136,515.62,516.0,490.0,542.0,52.0,507.0,523.0,489.76
511.9638463798005,511.78,25.0,777.0,13.719023288849684,13.719023288849684,11.0112,25.0,777.0,13.719023288849684,511.78,510.0,488.0,550.0,62.0,501.25,520.5,550.56
487.7181973230033,487.4,18.0,880.0,17.614766532656628,17.614766532656628,13.791999999999998,18.0,880.0,17.614766532656624,487.4,486.0,434.0,523.0,89.0,479.25,501.25,689.5999999999999
546.3830158414517,542.12,4.0,1535.0,68.11978860801023,68.11978860801023,54.2384,4.0,1535.0,68.11978860801023,542.12,522.5,433.0,722.0,289.0,492.5,564.0,2711.92
493.168916295421,492.98,23.0,744.0,13.649161146385518,13.649161146385518,10.94,23.0,744.0,13.649161146385516,492.98,492.5,467.0,523.0,56.0,483.0,500.75,547.0
489.9576408179776,489.7142857142857,27.0,748.0,15.440471601130133,15.440471601130133,12.291545189504372,27.0,748.0,15.440471601130133,489.7142857142857,490.0,453.0,530.0,77.0,481.0,502.0,602.2857142857142
521.0862884398322,520.84,34.0,1043.0,16.0191884938033,16.0191884938033,12.7536,34.0,1043.0,16.0191884938033,520.84,519.5,480.0,551.0,71.0,511.25,533.5,637.6800000000001
521.2995492037184,520.9,23.0,1079.0,20.406126531020043,20.406126531020043,16.7,23.0,1079.0,20.406126531020043,520.9,522.0,482.0,564.0,82.0,504.25,536.0,835.0
513.154830436195,512.52,23.0,1380.0,25.51724123019571,25.51724123019571,20.4624,23.0,1380.0,25.51724123019571,512.52,511.5,457.0,564.0,107.0,496.0,529.75,1023.12
563.7689420321059,562.54,13.0,1145.0,37.20441371665464,37.20441371665464,31.06,13.0,1145.0,37.20441371665464,562.54,565.0,482.0,641.0,159.0,528.5,588.25,1553.0
494.1505802064461,494.0204081632653,22.0,574.0,11.341615253926427,11.341615253926427,9.32944606413994,22.0,574.0,11.341615253926427,494.0204081632653,492.0,471.0,529.0,58.0,485.0,502.0,457.1428571428571
511.9183333306202,510.74,12.0,1387.0,34.71357659475612,34.71357659475612,28.232,12.0,1387.0,34.71357659475612,510.74,518.0,426.0,575.0,149.0,488.0,534.0,1411.6
555.7281709613073,555.52,20.0,712.0,15.20952333243879,15.20952333243879,12.5392,20.0,712.0,15.209523332438792,555.52,557.0,523.0,588.0,65.0,544.0,565.75,626.96
534.2734131509822,534.16,15.0,499.0,11.007924418345176,11.007924418345176,9.3136,15.0,499.0,11.007924418345176,534.16,537.0,508.0,552.0,44.0,526.25,542.0,465.68000000000006
497.4553246272473,497.24,17.0,639.0,14.634971814117034,14.634971814117034,11.48,17.0,639.0,14.634971814117032,497.24,497.5,473.0,534.0,61.0,488.0,503.0,574.0
562.2373520142539,561.96,21.0,734.0,17.657814134257954,17.657814134257954,14.681599999999998,21.0,734.0,17.657814134257954,561.96,562.0,525.0,600.0,75.0,548.25,573.5,734.0799999999999
499.5425507401747,499.04,23.0,1140.0,22.401749931645966,22.401749931645966,18.126400000000004,23.0,1140.0,22.401749931645966,499.04,496.0,452.0,552.0,100.0,485.0,516.0,906.3200000000002
524.5127453170228,524.42,28.0,588.0,9.86324490216075,9.86324490216075,8.186400000000003,28.0,588.0,9.86324490216075,524.42,525.0,499.0,542.0,43.0,516.0,532.0,409.32000000000016
514.7688607520855,514.42,15.0,650.0,18.948445846559554,18.948445846559554,15.196799999999998,15.0,650.0,18.948445846559554,514.42,513.5,476.0,558.0,82.0,501.0,526.75,759.8399999999999
511.2539486400081,510.88,18.0,789.0,19.550590783912387,19.550590783912387,16.0944,18.0,789.0,19.550590783912387,510.88,514.0,467.0,547.0,80.0,498.25,522.0,804.72
526.9360872060292,526.36,17.0,1073.0,24.63311592145825,24.63311592145825,21.0832,17.0,1073.0,24.63311592145825,526.36,521.0,481.0,591.0,110.0,508.0,546.75,1054.16
511.8739082617746,511.265306122449,14.0,782.0,24.953651330060044,24.953651330060044,19.09537692628072,14.0,782.0,24.953651330060044,511.265306122449,516.0,448.0,556.0,108.0,499.0,530.0,935.6734693877552
513.093909533138,512.6,19.0,1109.0,22.507776433935007,22.507776433935007,17.624000000000002,19.0,1109.0,22.507776433935007,512.6,510.5,475.0,585.0,110.0,496.0,523.75,881.2
515.9257698545402,515.64,18.0,792.0,17.169461261204443,17.169461261204443,14.3056,18.0,792.0,17.169461261204443,515.64,515.0,475.0,546.0,71.0,504.0,529.5,715.28
487.2119867162547,486.68,24.0,1381.0,22.76175740139588,22.76175740139588,16.0688,24.0,1381.0,22.76175740139588,486.68,485.0,432.0,548.0,116.0,476.25,495.5,803.44
504.0659877436683,503.92,13.0,422.0,12.13068835639594,12.13068835639594,9.8032,13.0,422.0,12.130688356395938,503.92,504.0,480.0,529.0,49.0,495.75,512.25,490.16
489.8408108763499,489.26,18.0,941.0,23.846853041858584,23.846853041858584,18.9712,18.0,941.0,23.846853041858584,489.26,485.5,447.0,541.0,94.0,472.25,500.75,948.56
496.9888529937065,496.04,29.0,1868.0,30.69590200661971,30.69590200661971,24.724800000000005,29.0,1868.0,30.69590200661971,496.04,492.0,428.0,560.0,132.0,473.0,517.0,1236.2400000000002
511.28911586303104,510.52,22.0,1402.0,28.033722549814893,28.033722549814893,23.3984,22.0,1402.0,28.033722549814893,510.52,515.0,452.0,559.0,107.0,487.0,531.5,1169.92
523.5609802114744,523.1,25.0,1204.0,21.965655009582573,21.965655009582573,18.176,25.0,1204.0,21.965655009582576,523.1,524.5,478.0,563.0,85.0,507.25,539.5,908.8
520.0618232479673,514.5,12.0,1873.0,75.85545464895718,75.85545464895718,57.32,12.0,1873.0,75.85545464895718,514.5,507.5,309.0,680.0,371.0,483.25,564.0,2866.0
503.2835383757351,502.64,24.0,1364.0,25.44308157436909,25.44308157436909,21.3712,24.0,1364.0,25.44308157436909,502.64,498.0,456.0,560.0,104.0,480.0,523.75,1068.56
483.4232720918595,482.66,23.0,1586.0,27.154822776074237,27.154822776074237,21.5928,23.0,1586.0,27.154822776074237,482.66,477.0,421.0,548.0,127.0,466.25,500.75,1079.64
549.8577088665758,549.66,19.0,773.0,14.743961475804255,14.743961475804255,12.074400000000004,19.0,773.0,14.743961475804255,549.66,552.0,517.0,576.0,59.0,541.0,561.5,603.7200000000003
490.71439758784334,489.94,28.0,1759.0,27.557510772927227,27.557510772927227,22.375200000000003,28.0,1759.0,27.557510772927223,489.94,488.0,434.0,549.0,115.0,470.25,507.75,1118.7600000000002
508.2093466279423,507.74,23.0,1259.0,21.836492392323454,21.836492392323454,17.7,23.0,1259.0,21.836492392323454,507.74,507.5,462.0,564.0,102.0,493.25,522.75,885.0
493.599655591452,493.5,25.0,530.0,9.918165152889925,9.918165152889925,7.6,25.0,530.0,9.918165152889925,493.5,495.0,462.0,516.0,54.0,489.0,501.0,380.0
507.7595887819352,507.6,24.0,674.0,12.72949331277565,12.72949331277565,10.336000000000004,24.0,674.0,12.72949331277565,507.6,505.5,479.0,540.0,61.0,499.25,516.0,516.8000000000002
467.3312957635087,466.82,31.0,1320.0,21.85469285988709,21.85469285988709,17.34,31.0,1320.0,21.85469285988709,466.82,468.0,410.0,508.0,98.0,454.25,481.5,867.0
506.5015103629998,506.3,17.0,661.0,14.28600713985542,14.28600713985542,10.776,17.0,661.0,14.286007139855418,506.3,504.5,478.0,547.0,69.0,497.0,513.5,538.8
528.3858060167779,527.96,23.0,976.0,21.20845114571076,21.20845114571076,15.487999999999992,23.0,976.0,21.20845114571076,527.96,530.0,459.0,575.0,116.0,518.25,538.75,774.3999999999996
495.8858538010537,495.62,14.0,694.0,16.235627490183433,16.235627490183433,13.4104,14.0,694.0,16.235627490183433,495.62,498.5,449.0,531.0,82.0,484.5,506.0,670.52
497.6645657468492,497.54,21.0,551.0,11.134109753366008,11.134109753366008,8.616799999999998,21.0,551.0,11.134109753366005,497.54,498.0,474.0,526.0,52.0,491.0,503.75,430.8399999999999
556.2120638749217,551.26,10.0,1787.0,74.05587350102624,74.05587350102624,55.4008,10.0,1787.0,74.05587350102624,551.26,545.5,345.0,736.0,391.0,505.5,587.0,2770.04
547.3431099411044,547.24,15.0,422.0,10.6236716816739,10.6236716816739,8.748800000000001,15.0,422.0,10.6236716816739,547.24,546.0,528.0,573.0,45.0,540.0,555.5,437.44000000000005
516.6246413015933,516.5,21.0,605.0,11.347686988985906,11.347686988985906,9.48,21.0,605.0,11.347686988985906,516.5,517.0,495.0,538.0,43.0,507.25,525.75,474.0
527.4123244672995,526.8,22.0,1277.0,25.40708562586429,25.40708562586429,20.544,22.0,1277.0,25.40708562586429,526.8,524.0,486.0,588.0,102.0,507.5,544.75,1027.1999999999998
555.7325075969553,555.1,17.0,961.0,26.50679158253597,26.50679158253597,20.428,17.0,961.0,26.50679158253597,555.1,553.0,490.0,620.0,130.0,535.75,568.75,1021.4
457.4047223193044,457.08,17.0,856.0,17.23234168649171,17.23234168649171,13.64,17.0,856.0,17.23234168649171,457.08,457.5,404.0,493.0,89.0,446.25,470.75,682.0
564.2339053973981,563.82,17.0,817.0,21.60804479817644,21.60804479817644,17.132800000000003,17.0,817.0,21.60804479817644,563.82,561.5,509.0,615.0,106.0,551.0,576.5,856.6400000000001
484.9193284475685,481.8163265306122,12.0,1383.0,54.77027104723196,54.77027104723196,43.07038733860891,12.0,1383.0,54.770271047231965,481.8163265306122,481.0,353.0,601.0,248.0,446.0,515.0,2110.4489795918366
570.8298170208,570.12,17.0,1150.0,28.458137676242977,28.458137676242977,21.6192,17.0,1150.0,28.458137676242977,570.12,568.0,508.0,640.0,132.0,557.0,587.0,1080.96
525.7939520382486,524.32,13.0,1426.0,39.3423130992574,39.3423130992574,31.401599999999988,13.0,1426.0,39.3423130992574,524.32,526.5,434.0,599.0,165.0,497.5,546.75,1570.0799999999997
533.7750649852427,533.46,15.0,727.0,18.337077193489694,18.337077193489694,14.823199999999996,15.0,727.0,18.33707719348969,533.46,536.5,483.0,566.0,83.0,520.0,545.0,741.1599999999999
507.5048965281025,507.34,31.0,761.0,12.936166356382405,12.936166356382405,9.8736,31.0,761.0,12.936166356382405,507.34,506.5,486.0,547.0,61.0,498.0,512.0,493.68
509.18803992238463,508.98,22.0,821.0,14.554023498675546,14.554023498675546,12.18,22.0,821.0,14.554023498675546,508.98,508.5,469.0,539.0,70.0,498.0,522.0,609.0
512.5990050712155,511.78,30.0,1747.0,28.96500647332916,28.96500647332916,22.4824,30.0,1747.0,28.965006473329154,511.78,511.0,445.0,577.0,132.0,490.0,527.75,1124.12
459.2539166953288,457.68,17.0,1386.0,37.98917740620347,37.98917740620347,30.283200000000008,17.0,1386.0,37.98917740620347,457.68,448.5,394.0,539.0,145.0,431.25,475.25,1514.1600000000003
505.1523928479405,505.02,24.0,657.0,11.564583866270327,11.564583866270327,9.502399999999998,24.0,657.0,11.564583866270327,505.02,504.0,487.0,536.0,49.0,496.0,512.75,475.1199999999999
533.8415495256996,533.32,18.0,1000.0,23.59189691398299,23.59189691398299,18.681599999999992,18.0,1000.0,23.591896913982985,533.32,538.5,459.0,572.0,113.0,519.0,549.75,934.0799999999996
499.7648074295528,498.8627450980392,26.0,1822.0,30.013735161535458,30.013735161535458,23.227220299884657,26.0,1822.0,30.013735161535458,498.8627450980392,496.0,441.0,577.0,136.0,479.5,511.5,1184.5882352941176
525.5268404182607,525.42,16.0,502.0,10.596395613603711,10.596395613603711,8.483200000000002,16.0,502.0,10.596395613603711,525.42,526.0,497.0,553.0,56.0,519.0,531.75,424.1600000000001
493.0746311023664,492.9591836734694,25.0,620.0,10.669351841670894,10.669351841670894,8.250728862973759,25.0,620.0,10.669351841670894,492.9591836734694,494.0,466.0,513.0,47.0,486.0,500.0,404.2857142857142
571.9962894128255,571.469387755102,16.0,1059.0,24.54575239933879,24.54575239933879,19.660141607663476,16.0,1059.0,24.54575239933879,571.469387755102,568.0,521.0,632.0,111.0,556.0,588.0,963.3469387755102
506.6751622094772,506.56,19.0,443.0,10.802147934554498,10.802147934554498,8.9824,19.0,443.0,10.802147934554498,506.56,506.0,490.0,535.0,45.0,497.25,514.0,449.12
521.0725669232645,520.26,31.0,1900.0,29.088698836489748,29.088698836489748,25.1088,31.0,1900.0,29.088698836489748,520.26,528.0,465.0,584.0,119.0,494.25,540.75,1255.44
518.0341108459944,517.7,23.0,1030.0,18.602419197513,18.602419197513,14.316000000000004,23.0,1030.0,18.602419197513,517.7,516.5,480.0,570.0,90.0,506.25,525.75,715.8000000000002
485.345423384212,484.98,23.0,879.0,18.830284118939893,18.830284118939893,13.6216,23.0,879.0,18.830284118939893,484.98,486.0,420.0,530.0,110.0,476.5,497.25,681.0799999999999
495.6452763822127,493.24,22.0,2282.0,48.77030243908685,48.77030243908685,40.0512,22.0,2282.0,48.77030243908684,493.24,508.5,374.0,618.0,244.0,457.25,524.75,2002.56
508.5536549863741,508.42,22.0,606.0,11.658627706552776,11.658627706552776,9.104000000000005,22.0,606.0,11.658627706552776,508.42,505.5,483.0,542.0,59.0,500.25,514.25,455.20000000000016
490.75293172838,490.04,17.0,1120.0,26.443116306517275,26.443116306517275,21.435199999999995,17.0,1120.0,26.44311630651728,490.04,492.5,428.0,552.0,124.0,470.0,507.75,1071.7599999999998
503.1212577500577,502.18367346938777,26.0,1740.0,30.701109113374667,30.701109113374667,23.623490212411497,26.0,1740.0,30.701109113374667,502.18367346938777,499.0,436.0,585.0,149.0,480.0,512.0,1157.5510204081634
511.1645527616327,510.56,25.0,1341.0,24.85329756792849,24.85329756792849,19.1824,25.0,1341.0,24.85329756792849,510.56,506.5,470.0,586.0,116.0,493.0,525.75,959.12
572.4991179032505,571.96,13.0,865.0,24.83945248994027,24.83945248994027,19.764799999999997,13.0,865.0,24.83945248994027,571.96,574.5,503.0,620.0,117.0,557.75,590.0,988.2399999999998
566.2904201909123,565.56,23.0,1177.0,28.75285029349264,28.75285029349264,21.812800000000006,23.0,1177.0,28.75285029349264,565.56,567.0,505.0,640.0,135.0,546.0,579.75,1090.6400000000003
528.7137789012123,528.34,21.0,1004.0,19.877233207868745,19.877233207868745,16.034400000000005,21.0,1004.0,19.877233207868745,528.34,524.5,495.0,579.0,84.0,514.0,538.75,801.7200000000003
483.1676520629253,482.58,15.0,985.0,23.822753829060147,23.822753829060147,19.7632,15.0,985.0,23.822753829060147,482.58,480.5,424.0,537.0,113.0,464.5,497.75,988.16
504.1263333728957,503.96,20.0,653.0,12.949069464637216,12.949069464637216,10.92,20.0,653.0,12.94906946463722,503.96,504.0,474.0,537.0,63.0,494.25,515.25,546.0
515.5280205769615,515.02,21.0,1154.0,22.880987740917128,22.880987740917128,18.6232,21.0,1154.0,22.880987740917128,515.02,512.0,463.0,570.0,107.0,499.5,532.0,931.16
513.0767536168842,512.8163265306123,15.0,750.0,16.34534630068437,16.34534630068437,12.662224073302792,15.0,750.0,16.34534630068437,512.8163265306123,512.0,474.0,564.0,90.0,501.0,523.0,620.4489795918369
524.0991127639886,524.0,25.0,618.0,10.192153844992726,10.192153844992726,8.36,25.0,618.0,10.192153844992726,524.0,524.5,499.0,542.0,43.0,516.0,532.0,418.0
515.8951250011963,515.78,22.0,547.0,10.898238389758228,10.898238389758228,9.037600000000005,22.0,547.0,10.898238389758228,515.78,517.0,488.0,547.0,59.0,507.0,522.75,451.8800000000001
493.4555096460065,492.78,25.0,1564.0,25.81107514227178,25.81107514227178,20.3712,25.0,1564.0,25.81107514227177,492.78,491.0,441.0,554.0,113.0,474.5,506.5,1018.56
497.8870152956392,497.76,21.0,605.0,11.245550231091409,11.245550231091409,9.238400000000002,21.0,605.0,11.245550231091409,497.76,499.0,472.0,517.0,45.0,490.0,504.0,461.9200000000001
482.1868310105534,481.74,14.0,858.0,20.75361173386454,20.75361173386454,16.9608,14.0,858.0,20.753611733864545,481.74,482.5,433.0,524.0,91.0,467.0,497.0,848.04
513.3446405681079,512.72,28.0,1397.0,25.31642944808766,25.31642944808766,18.3088,28.0,1397.0,25.31642944808766,512.72,509.5,450.0,608.0,158.0,498.5,521.75,915.44
510.229928561624,509.9,22.0,998.0,18.345844216061572,18.345844216061572,14.784,22.0,998.0,18.345844216061572,509.9,510.0,465.0,548.0,83.0,496.5,524.0,739.2
511.74448702453066,511.62,21.0,540.0,11.286965934209244,11.286965934209244,9.4352,21.0,540.0,11.286965934209244,511.62,512.0,492.0,534.0,42.0,502.0,519.75,471.76
527.4417882572445,519.84,6.0,1309.0,89.22563757127209,89.22563757127209,67.5856,6.0,1309.0,89.22563757127207,519.84,535.5,345.0,719.0,374.0,479.75,561.5,3379.28
518.0767124664069,517.76,26.0,1040.0,18.112492926154587,18.112492926154587,13.5888,26.0,1040.0,18.112492926154587,517.76,520.0,469.0,568.0,99.0,509.5,529.0,679.44
556.3974838188972,556.36,27.0,366.0,6.458358924680479,6.458358924680479,5.276799999999998,27.0,366.0,6.458358924680479,556.36,558.0,543.0,573.0,30.0,550.25,560.0,263.8399999999999
499.61279006846894,498.94,18.0,1171.0,25.91942128983593,25.91942128983593,21.5024,18.0,1171.0,25.91942128983593,498.94,501.5,448.0,546.0,98.0,477.0,519.5,1075.12
511.907667455763,511.82,26.0,541.0,9.473520992746046,9.473520992746046,8.02,26.0,541.0,9.473520992746044,511.82,511.5,485.0,529.0,44.0,504.25,518.0,401.0
524.8111279308014,524.4,24.0,1149.0,20.76920797719547,20.76920797719547,15.928000000000004,24.0,1149.0,20.769207977195467,524.4,525.5,477.0,592.0,115.0,511.0,539.0,796.4000000000001
516.5092835564527,516.36,18.0,676.0,12.41734271090236,12.41734271090236,10.3856,18.0,676.0,12.41734271090236,516.36,517.0,487.0,538.0,51.0,507.0,526.75,519.28
532.8861041535987,532.48,17.0,906.0,20.800230767950627,20.800230767950627,15.894400000000005,17.0,906.0,20.80023076795063,532.48,529.0,489.0,583.0,94.0,518.5,542.25,794.7200000000003
522.3544390545561,521.88,23.0,1272.0,22.258158054969417,22.258158054969417,17.84,23.0,1272.0,22.258158054969417,521.88,521.5,480.0,588.0,108.0,505.5,533.75,892.0
487.32005909874056,486.68,21.0,1214.0,24.96833194268292,24.96833194268292,20.2656,21.0,1214.0,24.96833194268292,486.68,489.0,439.0,552.0,113.0,469.0,501.75,1013.28
521.3010838277627,520.58,16.0,1327.0,27.40955307917296,27.40955307917296,23.573599999999995,16.0,1327.0,27.40955307917296,520.58,523.5,454.0,566.0,112.0,500.0,544.5,1178.6799999999998
557.3383356706797,547.9387755102041,6.0,1262.0,101.92702634994038,101.92702634994038,75.98833819241983,6.0,1262.0,101.92702634994038,547.9387755102041,566.0,221.0,675.0,454.0,503.0,617.0,3723.428571428572
501.50577264873033,500.92,20.0,1195.0,24.232077913377548,24.232077913377548,19.6336,20.0,1195.0,24.232077913377548,500.92,497.0,452.0,559.0,107.0,485.0,516.75,981.68
511.0015375990286,510.48979591836735,20.0,1146.0,22.86350130218654,22.86350130218654,18.968763015410246,20.0,1146.0,22.86350130218653,510.48979591836735,508.0,456.0,560.0,104.0,496.0,529.0,929.469387755102
515.5263329840678,515.08,25.0,1285.0,21.44746138823893,21.44746138823893,17.009600000000006,25.0,1285.0,21.44746138823893,515.08,513.5,471.0,570.0,99.0,502.5,531.0,850.4800000000002
507.05814262271736,506.16,25.0,1688.0,30.16644493472839,30.16644493472839,22.385600000000004,25.0,1688.0,30.16644493472839,506.16,504.0,446.0,599.0,153.0,483.25,517.0,1119.2800000000002
520.208092978185,519.86,27.0,1077.0,19.02735924924949,19.02735924924949,14.62,27.0,1077.0,19.02735924924949,519.86,519.0,473.0,560.0,87.0,509.0,532.0,731.0
516.0940418179617,515.7,14.0,670.0,20.16358103115615,20.16358103115615,14.443999999999996,14.0,670.0,20.16358103115615,515.7,518.0,448.0,556.0,108.0,506.25,529.25,722.1999999999998
521.3882046997227,521.22,30.0,759.0,13.242794267072188,13.242794267072188,10.22,30.0,759.0,13.242794267072188,521.22,521.5,478.0,555.0,77.0,514.0,530.0,511.0
507.6188136781378,507.42,18.0,713.0,14.205759395400165,14.205759395400165,11.78,18.0,713.0,14.205759395400165,507.42,507.5,474.0,537.0,63.0,496.0,518.0,589.0
462.71321571790014,462.44,24.0,881.0,15.89862887169834,15.89862887169834,12.8048,24.0,881.0,15.89862887169834,462.44,465.0,429.0,500.0,71.0,451.25,473.75,640.24
522.817004314129,522.7,26.0,586.0,11.060289327137877,11.060289327137877,8.528000000000002,26.0,586.0,11.060289327137877,522.7,522.0,496.0,558.0,62.0,515.0,528.0,426.4000000000001
491.0941661229545,490.56,30.0,1424.0,22.899048015146832,22.899048015146832,18.1872,30.0,1424.0,22.899048015146832,490.56,487.5,456.0,561.0,105.0,475.25,506.0,909.36
497.1875098994343,496.18,12.0,1037.0,31.63585940037033,31.63585940037033,25.7944,12.0,1037.0,31.63585940037033,496.18,493.5,432.0,581.0,149.0,472.25,517.75,1289.7199999999998
493.59149101255787,493.48,27.0,597.0,10.490452802429456,10.490452802429456,8.017600000000002,27.0,597.0,10.490452802429454,493.48,492.0,470.0,522.0,52.0,487.25,497.75,400.8800000000001
512.1497242018197,511.18,21.0,802.0,31.5015491682552,31.5015491682552,23.4128,21.0,802.0,31.5015491682552,511.18,514.0,428.0,571.0,143.0,497.0,526.0,1170.64
500.3483386601778,500.06,17.0,816.0,16.984004239283504,16.984004239283504,14.307199999999998,17.0,816.0,16.984004239283504,500.06,497.5,468.0,548.0,80.0,485.25,513.75,715.3599999999999
512.0085498329504,510.7959183673469,31.0,2222.0,35.21767853364924,35.21767853364924,30.485630987088715,31.0,2222.0,35.21767853364924,510.7959183673469,510.0,449.0,576.0,127.0,482.0,537.0,1493.795918367347
523.7039395751483,523.3673469387755,29.0,1084.0,18.77329179440837,18.77329179440837,14.037484381507708,29.0,1084.0,18.773291794408376,523.3673469387755,522.0,482.0,579.0,97.0,513.0,531.0,687.8367346938777
513.8246393469274,513.6,28.0,916.0,15.192103211866357,15.192103211866357,11.104,28.0,916.0,15.192103211866351,513.6,513.0,484.0,563.0,79.0,503.5,520.0,555.2
495.2844031463136,495.08,28.0,732.0,14.22791622128834,14.22791622128834,11.2464,28.0,732.0,14.227916221288346,495.08,492.0,461.0,531.0,70.0,487.0,501.75,562.3199999999999
525.3795199662811,524.96,23.0,1240.0,20.99138871061179,20.99138871061179,16.281599999999997,23.0,1240.0,20.991388710611787,524.96,525.0,477.0,592.0,115.0,511.5,540.75,814.0799999999999
511.1583120717103,510.58,26.0,1283.0,24.3080974162932,24.3080974162932,19.476800000000004,26.0,1283.0,24.3080974162932,510.58,512.5,449.0,558.0,109.0,498.0,525.75,973.84
478.62820644003,477.4,11.0,1166.0,34.26660181576224,34.26660181576224,28.6,11.0,1166.0,34.26660181576224,477.4,479.5,404.0,545.0,141.0,451.0,498.0,1430.0
503.6325446195867,503.06,30.0,1530.0,24.007840386007235,24.007840386007235,18.6648,30.0,1530.0,24.007840386007235,503.06,501.5,450.0,553.0,103.0,487.25,513.0,933.24
526.401367779378,525.84,11.0,956.0,24.30420539742042,24.30420539742042,18.145599999999995,11.0,956.0,24.30420539742042,525.84,530.0,444.0,589.0,145.0,512.0,539.0,907.2799999999996
513.1151527678753,512.88,23.0,825.0,15.53272674065954,15.53272674065954,12.1856,23.0,825.0,15.53272674065954,512.88,510.0,484.0,555.0,71.0,503.75,522.25,609.28
492.1206762573586,491.8,26.0,1022.0,17.762882648939616,17.762882648939616,13.704,26.0,1022.0,17.762882648939613,491.8,490.0,450.0,536.0,86.0,481.25,502.0,685.2
470.0114892212743,469.76,24.0,900.0,15.37343162732381,15.37343162732381,12.099200000000002,24.0,900.0,15.37343162732381,469.76,470.5,430.0,499.0,69.0,459.5,481.5,604.96
523.7035611870517,523.38,19.0,906.0,18.406401060500663,18.406401060500663,14.66,19.0,906.0,18.406401060500663,523.38,523.0,479.0,559.0,80.0,511.25,535.75,733.0
503.042185109758,502.52,23.0,1202.0,22.914833623659582,22.914833623659582,18.8976,23.0,1202.0,22.91483362365959,502.52,503.0,463.0,547.0,84.0,483.25,518.0,944.88
514.1944962754852,514.1,25.0,569.0,9.857484466130291,9.857484466130291,7.948000000000002,25.0,569.0,9.857484466130291,514.1,513.0,496.0,544.0,48.0,507.0,519.0,397.4000000000001
520.5562370372363,520.1428571428571,18.0,1024.0,20.741361614721757,20.741361614721757,16.384839650145775,18.0,1024.0,20.741361614721757,520.1428571428571,521.0,482.0,571.0,89.0,507.0,532.0,802.8571428571429
508.2005509638887,507.52,31.0,1615.0,26.2916260432861,26.2916260432861,21.2416,31.0,1615.0,26.291626043286104,507.52,506.0,464.0,574.0,110.0,488.0,522.25,1062.08
492.8201700417709,492.2,23.0,1501.0,24.71598672924065,24.71598672924065,19.936,23.0,1501.0,24.71598672924065,492.2,493.5,435.0,529.0,94.0,476.5,512.5,996.8
499.0380133572093,498.9387755102041,21.0,536.0,9.951736928214082,9.951736928214082,7.690129112869639,21.0,536.0,9.951736928214082,498.9387755102041,498.0,476.0,522.0,46.0,493.0,505.0,376.8163265306123
513.3595231414336,513.0,19.0,884.0,19.209372712298546,19.209372712298546,15.24,19.0,884.0,19.209372712298546,513.0,514.5,474.0,563.0,89.0,501.0,525.75,762.0
506.4121641509019,506.32,30.0,612.0,9.661138649248338,9.661138649248338,7.8256,30.0,612.0,9.661138649248336,506.32,506.0,479.0,525.0,46.0,499.25,513.75,391.28
492.7793420994837,492.28,23.0,1128.0,22.178403910110397,22.178403910110397,18.8224,23.0,1128.0,22.178403910110397,492.28,489.5,445.0,536.0,91.0,476.25,508.75,941.12
472.61593286727015,472.3,24.0,990.0,17.27802071997832,17.27802071997832,13.764,24.0,990.0,17.278020719978315,472.3,471.5,418.0,504.0,86.0,459.0,484.75,688.2
461.04817535697936,460.7,24.0,967.0,17.914519251154914,17.914519251154914,14.071999999999996,24.0,967.0,17.914519251154914,460.7,461.5,410.0,500.0,90.0,448.5,473.75,703.5999999999999
509.6741115654198,509.34,20.0,935.0,18.45167743052105,18.45167743052105,14.806400000000004,20.0,935.0,18.45167743052105,509.34,510.0,465.0,552.0,87.0,495.25,523.25,740.3200000000002
487.4173836480937,487.0392156862745,24.0,1038.0,19.19656912189047,19.19656912189047,16.275278738946557,24.0,1038.0,19.19656912189047,487.0392156862745,487.0,451.0,537.0,86.0,473.5,500.5,830.0392156862745
517.395187453459,517.26,15.0,547.0,11.826766252868955,11.826766252868955,9.400799999999998,15.0,547.0,11.826766252868955,517.26,517.0,495.0,547.0,52.0,509.25,525.75,470.04
525.5110274770644,525.44,20.0,410.0,8.639814812830192,8.639814812830192,6.622399999999998,20.0,410.0,8.639814812830192,525.44,526.0,509.0,552.0,43.0,520.0,530.0,331.1199999999999
493.89549006043865,493.6122448979592,21.0,789.0,16.72443687655833,16.72443687655833,12.951270304039983,21.0,789.0,16.72443687655833,493.6122448979592,493.0,466.0,546.0,80.0,482.0,501.0,634.6122448979592
510.0765848860145,509.265306122449,22.0,1505.0,28.75709354207969,28.75709354207969,24.453144523115373,22.0,1505.0,28.75709354207969,509.265306122449,512.0,452.0,559.0,107.0,493.0,532.0,1198.2040816326532
520.9294769928075,520.8,25.0,650.0,11.61378491276638,11.61378491276638,9.224000000000006,25.0,650.0,11.61378491276638,520.8,522.0,494.0,545.0,51.0,513.25,527.0,461.2000000000003
494.1551982930059,493.92,22.0,883.0,15.244461289268308,15.244461289268308,12.027200000000002,22.0,883.0,15.244461289268308,493.92,491.0,462.0,536.0,74.0,483.0,501.5,601.3600000000001
520.1758336939382,519.9591836734694,20.0,665.0,15.01150468151007,15.01150468151007,12.2457309454394,20.0,665.0,15.011504681510068,519.9591836734694,520.0,489.0,553.0,64.0,509.0,530.0,600.0408163265306
539.7306179938284,538.26,9.0,1126.0,39.81598171588891,39.81598171588891,33.5,9.0,1126.0,39.81598171588891,538.26,539.0,435.0,608.0,173.0,506.25,570.25,1675.0
523.1053240027289,519.74,10.0,1328.0,59.24113773384167,59.24113773384167,43.23039999999999,10.0,1328.0,59.24113773384168,519.74,521.0,309.0,603.0,294.0,500.25,563.75,2161.5199999999995
522.0233902805505,521.66,24.0,1096.0,19.474711807880496,19.474711807880496,15.42,24.0,1096.0,19.474711807880496,521.66,521.5,487.0,566.0,79.0,507.25,534.25,771.0
519.336775391951,517.8627450980392,13.0,1084.0,39.1006843166851,39.1006843166851,25.63398692810457,13.0,1084.0,39.1006843166851,517.8627450980392,522.0,369.0,601.0,232.0,508.0,534.5,1307.333333333333
517.2098026913256,516.86,29.0,1233.0,19.01894844622068,19.01894844622068,16.156799999999997,29.0,1233.0,19.01894844622068,516.86,520.5,479.0,555.0,76.0,498.75,532.0,807.8399999999999
516.5731076142118,515.3673469387755,21.0,1803.0,35.27425717845634,35.27425717845634,26.757184506455648,21.0,1803.0,35.27425717845634,515.3673469387755,513.0,438.0,626.0,188.0,494.0,530.0,1311.1020408163267
509.4826002917077,509.16,26.0,975.0,18.127724622798087,18.127724622798087,14.672000000000008,26.0,975.0,18.127724622798087,509.16,507.0,469.0,555.0,86.0,495.25,522.0,733.6000000000004
500.48616364491033,500.36,26.0,637.0,11.237010278539396,11.237010278539396,8.723200000000002,26.0,637.0,11.237010278539396,500.36,498.0,477.0,536.0,59.0,492.25,506.0,436.1600000000001
493.6350068623578,492.76,20.0,1269.0,29.378604459708427,29.378604459708427,21.7504,20.0,1269.0,29.378604459708427,492.76,491.0,438.0,598.0,160.0,477.25,503.0,1087.52
517.0653730429065,516.92,28.0,718.0,12.26024469576362,12.26024469576362,9.76,28.0,718.0,12.26024469576362,516.92,516.5,488.0,544.0,56.0,509.0,525.0,488.0
402.4734773870199,401.5,21.0,1336.0,27.975882470442286,27.975882470442286,21.38,21.0,1336.0,27.975882470442286,401.5,399.5,338.0,485.0,147.0,386.25,413.75,1069.0
522.930741112052,522.56,21.0,970.0,19.687722062239704,19.687722062239704,15.017600000000002,21.0,970.0,19.687722062239704,522.56,524.0,487.0,592.0,105.0,509.5,529.75,750.8800000000001
520.5904222660095,519.6938775510204,25.0,1848.0,30.5395054165428,30.5395054165428,24.161599333611,25.0,1848.0,30.5395054165428,519.6938775510204,522.0,436.0,593.0,157.0,499.0,539.0,1183.9183673469388
560.7188065331856,560.5,28.0,930.0,15.66301375853319,15.66301375853319,12.76,28.0,930.0,15.66301375853319,560.5,562.5,526.0,593.0,67.0,550.5,571.0,638.0
498.3247535493295,497.16,11.0,1350.0,34.05134945930924,34.05134945930924,26.8992,11.0,1350.0,34.05134945930924,497.16,495.0,436.0,593.0,157.0,472.25,517.5,1344.96
500.5074824615512,500.38,26.0,651.0,11.29582223656162,11.29582223656162,8.7304,26.0,651.0,11.29582223656162,500.38,498.0,477.0,536.0,59.0,492.0,506.0,436.52
498.64456278996965,498.56,19.0,466.0,9.182940705460314,9.182940705460314,7.049600000000001,19.0,466.0,9.182940705460314,498.56,497.0,476.0,522.0,46.0,492.0,502.0,352.48
524.786547083669,524.36,23.0,1213.0,21.154441613996813,21.154441613996813,16.665599999999998,23.0,1213.0,21.15444161399681,524.36,525.0,477.0,592.0,115.0,511.0,540.75,833.28
491.8284917591929,490.6938775510204,30.0,2090.0,33.3883788175862,33.3883788175862,24.98458975426906,30.0,2090.0,33.3883788175862,490.6938775510204,486.0,423.0,612.0,189.0,469.0,511.0,1224.2448979591838
513.5034761323433,513.1,24.0,1147.0,20.35214976359991,20.35214976359991,16.412,24.0,1147.0,20.35214976359991,513.1,515.5,446.0,545.0,99.0,501.0,526.75,820.5999999999999
508.2641439251839,507.36,17.0,1406.0,30.302976751467835,30.302976751467835,25.2832,17.0,1406.0,30.302976751467835,507.36,504.5,449.0,566.0,117.0,484.5,529.0,1264.16
522.3784643340497,522.06,21.0,1017.0,18.23777398697549,18.23777398697549,14.78,21.0,1017.0,18.23777398697549,522.06,523.0,487.0,571.0,84.0,509.0,534.25,739.0
516.0562178677824,515.58,20.0,1115.0,22.16491822678352,22.16491822678352,18.8832,20.0,1115.0,22.164918226783517,515.58,515.0,468.0,563.0,95.0,501.0,532.75,944.16
532.3843348559385,532.08,26.0,1016.0,17.998711064962404,17.998711064962404,14.163200000000002,26.0,1016.0,17.9987110649624,532.08,531.5,502.0,587.0,85.0,520.25,541.75,708.1600000000001
520.0001346153672,519.34,28.0,1577.0,26.193594636857316,26.193594636857316,22.0328,28.0,1577.0,26.19359463685731,519.34,524.5,452.0,566.0,114.0,500.0,538.0,1101.64
451.3183303325023,450.9411764705882,27.0,1088.0,18.446968787295283,18.446968787295283,14.449826989619371,27.0,1088.0,18.446968787295283,450.9411764705882,450.0,398.0,486.0,88.0,441.5,463.0,736.9411764705881
525.781931983213,520.04,12.0,2085.0,77.4921828315605,77.4921828315605,60.2384,12.0,2085.0,77.4921828315605,520.04,522.5,309.0,680.0,371.0,483.25,571.5,3011.92
503.65402807879934,502.7,24.0,1814.0,30.98531910437587,30.98531910437587,25.224,24.0,1814.0,30.98531910437586,502.7,497.0,436.0,585.0,149.0,477.75,527.5,1261.1999999999998
483.755868181462,483.06,22.0,1414.0,25.93793361083338,25.93793361083338,20.222400000000004,22.0,1414.0,25.93793361083338,483.06,482.0,437.0,552.0,115.0,464.75,495.75,1011.12
507.3407139191571,506.6,31.0,1585.0,27.405109012737025,27.405109012737025,21.296000000000003,31.0,1585.0,27.405109012737025,506.6,504.0,450.0,574.0,124.0,490.5,520.0,1064.8000000000002
520.5794848051544,520.24,19.0,904.0,18.79740407609519,18.79740407609519,14.7104,19.0,904.0,18.797404076095187,520.24,521.5,474.0,577.0,103.0,507.25,532.5,735.52
527.6331869774683,527.58,21.0,385.0,7.4915685940929615,7.4915685940929615,5.74,21.0,385.0,7.4915685940929615,527.58,527.5,508.0,547.0,39.0,523.0,532.0,287.0
504.4469050356043,504.32,17.0,512.0,11.314486289708428,11.314486289708428,9.3056,17.0,512.0,11.314486289708428,504.32,504.0,483.0,538.0,55.0,496.0,513.0,465.28
546.7284152117942,546.44,21.0,978.0,17.75630592212243,17.75630592212243,14.707199999999991,21.0,978.0,17.75630592212243,546.44,549.5,507.0,584.0,77.0,532.0,559.75,735.3599999999997
475.1420419200978,474.84,28.0,885.0,16.93913811266677,16.93913811266677,13.572800000000004,28.0,885.0,16.93913811266677,474.84,476.0,429.0,509.0,80.0,464.25,487.0,678.6400000000001
520.7660762016368,520.3673469387755,13.0,866.0,20.37474815424773,20.37474815424773,17.283631820074966,13.0,866.0,20.37474815424773,520.3673469387755,523.0,484.0,575.0,91.0,502.0,534.0,846.8979591836734
511.189201763887,510.04,21.0,1674.0,34.25782246436571,34.25782246436571,25.801600000000004,21.0,1674.0,34.25782246436571,510.04,508.5,431.0,616.0,185.0,495.75,529.0,1290.0800000000002
524.3246131930105,524.22,27.0,536.0,10.47337576906319,10.47337576906319,8.193599999999996,27.0,536.0,10.47337576906319,524.22,525.5,498.0,547.0,49.0,518.0,531.75,409.67999999999984
498.75755633373615,497.78,21.0,1438.0,31.21172215690765,31.21172215690765,25.024799999999995,21.0,1438.0,31.21172215690765,497.78,493.0,429.0,566.0,137.0,479.25,517.5,1251.2399999999998
514.3719665767177,514.08,24.0,914.0,17.32840442741339,17.32840442741339,14.406400000000003,24.0,914.0,17.32840442741339,514.08,510.5,480.0,563.0,83.0,502.0,526.0,720.3200000000002
506.1694182781097,505.6,29.0,1280.0,24.002499869805227,24.002499869805227,17.776000000000003,29.0,1280.0,24.002499869805227,505.6,503.0,456.0,583.0,127.0,493.25,517.0,888.8000000000002
506.41800915844215,506.28,22.0,609.0,11.822081035080076,11.822081035080076,9.627199999999991,22.0,609.0,11.822081035080076,506.28,504.0,479.0,540.0,61.0,498.25,515.75,481.3599999999997
474.08990708514347,473.44,18.0,1069.0,24.815446802344702,24.815446802344702,18.8096,18.0,1069.0,24.815446802344702,473.44,475.5,408.0,526.0,118.0,460.5,488.0,940.48
520.7990015351412,520.6,6.0,496.0,14.395832730342487,14.395832730342487,11.743999999999996,6.0,496.0,14.395832730342487,520.6,524.0,482.0,548.0,66.0,510.5,530.75,587.1999999999998
517.3098877848751,516.92,23.0,1086.0,20.080677279414655,20.080677279414655,15.809600000000003,23.0,1086.0,20.080677279414655,516.92,520.0,463.0,571.0,108.0,503.25,528.75,790.4800000000002
511.2209307139136,510.4,19.0,1309.0,28.95997237567743,28.95997237567743,24.04,19.0,1309.0,28.95997237567743,510.4,508.5,460.0,573.0,113.0,488.0,531.75,1202.0
520.6081828016153,520.48,27.0,679.0,11.55203878109834,11.55203878109834,9.6208,27.0,679.0,11.55203878109834,520.48,522.0,490.0,539.0,49.0,513.0,529.0,481.04
520.1665157251404,520.0612244897959,24.0,594.0,10.46550829184838,10.46550829184838,8.389004581424405,24.0,594.0,10.46550829184838,520.0612244897959,520.0,490.0,537.0,47.0,514.0,526.0,411.0612244897959
542.7756258344695,542.1,23.0,1324.0,27.073418698051416,27.073418698051416,21.748,23.0,1324.0,27.073418698051416,542.1,538.0,489.0,625.0,136.0,526.0,562.25,1087.4
379.3716383706088,374.0,3.0,1076.0,63.614778157280405,63.614778157280405,55.96,3.0,1076.0,63.614778157280405,374.0,390.0,254.0,482.0,228.0,321.25,428.0,2798.0
524.4763483704485,523.92,20.0,1115.0,24.15105794784154,24.15105794784154,18.3568,20.0,1115.0,24.15105794784154,523.92,521.5,481.0,589.0,108.0,511.0,536.25,917.84
507.2183243647932,506.4285714285714,12.0,710.0,28.293649680536053,28.293649680536053,20.886297376093296,12.0,710.0,28.293649680536053,506.4285714285714,506.0,432.0,578.0,146.0,497.0,523.0,1023.4285714285714
500.9380600433551,499.26,8.0,1085.0,40.96818765823063,40.96818765823063,35.449600000000004,8.0,1085.0,40.96818765823063,499.26,500.5,411.0,574.0,163.0,465.5,535.0,1772.48
509.9795682181787,509.84,23.0,690.0,11.930398149265596,11.930398149265596,9.16,23.0,690.0,11.930398149265596,509.84,509.5,483.0,548.0,65.0,502.0,516.0,458.0
500.8784483285341,499.62,25.0,1829.0,35.48345529961816,35.48345529961816,27.0792,25.0,1829.0,35.48345529961816,499.62,493.5,438.0,630.0,192.0,475.25,515.5,1353.96
520.4155455018614,519.82,16.0,762.0,24.88990960208574,24.88990960208574,21.33280000000001,16.0,762.0,24.88990960208574,519.82,517.0,482.0,583.0,101.0,496.0,542.25,1066.6400000000003
528.2097310728003,527.68,18.0,1007.0,23.650319236746046,23.650319236746046,19.4128,18.0,1007.0,23.650319236746043,527.68,529.0,481.0,591.0,110.0,508.0,544.75,970.64
537.3665229617491,535.26,14.0,1294.0,47.534328647830925,47.534328647830925,37.6704,14.0,1294.0,47.534328647830925,535.26,534.0,429.0,648.0,219.0,500.0,558.0,1883.52
462.5335231094066,462.34,25.0,697.0,13.378505148184532,13.378505148184532,10.819200000000006,25.0,697.0,13.37850514818453,462.34,466.0,429.0,485.0,56.0,455.5,471.75,540.9600000000003
516.4383796737031,516.04,18.0,938.0,20.280986169316325,20.280986169316325,15.9616,18.0,938.0,20.28098616931632,516.04,516.0,463.0,568.0,105.0,502.0,530.0,798.0799999999999
514.1156484683189,513.58,26.0,1429.0,23.462386920345505,23.462386920345505,18.06,26.0,1429.0,23.46238692034551,513.58,512.0,464.0,590.0,126.0,496.25,527.5,903.0
503.8462463887173,503.2,18.0,1290.0,25.51078203426935,25.51078203426935,20.928,18.0,1290.0,25.51078203426935,503.2,502.5,438.0,552.0,114.0,482.5,520.0,1046.4
481.22730595842125,480.48,29.0,1532.0,26.808386747434096,26.808386747434096,21.577600000000004,29.0,1532.0,26.80838674743409,480.48,477.0,418.0,546.0,128.0,464.0,496.25,1078.88
512.1769420815427,511.66,24.0,1181.0,23.00574710805976,23.00574710805976,19.0336,24.0,1181.0,23.00574710805976,511.66,515.0,464.0,574.0,110.0,493.5,527.0,951.68
526.7437517427236,525.9,33.0,1883.0,29.80218112823288,29.80218112823288,22.296,33.0,1883.0,29.80218112823288,525.9,525.0,470.0,640.0,170.0,507.0,544.5,1114.7999999999995
512.3068416486354,512.14,26.0,792.0,13.07365289427557,13.07365289427557,10.0544,26.0,792.0,13.07365289427557,512.14,513.0,484.0,548.0,64.0,502.25,520.0,502.72
512.0338074775923,511.46,23.0,1228.0,24.23403391926321,24.23403391926321,20.1984,23.0,1228.0,24.23403391926321,511.46,510.0,463.0,552.0,89.0,497.25,530.75,1009.9199999999998
529.2108086575709,528.28,10.0,1018.0,31.373899980716452,31.373899980716452,25.4912,10.0,1018.0,31.373899980716452,528.28,527.0,461.0,615.0,154.0,508.5,546.75,1274.56
490.532160005845,490.4,15.0,433.0,11.385956261992224,11.385956261992224,9.2,15.0,433.0,11.385956261992224,490.4,490.5,467.0,514.0,47.0,482.0,498.0,460.0
514.3108009754413,513.92,20.0,993.0,20.045787587420957,20.045787587420957,15.92,20.0,993.0,20.045787587420957,513.92,513.5,463.0,568.0,105.0,500.25,530.0,796.0
515.5032298637905,515.26,24.0,872.0,15.833900340724645,15.833900340724645,12.7712,24.0,872.0,15.833900340724645,515.26,513.5,483.0,553.0,70.0,503.25,527.25,638.56
525.4141223834777,525.36,19.0,341.0,7.541246581302059,7.541246581302059,6.131199999999999,19.0,341.0,7.541246581302059,525.36,526.0,509.0,544.0,35.0,520.0,530.0,306.55999999999995
521.5569192331744,521.02,15.0,857.0,23.65966187416887,23.65966187416887,18.58,15.0,857.0,23.659661874168872,521.02,521.5,465.0,565.0,100.0,509.0,539.0,929.0
530.9106704521957,506.94,8.0,2087.0,157.72753849597729,157.72753849597729,110.03600000000002,8.0,2087.0,157.72753849597729,506.94,464.5,341.0,958.0,617.0,414.75,517.25,5501.800000000001
510.2901135628634,510.0816326530612,21.0,809.0,14.585199004041913,14.585199004041913,11.229487713452729,21.0,809.0,14.585199004041913,510.0816326530612,508.0,483.0,553.0,70.0,502.0,518.0,550.2448979591836
501.5678219343821,500.92,18.0,1045.0,25.48398712917584,25.48398712917584,20.7968,18.0,1045.0,25.48398712917584,500.92,498.0,449.0,561.0,112.0,483.0,517.0,1039.84
509.58473289532526,509.04,17.0,758.0,23.55585702113171,23.55585702113171,17.795199999999994,17.0,758.0,23.555857021131708,509.04,513.0,448.0,556.0,108.0,498.25,523.25,889.7599999999998
499.1493964736409,498.64,23.0,1140.0,22.54485307115573,22.54485307115573,18.872000000000003,23.0,1140.0,22.54485307115573,498.64,503.0,448.0,535.0,87.0,481.25,518.0,943.6
529.8322187258906,528.7,15.0,1016.0,34.619214318063314,34.619214318063314,27.604,15.0,1016.0,34.619214318063314,528.7,530.0,464.0,597.0,133.0,509.25,559.0,1380.1999999999998
551.1847784545578,550.18,18.0,1133.0,33.26601268562254,33.26601268562254,26.86,18.0,1133.0,33.26601268562254,550.18,552.0,482.0,625.0,143.0,527.75,570.0,1343.0
488.29630348795394,487.64,11.0,992.0,25.308306936656194,25.308306936656194,21.1488,11.0,992.0,25.308306936656194,487.64,492.0,424.0,546.0,122.0,469.0,502.75,1057.44
521.3566725381004,521.14,24.0,763.0,15.029318015132956,15.029318015132956,11.7512,24.0,763.0,15.029318015132954,521.14,519.0,496.0,578.0,82.0,509.5,530.0,587.56
503.83409562907445,503.2040816326531,17.0,1261.0,25.188254139689416,25.188254139689416,19.172011661807584,17.0,1261.0,25.188254139689416,503.2040816326531,503.0,443.0,576.0,133.0,484.0,517.0,939.4285714285716
508.8679789493538,508.74,19.0,547.0,11.41194111446427,11.41194111446427,8.640799999999999,19.0,547.0,11.41194111446427,508.74,509.0,485.0,547.0,62.0,501.0,515.75,432.04
503.6082008863637,503.14,20.0,1083.0,21.710836004170822,21.710836004170822,17.6032,20.0,1083.0,21.71083600417082,503.14,506.0,448.0,537.0,89.0,491.25,520.0,880.1600000000001
555.4543185537403,555.22,18.0,707.0,16.13231539488365,16.13231539488365,13.122399999999995,18.0,707.0,16.132315394883648,555.22,558.0,520.0,588.0,68.0,543.25,566.0,656.1199999999999
527.7495154146598,527.5918367346939,13.0,483.0,12.899799662021238,12.899799662021238,10.538942107455227,13.0,483.0,12.899799662021238,527.5918367346939,528.0,498.0,550.0,52.0,520.0,539.0,516.4081632653061
479.44749451843,479.06,17.0,901.0,19.27216645839279,19.27216645839279,15.4552,17.0,901.0,19.27216645839279,479.06,480.5,420.0,506.0,86.0,468.0,495.5,772.76
524.3091439517077,523.6078431372549,21.0,1320.0,27.109131976594416,27.109131976594416,21.867743175701648,21.0,1320.0,27.10913197659441,523.6078431372549,520.0,471.0,590.0,119.0,506.5,544.5,1115.254901960784
483.0178671643524,482.54,17.0,918.0,21.48041899032698,21.48041899032698,17.093599999999995,17.0,918.0,21.48041899032698,482.54,484.0,420.0,526.0,106.0,468.75,498.75,854.6799999999998
490.0471814019544,489.44,28.0,1370.0,24.387012937217214,24.387012937217214,18.5024,28.0,1370.0,24.387012937217214,489.44,491.0,417.0,545.0,128.0,479.25,504.5,925.12
504.4755891021884,504.3,19.0,623.0,13.30901949806972,13.30901949806972,9.992,19.0,623.0,13.309019498069722,504.3,503.5,471.0,532.0,61.0,498.25,512.0,499.6
494.786357936433,494.54,25.0,919.0,15.611803227045876,15.611803227045876,12.4448,25.0,919.0,15.611803227045876,494.54,493.0,467.0,535.0,68.0,483.0,503.5,622.24
531.274787657009,531.1,19.0,615.0,13.626811806141596,13.626811806141596,10.704,19.0,615.0,13.626811806141598,531.1,531.0,499.0,559.0,60.0,526.0,542.0,535.2
495.6404947136584,495.5,29.0,631.0,11.800423721205949,11.800423721205949,8.66,29.0,631.0,11.800423721205949,495.5,495.0,472.0,530.0,58.0,489.25,501.75,433.0
489.8180886819106,487.48,20.0,1792.0,47.80177402565725,47.80177402565725,32.96,20.0,1792.0,47.80177402565725,487.48,488.0,379.0,656.0,277.0,467.0,503.75,1648.0
518.6995276651021,518.48,25.0,860.0,15.089386998814762,15.089386998814762,11.644799999999996,25.0,860.0,15.089386998814764,518.48,520.0,471.0,548.0,77.0,508.5,526.75,582.2399999999998
534.7485016341794,534.6,21.0,642.0,12.601587201618692,12.601587201618692,9.791999999999998,21.0,642.0,12.601587201618692,534.6,535.0,509.0,568.0,59.0,526.0,541.0,489.5999999999999
512.5319892455494,511.36,28.0,2139.0,34.64087758703581,34.64087758703581,27.126400000000004,28.0,2139.0,34.64087758703581,511.36,501.0,450.0,621.0,171.0,489.5,527.25,1356.3200000000002
524.5708913006897,524.22,25.0,1022.0,19.18362843676868,19.18362843676868,15.046400000000004,25.0,1022.0,19.18362843676868,524.22,522.5,474.0,570.0,96.0,515.0,535.75,752.3200000000002
506.4694660095512,505.6,17.0,1318.0,29.664119740858656,29.664119740858656,23.432,17.0,1318.0,29.66411974085865,505.6,509.0,438.0,567.0,129.0,488.0,526.25,1171.6
528.2637977374562,527.96,27.0,1004.0,17.913079020648574,17.913079020648574,14.556800000000004,27.0,1004.0,17.913079020648574,527.96,527.0,480.0,564.0,84.0,516.5,540.0,727.8400000000001
512.6021069016397,512.0,35.0,1669.0,24.837874305181597,24.837874305181597,19.76,35.0,1669.0,24.837874305181597,512.0,511.0,448.0,582.0,134.0,494.0,525.75,988.0
527.966533030267,527.9,21.0,460.0,8.381527307120104,8.381527307120104,6.46,21.0,460.0,8.381527307120106,527.9,527.5,508.0,547.0,39.0,523.0,533.5,323.0
515.5707128997922,514.96,21.0,1205.0,25.08701656235751,25.08701656235751,20.6432,21.0,1205.0,25.087016562357512,514.96,518.5,464.0,574.0,110.0,495.0,529.5,1032.16
475.30625916349976,475.12,23.0,702.0,13.305096767780384,13.305096767780384,10.52,23.0,702.0,13.305096767780384,475.12,475.5,434.0,501.0,67.0,466.5,483.75,526.0
486.09073227125,485.92,25.0,593.0,12.882297931658,12.882297931658,9.2768,25.0,593.0,12.882297931658,485.92,484.5,456.0,537.0,81.0,478.25,490.75,463.84
519.5171411994025,519.18,29.0,1065.0,18.71330008309598,18.71330008309598,14.067199999999998,29.0,1065.0,18.71330008309598,519.18,519.0,471.0,566.0,95.0,510.0,526.75,703.3599999999999
513.0308177877816,512.78,21.0,829.0,16.04031171766933,16.04031171766933,12.473599999999998,21.0,829.0,16.04031171766933,512.78,510.5,462.0,551.0,89.0,503.0,524.0,623.6799999999998
499.6988092841527,499.46,25.0,819.0,15.446954392371332,15.446954392371332,12.66,25.0,819.0,15.446954392371332,499.46,500.0,464.0,530.0,66.0,489.0,509.75,633.0
503.14576416780056,501.58,17.0,1462.0,39.66312645266382,39.66312645266382,30.476800000000004,17.0,1462.0,39.66312645266381,501.58,505.0,420.0,650.0,230.0,472.0,525.25,1523.84
491.7932085744983,491.56,27.0,830.0,15.14352666983487,15.14352666983487,12.062399999999998,27.0,830.0,15.14352666983487,491.56,489.0,466.0,527.0,61.0,482.25,499.5,603.1199999999999
509.0393501488858,508.42,25.0,1301.0,25.10305957448215,25.10305957448215,19.4936,25.0,1301.0,25.10305957448215,508.42,506.5,460.0,586.0,126.0,492.25,521.5,974.68
519.3226550036114,518.82,31.0,1461.0,22.84354613452124,22.84354613452124,18.2528,31.0,1461.0,22.84354613452124,518.82,517.0,463.0,575.0,112.0,502.5,533.5,912.64
523.1459069896275,522.52,31.0,1622.0,25.582994351717318,25.582994351717318,21.9392,31.0,1622.0,25.58299435171732,522.52,525.5,478.0,568.0,90.0,502.0,542.5,1096.96
485.8394179150144,485.26,27.0,1376.0,23.72071668394528,23.72071668394528,19.2688,27.0,1376.0,23.72071668394528,485.26,489.5,434.0,547.0,113.0,468.5,501.25,963.44
524.1300916196059,524.0392156862745,27.0,573.0,9.759782994039076,9.759782994039076,7.80469050365244,27.0,573.0,9.759782994039076,524.0392156862745,524.0,499.0,542.0,43.0,518.5,532.0,398.0392156862745
519.4055640826348,519.26,23.0,644.0,12.296031880244945,12.296031880244945,9.8288,23.0,644.0,12.296031880244945,519.26,521.0,487.0,538.0,51.0,512.5,527.0,491.44000000000005
546.7554114958534,546.68,21.0,506.0,9.080616719144135,9.080616719144135,7.214399999999996,21.0,506.0,9.080616719144135,546.68,546.0,524.0,565.0,41.0,540.5,554.75,360.7199999999998
513.2766895155088,512.8,19.0,1049.0,22.11605751484653,22.11605751484653,17.471999999999998,19.0,1049.0,22.11605751484654,512.8,510.5,475.0,585.0,110.0,497.25,524.75,873.5999999999999
533.8468319658739,531.72,11.0,1015.0,47.60547867630363,47.60547867630363,36.784000000000006,11.0,1015.0,47.60547867630363,531.72,526.5,447.0,648.0,201.0,506.25,557.5,1839.2000000000005
558.8116319476537,558.72,11.0,375.0,10.119367569171503,10.119367569171503,8.262399999999998,11.0,375.0,10.119367569171503,558.72,559.5,535.0,583.0,48.0,553.0,565.0,413.1199999999999
501.3724164730245,501.06,20.0,843.0,17.69679066949711,17.69679066949711,13.82,20.0,843.0,17.69679066949711,501.06,501.0,455.0,544.0,89.0,488.75,512.75,691.0
502.8213997037119,501.76,14.0,744.0,32.65367360650253,32.65367360650253,24.7392,14.0,744.0,32.65367360650253,501.76,503.0,425.0,578.0,153.0,484.0,522.75,1236.96
576.0344607747005,573.02,6.0,947.0,58.85388347424493,58.85388347424493,49.8208,6.0,947.0,58.85388347424493,573.02,571.0,454.0,675.0,221.0,522.75,613.0,2491.04
538.4172359796814,537.92,23.0,1128.0,23.13425166284832,23.13425166284832,19.846400000000003,23.0,1128.0,23.134251662848317,537.92,542.5,480.0,588.0,108.0,522.5,555.5,992.3200000000002
514.3409180689399,514.06,26.0,941.0,16.996952668052,16.996952668052,13.304799999999997,26.0,941.0,16.996952668052,514.06,512.5,483.0,553.0,70.0,502.25,520.0,665.2399999999998
496.9373803609465,496.56,13.0,684.0,19.36301629395585,19.36301629395585,15.1504,13.0,684.0,19.36301629395585,496.56,499.5,454.0,546.0,92.0,487.25,510.5,757.52
338.3470407732274,335.76,13.0,990.0,41.76053639502251,41.76053639502251,30.7296,13.0,990.0,41.76053639502251,335.76,342.0,211.0,423.0,212.0,320.25,359.75,1536.48
514.5697620342648,514.4,19.0,569.0,13.216656158045422,13.216656158045422,11.015999999999998,19.0,569.0,13.216656158045422,514.4,514.0,485.0,545.0,60.0,505.5,525.75,550.8
506.3980252726111,506.28,20.0,574.0,10.932593470901589,10.932593470901589,9.033599999999996,20.0,574.0,10.932593470901589,506.28,505.0,485.0,526.0,41.0,499.0,513.75,451.67999999999984
508.69997051307166,508.5,20.0,726.0,14.262187770464951,14.262187770464951,11.84,20.0,726.0,14.262187770464951,508.5,509.5,486.0,546.0,60.0,496.5,519.0,592.0
513.3328744586694,513.08,25.0,900.0,16.11066727357995,16.11066727357995,12.806400000000004,25.0,900.0,16.11066727357995,513.08,511.5,478.0,563.0,85.0,503.0,521.75,640.3200000000002
511.9364218338055,511.62,26.0,957.0,17.996544112690078,17.996544112690078,14.5592,26.0,957.0,17.99654411269008,511.62,507.5,479.0,563.0,84.0,502.0,523.5,727.96
533.2401897831783,531.9,12.0,1320.0,37.78213863719204,37.78213863719204,29.644000000000005,12.0,1320.0,37.78213863719205,531.9,543.5,430.0,606.0,176.0,511.0,556.25,1482.2000000000005
507.4945516948926,507.04,18.0,1052.0,21.47459894852521,21.47459894852521,17.7216,18.0,1052.0,21.47459894852521,507.04,507.0,461.0,553.0,92.0,489.75,522.25,886.0799999999999
521.7441901928569,521.44,27.0,896.0,17.813657681677842,17.813657681677842,13.444799999999995,27.0,896.0,17.813657681677842,521.44,522.5,472.0,554.0,82.0,510.25,531.75,672.2399999999998
521.4297847344005,521.3061224489796,23.0,626.0,11.355487896729112,11.355487896729112,9.4993752603082,23.0,626.0,11.355487896729112,521.3061224489796,522.0,494.0,543.0,49.0,514.0,530.0,465.4693877551018
522.601760425661,514.68,7.0,1336.0,90.6482079249226,90.6482079249226,70.74400000000001,7.0,1336.0,90.6482079249226,514.68,533.5,345.0,719.0,374.0,461.25,558.75,3537.2000000000007
535.0503153909921,534.88,16.0,603.0,13.499096266046852,13.499096266046852,10.6992,16.0,603.0,13.49909626604685,534.88,536.0,504.0,568.0,64.0,526.5,544.75,534.96
525.4303569456184,525.1,25.0,884.0,18.629278032172905,18.629278032172905,15.175999999999998,25.0,884.0,18.62927803217291,525.1,526.5,472.0,564.0,92.0,510.5,538.75,758.8
518.6126107221073,517.68,14.0,1276.0,31.08790118357944,31.08790118357944,24.665600000000005,14.0,1276.0,31.087901183579444,517.68,518.0,457.0,590.0,133.0,491.5,539.75,1233.2800000000002
501.0844439812515,500.94,25.0,673.0,12.030644205527816,12.030644205527816,9.4952,25.0,673.0,12.030644205527816,500.94,498.0,472.0,536.0,64.0,493.25,509.0,474.76
562.7131596115378,558.9,6.0,1563.0,65.397935747239,65.397935747239,47.80799999999999,6.0,1563.0,65.39793574723899,558.9,535.0,477.0,761.0,284.0,519.0,555.75,2390.4
484.98966999308345,482.1,28.0,2544.0,52.86369264438495,52.86369264438495,38.356,28.0,2544.0,52.86369264438495,482.1,472.5,382.0,643.0,261.0,452.25,503.25,1917.8
518.1610367443697,517.86,22.0,914.0,17.66013589981685,17.66013589981685,13.9056,22.0,914.0,17.660135899816854,517.86,518.5,471.0,554.0,83.0,506.5,527.75,695.28
491.33318634100016,491.06,12.0,568.0,16.382197654771474,16.382197654771474,13.217600000000004,12.0,568.0,16.382197654771474,491.06,492.0,454.0,530.0,76.0,481.25,502.5,660.8800000000001
502.5133158962668,502.3673469387755,25.0,695.0,12.1112089717412,12.1112089717412,9.206164098292376,25.0,695.0,12.1112089717412,502.3673469387755,502.0,479.0,544.0,65.0,496.0,509.0,451.1020408163265
519.5840259284344,519.44,23.0,660.0,12.23300453690752,12.23300453690752,9.862399999999996,23.0,660.0,12.23300453690752,519.44,520.5,488.0,541.0,53.0,512.25,527.75,493.1199999999999
532.9893619951528,532.3,18.0,1072.0,27.09926198257067,27.09926198257067,22.46,18.0,1072.0,27.099261982570667,532.3,531.5,481.0,600.0,119.0,509.75,550.75,1123.0
355.1268224170064,347.1,3.0,1151.0,75.07762649418267,75.07762649418267,64.93599999999999,3.0,1151.0,75.07762649418267,347.1,354.5,172.0,450.0,278.0,288.25,420.75,3246.8
526.0661745446099,525.5,22.0,1339.0,24.400204917172317,24.400204917172317,19.9,22.0,1339.0,24.400204917172317,525.5,529.0,475.0,570.0,95.0,511.5,544.0,995.0
528.0361161890349,527.42,18.0,1247.0,25.50065881501888,25.50065881501888,19.58,18.0,1247.0,25.50065881501888,527.42,527.5,462.0,577.0,115.0,513.5,543.75,979.0
524.7423367711052,524.48,16.0,690.0,16.590647968057183,16.590647968057183,13.116800000000003,16.0,690.0,16.590647968057183,524.48,523.5,492.0,563.0,71.0,512.25,532.75,655.8400000000001
513.8655855376968,475.04,5.0,3874.0,195.94600889020424,195.94600889020424,148.1968,5.0,3874.0,195.94600889020424,475.04,490.5,0.0,866.0,866.0,367.5,569.75,7409.84
519.0743684675637,518.28,23.0,1455.0,28.70612478200428,28.70612478200428,23.475200000000005,23.0,1455.0,28.70612478200428,518.28,523.5,438.0,562.0,124.0,503.25,542.25,1173.7600000000002
519.372737844726,518.4897959183673,21.0,1746.0,30.27164258602942,30.27164258602942,23.17284464806331,21.0,1746.0,30.27164258602941,518.4897959183673,517.0,446.0,599.0,153.0,500.0,535.0,1135.4693877551022
513.9740460373462,513.56,22.0,1132.0,20.626352076894257,20.626352076894257,17.214399999999987,22.0,1132.0,20.626352076894253,513.56,509.0,479.0,564.0,85.0,498.25,527.75,860.7199999999993
520.2290457096758,520.1,26.0,661.0,11.586630226256466,11.586630226256466,9.18,26.0,661.0,11.586630226256467,520.1,520.0,494.0,546.0,52.0,511.5,528.0,459.0
505.59475867536446,505.46,18.0,642.0,11.672548993257642,11.672548993257642,9.6816,18.0,642.0,11.672548993257644,505.46,506.0,486.0,536.0,50.0,496.0,513.75,484.08
508.8351009904879,508.64,19.0,687.0,14.089371880960485,14.089371880960485,11.6944,19.0,687.0,14.089371880960485,508.64,509.5,485.0,546.0,61.0,497.25,519.0,584.72
499.6823276557103,498.83673469387753,25.0,1494.0,29.05754104150233,29.05754104150233,23.466055810079133,25.0,1494.0,29.05754104150233,498.83673469387753,497.0,456.0,586.0,130.0,476.0,516.0,1149.8367346938776
588.6559096789907,588.42,23.0,872.0,16.663841093817474,16.663841093817474,13.516799999999998,23.0,872.0,16.663841093817474,588.42,588.0,551.0,625.0,74.0,577.0,602.5,675.8399999999999
492.7104829410473,492.22,28.0,1391.0,21.97934484919876,21.97934484919876,17.571199999999997,28.0,1391.0,21.97934484919876,492.22,494.5,416.0,531.0,115.0,479.0,507.0,878.56
512.9915983717473,512.66,25.0,959.0,18.4419196397772,18.4419196397772,15.566399999999998,25.0,959.0,18.4419196397772,512.66,510.0,473.0,547.0,74.0,500.25,526.5,778.3199999999999
507.2925980142032,506.9,28.0,991.0,19.95419755339713,19.95419755339713,15.403999999999996,28.0,991.0,19.95419755339713,506.9,503.5,476.0,569.0,93.0,492.25,514.0,770.1999999999998
511.72940114869306,509.06,10.0,1288.0,52.2005402270896,52.2005402270896,40.165600000000005,10.0,1288.0,52.2005402270896,509.06,524.5,371.0,588.0,217.0,498.75,544.0,2008.28
572.2237848953852,571.94,29.0,1117.0,18.019334060946868,18.019334060946868,15.062399999999998,29.0,1117.0,18.01933406094687,571.94,573.0,533.0,606.0,73.0,558.25,585.0,753.1199999999999
522.418931509952,522.22,19.0,648.0,14.415672027345794,14.415672027345794,11.472800000000008,19.0,648.0,14.415672027345794,522.22,518.5,495.0,565.0,70.0,513.25,531.5,573.6400000000003
521.0892246055372,520.7,19.0,1026.0,20.1367822652975,20.1367822652975,15.94,19.0,1026.0,20.136782265297505,520.7,520.5,482.0,564.0,82.0,507.75,532.75,797.0
477.6680855991952,477.04,20.0,1344.0,24.48751518631484,24.48751518631484,20.246400000000005,20.0,1344.0,24.48751518631484,477.04,473.5,431.0,538.0,107.0,460.25,497.0,1012.3200000000002
504.979343394264,504.84313725490193,27.0,671.0,11.72791633369631,11.72791633369631,8.89273356401384,27.0,671.0,11.72791633369631,504.84313725490193,504.0,487.0,546.0,59.0,495.5,510.0,453.5294117647058
504.9949306676256,504.48,26.0,1207.0,22.79933332358646,22.79933332358646,18.96,26.0,1207.0,22.79933332358646,504.48,504.0,463.0,547.0,84.0,486.0,521.25,948.0
486.1063753575603,485.48979591836735,22.0,1421.0,24.47582935075603,24.47582935075603,19.152852977925864,22.0,1421.0,24.47582935075603,485.48979591836735,485.0,432.0,549.0,117.0,471.0,500.0,938.4897959183672
511.9042488591006,511.6,15.0,718.0,17.64652940382329,17.64652940382329,14.175999999999998,15.0,718.0,17.64652940382329,511.6,512.0,473.0,551.0,78.0,497.25,524.0,708.8
513.6645403373684,512.82,25.0,1536.0,29.443294652602997,29.443294652602997,21.874399999999994,25.0,1536.0,29.443294652602997,512.82,515.0,444.0,612.0,168.0,498.25,529.25,1093.7199999999998
513.9422730229534,513.18,30.0,1787.0,27.981200831987177,27.981200831987177,21.98,30.0,1787.0,27.98120083198718,513.18,512.0,438.0,590.0,152.0,495.25,533.0,1099.0
498.8129509144685,498.68,17.0,531.0,11.515971517852934,11.515971517852934,9.5872,17.0,531.0,11.515971517852932,498.68,498.0,472.0,521.0,49.0,491.0,506.75,479.36
520.4603923450852,519.62,22.0,1641.0,29.564769574613635,29.564769574613635,21.544000000000004,22.0,1641.0,29.564769574613635,519.62,516.5,421.0,580.0,159.0,506.75,535.5,1077.2000000000005
475.37612476858783,474.9,23.0,1136.0,21.270872102478545,21.270872102478545,17.544,23.0,1136.0,21.270872102478545,474.9,475.5,420.0,506.0,86.0,464.0,493.0,877.2
497.433191494094,496.74,8.0,734.0,26.25171232510367,26.25171232510367,21.1296,8.0,734.0,26.25171232510367,496.74,496.0,444.0,552.0,108.0,479.75,518.25,1056.48
499.7523986935931,498.94,26.0,1788.0,28.483967420287502,28.483967420287502,22.86,26.0,1788.0,28.483967420287502,498.94,498.5,446.0,567.0,121.0,476.25,517.0,1143.0
516.2278954105444,515.6,25.0,1154.0,25.45348699098023,25.45348699098023,17.368,25.0,1154.0,25.45348699098023,515.6,518.5,421.0,552.0,131.0,508.25,531.25,868.3999999999999
512.9309895102849,512.68,25.0,892.0,16.044238841403477,16.044238841403477,13.598400000000003,25.0,892.0,16.044238841403477,512.68,514.5,480.0,544.0,64.0,500.0,524.75,679.9200000000003
530.3815984741552,530.2,16.0,495.0,13.878040207464451,13.878040207464451,10.688000000000002,16.0,495.0,13.878040207464451,530.2,530.0,491.0,559.0,68.0,523.0,539.0,534.4000000000001
504.90321844884295,501.94,7.0,1284.0,54.62139141398725,54.62139141398725,44.2768,7.0,1284.0,54.62139141398725,501.94,510.5,371.0,603.0,232.0,458.0,536.75,2213.84
509.65572693731207,509.28,22.0,985.0,19.56633844131293,19.56633844131293,15.628800000000002,22.0,985.0,19.56633844131293,509.28,510.0,460.0,547.0,87.0,496.0,524.0,781.44
532.8139637809804,532.56,26.0,938.0,16.448902698964453,16.448902698964453,13.582399999999998,26.0,938.0,16.44890269896445,532.56,529.5,506.0,575.0,69.0,521.0,541.75,679.1199999999999
541.6859422211361,541.02,16.0,1129.0,26.85180813278689,26.85180813278689,21.8576,16.0,1129.0,26.85180813278689,541.02,544.0,482.0,592.0,110.0,525.25,564.0,1092.88
528.2539162183277,527.88,26.0,1007.0,19.872231882705076,19.872231882705076,14.8496,26.0,1007.0,19.872231882705076,527.88,528.0,472.0,576.0,104.0,517.5,540.0,742.48
516.9396483149653,516.8,19.0,592.0,12.014990636700473,12.014990636700473,9.96,19.0,592.0,12.014990636700473,516.8,516.5,495.0,545.0,50.0,507.25,526.75,498.0
549.2751405261301,549.18,15.0,411.0,10.2228958715229,10.2228958715229,8.547199999999998,15.0,411.0,10.222895871522905,549.18,548.5,530.0,573.0,43.0,541.0,557.75,427.3599999999999
522.518254734332,522.3877551020408,29.0,658.0,11.67732204156732,11.67732204156732,9.196168263223656,29.0,658.0,11.67732204156732,522.3877551020408,525.0,490.0,543.0,53.0,515.0,530.0,450.6122448979592
513.1883280044472,512.42,24.0,1461.0,28.07140181750815,28.07140181750815,22.196800000000003,24.0,1461.0,28.07140181750815,512.42,511.0,452.0,587.0,135.0,494.0,529.75,1109.84
495.3684083588698,495.22,22.0,650.0,12.124834019482494,12.124834019482494,10.1,22.0,650.0,12.124834019482494,495.22,495.5,470.0,529.0,59.0,487.25,504.5,505.0
499.47322250547126,498.62,10.0,896.0,29.18211095859928,29.18211095859928,25.23520000000001,10.0,896.0,29.18211095859928,498.62,499.5,444.0,552.0,108.0,472.5,523.25,1261.7600000000002
518.0487235772326,517.84,17.0,663.0,14.704230683718206,14.704230683718206,11.539199999999996,17.0,663.0,14.704230683718206,517.84,519.0,489.0,552.0,63.0,508.25,526.0,576.9599999999998
500.5550918730125,500.4,24.0,700.0,12.459534501738016,12.459534501738016,9.592,24.0,700.0,12.459534501738016,500.4,500.0,471.0,531.0,60.0,492.0,507.5,479.5999999999999
488.4279885510248,487.42,31.0,2095.0,31.363092959719392,31.363092959719392,24.200800000000005,31.0,2095.0,31.363092959719392,487.42,482.0,423.0,582.0,159.0,466.75,506.5,1210.0400000000002
506.6968324353331,506.12,17.0,864.0,24.170759193703454,24.170759193703454,20.5856,17.0,864.0,24.170759193703454,506.12,512.5,464.0,548.0,84.0,485.5,522.0,1029.28
493.39069711537934,492.06,19.0,1667.0,36.21237909886618,36.21237909886618,27.0296,19.0,1667.0,36.21237909886618,492.06,487.0,415.0,592.0,177.0,473.0,508.0,1351.48
520.3474031836807,520.18,29.0,810.0,13.198015002264544,13.198015002264544,10.314399999999996,29.0,810.0,13.198015002264544,520.18,519.5,494.0,549.0,55.0,511.25,527.0,515.7199999999998
486.5994656799368,485.88,20.0,1146.0,26.451192789740123,26.451192789740123,20.4048,20.0,1146.0,26.451192789740123,485.88,486.5,428.0,556.0,128.0,468.5,499.75,1020.24
561.2442249146088,560.96,33.0,1193.0,17.859406485099107,17.859406485099107,14.68,33.0,1193.0,17.859406485099104,560.96,560.5,529.0,602.0,73.0,549.25,572.75,734.0
523.4486412247146,523.24,34.0,962.0,14.777767084373744,14.777767084373744,11.9712,34.0,962.0,14.77776708437374,523.24,525.0,487.0,552.0,65.0,516.0,533.0,598.56
513.3615295286548,512.98,33.0,1234.0,19.788370321984576,19.788370321984576,16.097600000000003,33.0,1234.0,19.78837032198458,512.98,509.0,471.0,570.0,99.0,500.25,526.75,804.8800000000001
544.9557229720594,542.54,9.0,1182.0,51.255130474909535,51.255130474909535,41.7432,9.0,1182.0,51.25513047490953,542.54,539.5,460.0,655.0,195.0,497.25,569.75,2087.16
566.8488687472174,566.08,15.0,1162.0,29.513956020838688,29.513956020838688,23.49280000000001,15.0,1162.0,29.513956020838688,566.08,562.0,518.0,641.0,123.0,549.75,586.5,1174.6400000000003
542.1811320951698,528.98,3.0,1438.0,118.91400085776274,118.91400085776274,95.9832,3.0,1438.0,118.91400085776276,528.98,562.0,221.0,675.0,454.0,466.25,616.25,4799.16
502.32276801405897,501.6326530612245,24.0,1475.0,26.321942330749582,26.321942330749582,20.84964598084132,24.0,1475.0,26.321942330749582,501.6326530612245,501.0,446.0,567.0,121.0,482.0,517.0,1021.6326530612246
523.8595830421526,523.5686274509804,23.0,800.0,17.457236155661658,17.457236155661658,14.086889657823912,23.0,800.0,17.457236155661658,523.5686274509804,524.0,472.0,560.0,88.0,512.0,538.5,718.4313725490196
511.7850720761597,511.6,15.0,671.0,13.76226725507102,13.76226725507102,9.936000000000003,15.0,671.0,13.76226725507102,511.6,510.0,491.0,548.0,57.0,505.0,515.75,496.8000000000002
516.3529286629209,516.1428571428571,26.0,758.0,14.727455964411282,14.727455964411282,10.909620991253648,26.0,758.0,14.727455964411282,516.1428571428571,517.0,472.0,548.0,76.0,507.0,524.0,534.5714285714287
520.0464402339468,519.3,16.0,1306.0,27.85336604434013,27.85336604434013,24.288,16.0,1306.0,27.85336604434013,519.3,521.5,454.0,566.0,112.0,496.5,544.5,1214.4
492.37883623014,491.6530612244898,23.0,1571.0,26.724254076307293,26.724254076307293,21.5801749271137,23.0,1571.0,26.724254076307293,491.6530612244898,494.0,422.0,529.0,107.0,475.0,513.0,1057.428571428571
535.9144707880167,535.4,24.0,1173.0,23.476797055816625,23.476797055816625,18.832,24.0,1173.0,23.476797055816625,535.4,534.0,481.0,585.0,104.0,519.0,550.75,941.6
526.1429463558359,526.0,16.0,558.0,12.263767773404714,12.263767773404714,9.32,16.0,558.0,12.263767773404714,526.0,527.5,495.0,555.0,60.0,520.25,533.75,466.0
488.3309533502868,485.52,19.0,1942.0,52.32064219789356,52.32064219789356,41.958400000000005,19.0,1942.0,52.32064219789356,485.52,491.5,338.0,604.0,266.0,448.25,522.0,2097.92
504.3296144388112,503.52,28.0,1610.0,28.565181602783483,28.565181602783483,22.1824,28.0,1610.0,28.565181602783483,503.52,499.0,454.0,583.0,129.0,484.75,517.75,1109.12
499.3491564026117,498.42,22.0,1751.0,30.44804755645261,30.44804755645261,24.02,22.0,1751.0,30.44804755645261,498.42,498.5,434.0,591.0,157.0,476.0,518.75,1201.0
512.6541914390245,512.4,23.0,795.0,16.14187101918486,16.14187101918486,11.56,23.0,795.0,16.14187101918486,512.4,512.5,462.0,564.0,102.0,503.0,520.0,578.0
570.6057324990561,570.1960784313726,19.0,1050.0,21.61791160746936,21.61791160746936,17.666282199154175,19.0,1050.0,21.61791160746936,570.1960784313726,568.0,530.0,630.0,100.0,555.0,584.5,900.980392156863
524.3007152388789,524.12,29.0,828.0,13.764650376961995,13.764650376961995,11.5552,29.0,828.0,13.764650376961994,524.12,526.0,495.0,555.0,60.0,514.0,532.75,577.76
510.2706732705692,508.96,21.0,1559.0,36.54967031315057,36.54967031315057,27.236799999999995,21.0,1559.0,36.54967031315057,508.96,507.5,435.0,615.0,180.0,487.25,526.5,1361.8399999999997
485.6197895473371,482.98,18.0,1973.0,50.56579476286316,50.56579476286316,42.1432,18.0,1973.0,50.56579476286316,482.98,498.5,338.0,553.0,215.0,448.25,521.25,2107.16
527.2096357237792,527.12,21.0,514.0,9.721399076264692,9.721399076264692,7.4048,21.0,514.0,9.721399076264692,527.12,527.0,498.0,547.0,49.0,521.5,534.0,370.24
498.23408153196425,497.84,25.0,1104.0,19.812480914817304,19.812480914817304,16.046400000000002,25.0,1104.0,19.812480914817307,497.84,499.5,448.0,540.0,92.0,486.5,510.0,802.3200000000002
529.1639065544815,528.72,21.0,985.0,21.670293029860023,21.670293029860023,15.7488,21.0,985.0,21.670293029860023,528.72,527.5,473.0,591.0,118.0,518.0,537.75,787.44
502.44953975498873,502.3,22.0,601.0,12.257650672131264,12.257650672131264,9.34,22.0,601.0,12.257650672131264,502.3,502.5,474.0,532.0,58.0,494.25,509.5,467.0
510.7011063234541,510.54,27.0,714.0,12.826862437868428,12.826862437868428,9.906400000000003,27.0,714.0,12.82686243786843,510.54,508.0,486.0,546.0,60.0,501.0,516.0,495.32000000000016
499.9334155665133,498.86,30.0,1989.0,32.743249686003985,32.743249686003985,25.9688,30.0,1989.0,32.743249686003985,498.86,495.0,436.0,576.0,140.0,473.75,515.0,1298.44
535.8554842492516,535.34,23.0,1210.0,23.498604213867683,23.498604213867683,18.420800000000003,23.0,1210.0,23.498604213867683,535.34,533.0,487.0,585.0,98.0,524.0,550.75,921.0400000000002
484.8168313909904,484.2,19.0,1280.0,24.44831282522375,24.44831282522375,19.2,19.0,1280.0,24.448312825223745,484.2,484.5,437.0,538.0,101.0,468.5,497.5,960.0
501.93783662594586,500.4081632653061,25.0,2166.0,39.15688923008857,39.15688923008857,30.72802998750521,25.0,2166.0,39.15688923008857,500.4081632653061,494.0,424.0,617.0,193.0,471.0,519.0,1505.6734693877552
501.3782433025419,499.6122448979592,28.0,2316.0,42.04459067661992,42.04459067661992,32.53644314868804,28.0,2316.0,42.04459067661992,499.6122448979592,490.0,423.0,630.0,207.0,466.0,517.0,1594.2857142857142
516.4343327084287,516.14,22.0,943.0,17.43331293816525,17.43331293816525,13.54,22.0,943.0,17.43331293816525,516.14,516.5,471.0,554.0,83.0,506.0,526.0,677.0
521.7757755971429,521.6,27.0,815.0,13.54252561378416,13.54252561378416,11.376,27.0,815.0,13.54252561378416,521.6,522.5,496.0,550.0,54.0,512.25,531.0,568.8
530.8562517292228,530.56,21.0,966.0,17.732636577790682,17.732636577790682,14.915200000000004,21.0,966.0,17.732636577790682,530.56,532.0,489.0,561.0,72.0,516.75,545.75,745.7600000000002
522.7709441045859,522.62,15.0,584.0,12.561671863251323,12.561671863251323,10.3248,15.0,584.0,12.561671863251323,522.62,521.5,499.0,550.0,51.0,511.25,530.0,516.24
512.0853053935448,511.72,11.0,683.0,19.33912097278467,19.33912097278467,15.657600000000002,11.0,683.0,19.33912097278467,511.72,510.5,468.0,552.0,84.0,500.0,528.5,782.8800000000001
500.849059098647,500.38,27.0,1284.0,21.671077499746065,21.671077499746065,17.8104,27.0,1284.0,21.671077499746065,500.38,495.0,448.0,562.0,114.0,484.0,512.75,890.52
524.4933415269659,524.3673469387755,17.0,525.0,11.495684864865012,11.495684864865012,9.072886297376098,17.0,525.0,11.495684864865012,524.3673469387755,524.0,495.0,548.0,53.0,516.0,531.0,444.5714285714288
516.9751251269253,516.8,28.0,847.0,13.455110553243328,13.455110553243328,11.008000000000004,28.0,847.0,13.455110553243328,516.8,517.0,494.0,546.0,52.0,504.25,526.0,550.4000000000001
492.0949501874613,491.8,11.0,592.0,17.035257556021865,17.035257556021865,14.007999999999996,11.0,592.0,17.035257556021865,491.8,493.0,454.0,530.0,76.0,481.25,504.5,700.3999999999999
467.2310991361769,466.86,20.0,1004.0,18.618281338512425,18.618281338512425,14.82,20.0,1004.0,18.618281338512425,466.86,466.5,427.0,504.0,77.0,455.0,479.75,741.0
500.021319545477,499.44,18.0,1121.0,24.104074344392487,24.104074344392487,20.0224,18.0,1121.0,24.104074344392487,499.44,502.5,440.0,550.0,110.0,482.25,513.0,1001.12
511.9344489287666,511.6,27.0,1089.0,18.501891795165164,18.501891795165164,14.808000000000002,27.0,1089.0,18.501891795165164,511.6,510.5,471.0,558.0,87.0,501.25,524.25,740.4000000000001
491.9227784927224,488.86,18.0,1975.0,54.80803225805503,54.80803225805503,44.55119999999999,18.0,1975.0,54.808032258055015,488.86,496.5,338.0,604.0,266.0,448.25,528.75,2227.5599999999995
520.5732225153345,520.28,30.0,991.0,17.470020034333103,17.470020034333103,13.022399999999998,30.0,991.0,17.470020034333103,520.28,520.0,480.0,570.0,90.0,510.0,530.0,651.1199999999999
511.9777924871352,511.74,24.0,784.0,15.602320340257084,15.602320340257084,10.74,24.0,784.0,15.602320340257084,511.74,511.5,462.0,564.0,102.0,504.25,519.5,537.0
546.0660399622009,545.72,21.0,899.0,19.437119128101266,19.437119128101266,15.7312,21.0,899.0,19.437119128101266,545.72,546.5,495.0,590.0,95.0,533.0,561.5,786.56
513.2978277764284,513.22,27.0,534.0,8.938210111649871,8.938210111649871,7.74,27.0,534.0,8.938210111649871,513.22,514.0,496.0,529.0,33.0,505.5,519.75,387.0
513.1889125848297,512.98,27.0,868.0,14.641707550692304,14.641707550692304,10.7408,27.0,868.0,14.641707550692304,512.98,513.0,484.0,563.0,79.0,501.5,520.0,537.04
482.6656813986261,482.08,21.0,1331.0,23.77043541881385,23.77043541881385,19.4,21.0,1331.0,23.77043541881385,482.08,480.5,421.0,532.0,111.0,469.25,499.0,970.0
516.2877104870888,516.04,21.0,837.0,15.991197578668086,15.991197578668086,12.486399999999994,21.0,837.0,15.991197578668086,516.04,514.0,485.0,553.0,68.0,507.0,524.75,624.3199999999997
515.0978547810115,514.48,26.0,1129.0,25.22160978208964,25.22160978208964,16.9424,26.0,1129.0,25.221609782089644,514.48,516.5,421.0,552.0,131.0,508.0,527.25,847.1199999999999
503.4538509138648,502.94,28.0,1321.0,22.74063323656577,22.74063323656577,19.02,28.0,1321.0,22.74063323656577,502.94,502.5,448.0,554.0,106.0,487.25,523.75,951.0
526.2996159169088,525.4897959183673,31.0,1849.0,29.18492932933624,29.18492932933624,22.867971678467303,31.0,1849.0,29.18492932933624,525.4897959183673,527.0,475.0,587.0,112.0,509.0,543.0,1120.5306122448978
500.1414000060383,499.3,26.0,1622.0,28.998793078333453,28.998793078333453,22.355999999999995,26.0,1622.0,28.99879307833345,499.3,501.0,434.0,591.0,157.0,476.0,512.75,1117.7999999999995
466.3322420763977,466.04,24.0,924.0,16.506919761118365,16.506919761118365,12.718399999999995,24.0,924.0,16.506919761118365,466.04,467.5,429.0,503.0,74.0,456.5,476.75,635.9199999999998
476.9663300485685,476.52,23.0,949.0,20.629338331609183,20.629338331609183,16.88,23.0,949.0,20.629338331609183,476.52,477.0,433.0,514.0,81.0,464.0,493.25,844.0
509.0239876469478,508.06,12.0,1339.0,31.312240418085707,31.312240418085707,24.5752,12.0,1339.0,31.312240418085707,508.06,511.0,438.0,592.0,154.0,488.0,527.75,1228.76
522.019846366017,520.92,8.0,1008.0,33.86847501733729,33.86847501733729,27.99039999999999,8.0,1008.0,33.86847501733729,520.92,513.5,447.0,585.0,138.0,495.25,546.5,1399.5199999999995
535.1864721758202,534.6,23.0,1135.0,25.047954008261836,25.047954008261836,21.0,23.0,1135.0,25.047954008261836,534.6,534.5,471.0,588.0,117.0,518.25,553.0,1050.0
487.06358927762193,486.34,15.0,1075.0,26.53948756099108,26.53948756099108,22.086400000000005,15.0,1075.0,26.53948756099108,486.34,488.5,438.0,546.0,108.0,465.5,502.75,1104.3200000000002
495.09055737309313,494.94,24.0,676.0,12.208865631171474,12.208865631171474,10.22,24.0,676.0,12.208865631171474,494.94,494.5,470.0,529.0,59.0,487.0,504.5,511.0
496.9781081697664,496.76,24.0,791.0,14.722173752540757,14.722173752540757,11.0304,24.0,791.0,14.722173752540757,496.76,495.5,469.0,537.0,68.0,490.0,503.0,551.52
522.3875189933235,521.96,20.0,1095.0,21.13003549452769,21.13003549452769,17.3616,20.0,1095.0,21.13003549452769,521.96,522.5,478.0,563.0,85.0,506.75,537.5,868.0799999999999
556.2104997211038,549.52,9.0,1985.0,86.01098534489648,86.01098534489648,66.9216,9.0,1985.0,86.0109853448965,549.52,545.5,345.0,736.0,391.0,499.5,597.75,3346.08
506.2879022848561,505.88,26.0,1062.0,20.3190944680121,20.3190944680121,16.6704,26.0,1062.0,20.3190944680121,505.88,504.0,468.0,547.0,79.0,492.0,521.25,833.52
521.9423148203257,521.74,19.0,673.0,14.53108392378215,14.53108392378215,11.557600000000004,19.0,673.0,14.531083923782148,521.74,518.0,495.0,565.0,70.0,513.0,531.5,577.8800000000001
508.4786131195687,504.78,3.0,1501.0,61.21806596095633,61.21806596095633,54.1664,3.0,1501.0,61.21806596095633,504.78,517.0,394.0,619.0,225.0,452.5,554.5,2708.32
402.0449005283071,401.2040816326531,20.0,1169.0,25.98820736633801,25.98820736633801,20.55143690129113,20.0,1169.0,25.98820736633801,401.2040816326531,398.0,360.0,485.0,125.0,381.0,414.0,1007.0204081632652
485.3985372866301,484.94,25.0,1181.0,21.09351559129013,21.09351559129013,15.6648,25.0,1181.0,21.09351559129013,484.94,485.5,432.0,530.0,98.0,475.25,495.5,783.24
556.9702663078348,556.9387755102041,20.0,267.0,5.922658542826055,5.922658542826055,4.725531028738024,20.0,267.0,5.922658542826055,556.9387755102041,558.0,541.0,567.0,26.0,553.0,561.0,231.55102040816317
494.2759755440274,493.46,31.0,1787.0,28.389582596438437,28.389582596438437,22.3336,31.0,1787.0,28.38958259643843,493.46,491.0,428.0,560.0,132.0,473.5,509.0,1116.6799999999998
505.9726079542251,505.8,22.0,659.0,13.215142829345432,13.215142829345432,10.064,22.0,659.0,13.215142829345432,505.8,505.0,474.0,549.0,75.0,496.0,512.75,503.2000000000001
526.2751561683299,525.82,20.0,723.0,21.88304366398788,21.88304366398788,16.132800000000003,20.0,723.0,21.88304366398788,525.82,523.5,450.0,571.0,121.0,513.75,537.5,806.6400000000001
525.0506070846885,524.74,28.0,1042.0,18.057474906531088,18.057474906531088,14.5592,28.0,1042.0,18.05747490653109,524.74,523.5,484.0,566.0,82.0,512.5,536.0,727.96
536.3853092693721,534.6,12.0,1490.0,43.72687960511246,43.72687960511246,33.224000000000004,12.0,1490.0,43.72687960511247,534.6,532.5,413.0,619.0,206.0,516.75,566.5,1661.2000000000005
520.2153208047606,520.14,27.0,496.0,8.852140983965404,8.852140983965404,7.58,27.0,496.0,8.852140983965405,520.14,520.5,503.0,537.0,34.0,513.0,526.0,379.0
493.04557598664246,492.94,25.0,597.0,10.202764331297672,10.202764331297672,8.1872,25.0,597.0,10.202764331297672,492.94,495.0,473.0,522.0,49.0,485.25,498.75,409.36
525.9215818010149,525.5918367346939,26.0,957.0,18.62072399055762,18.62072399055762,13.828404831320285,26.0,957.0,18.62072399055762,525.5918367346939,525.0,498.0,592.0,94.0,512.0,535.0,677.5918367346939
555.5506817563993,555.4,12.0,366.0,12.938315191708694,12.938315191708694,10.744000000000002,12.0,366.0,12.938315191708694,555.4,556.0,528.0,583.0,55.0,547.0,565.0,537.2
515.4690097377339,515.1,29.0,1110.0,19.501025614054253,19.501025614054253,15.58,29.0,1110.0,19.501025614054253,515.1,514.0,470.0,564.0,94.0,504.5,528.0,779.0
468.49612591781374,467.58,9.0,669.0,29.28418685912245,29.28418685912245,21.4392,9.0,669.0,29.284186859122453,467.58,463.5,425.0,551.0,126.0,447.25,482.0,1071.9599999999998
542.9080585145149,540.44,8.0,1147.0,51.70847512739086,51.70847512739086,41.87520000000001,8.0,1147.0,51.70847512739086,540.44,536.0,460.0,655.0,195.0,497.25,566.0,2093.76
505.81043492442046,504.4705882352941,16.0,1129.0,36.79159800780207,36.79159800780207,28.68050749711649,16.0,1129.0,36.79159800780207,504.4705882352941,509.0,400.0,569.0,169.0,479.0,527.5,1462.705882352941
474.26075106422206,472.22,13.0,1438.0,43.949193394190985,43.949193394190985,35.3712,13.0,1438.0,43.94919339419098,472.22,475.5,353.0,555.0,202.0,445.25,499.75,1768.56
518.3302615128698,516.34,10.0,1281.0,45.37911854586866,45.37911854586866,34.5928,10.0,1281.0,45.37911854586864,516.34,519.0,369.0,601.0,232.0,495.25,546.25,1729.64
507.519674495482,507.38,26.0,686.0,11.906116075362275,11.906116075362275,8.6504,26.0,686.0,11.906116075362275,507.38,507.0,486.0,546.0,60.0,499.25,512.0,432.52
517.3950908155198,517.04,32.0,1282.0,19.165552431380632,19.165552431380632,16.198400000000003,32.0,1282.0,19.16555243138063,517.04,520.0,479.0,555.0,76.0,501.5,532.0,809.9200000000001
516.9684709921873,510.4,7.0,1100.0,82.1476719085818,82.1476719085818,66.048,7.0,1100.0,82.14767190858181,510.4,506.0,369.0,655.0,286.0,449.0,567.25,3302.4
522.801817135327,522.66,23.0,541.0,12.176386984651892,12.176386984651892,9.486399999999998,23.0,541.0,12.176386984651892,522.66,522.0,495.0,553.0,58.0,514.25,531.0,474.32
507.9810429533764,507.86,17.0,481.0,11.088751056814289,11.088751056814289,8.46,17.0,481.0,11.088751056814289,507.86,507.0,485.0,547.0,62.0,501.0,514.75,423.0
515.6428221162397,509.32,9.0,1756.0,80.50253163721003,80.50253163721003,64.5968,9.0,1756.0,80.50253163721003,509.32,497.0,367.0,689.0,322.0,451.25,553.75,3229.84
362.9284226951645,361.72,7.0,927.0,29.59191781551172,29.59191781551172,25.08,7.0,927.0,29.59191781551172,361.72,363.5,299.0,423.0,124.0,335.0,381.0,1254.0
507.9033569489377,507.54,19.0,952.0,19.20855017954244,19.20855017954244,15.484800000000003,19.0,952.0,19.20855017954244,507.54,505.0,468.0,558.0,90.0,495.0,518.75,774.2400000000002
522.2256408871552,522.02,19.0,735.0,14.65399604203577,14.65399604203577,11.5408,19.0,735.0,14.65399604203577,522.02,522.0,485.0,554.0,69.0,510.5,530.0,577.04
539.5132991873323,539.12,17.0,986.0,20.59673760574718,20.59673760574718,17.2656,17.0,986.0,20.59673760574718,539.12,542.5,496.0,578.0,82.0,523.5,552.75,863.28
502.1536219126573,501.42,17.0,1021.0,27.133809168636827,27.133809168636827,22.1696,17.0,1021.0,27.133809168636827,501.42,504.5,436.0,553.0,117.0,482.0,518.75,1108.4799999999998
523.2047018137356,523.04,32.0,822.0,13.127010322232554,13.127010322232554,10.876800000000005,32.0,822.0,13.127010322232554,523.04,524.0,496.0,550.0,54.0,513.5,532.5,543.8400000000001
517.8881153299426,517.74,23.0,705.0,12.38516854951922,12.38516854951922,9.821599999999998,23.0,705.0,12.385168549519218,517.74,518.5,487.0,546.0,59.0,510.0,526.75,491.0799999999999
521.8476789255654,521.4,14.0,942.0,21.61110825478416,21.61110825478416,17.384,14.0,942.0,21.61110825478416,521.4,522.5,476.0,565.0,89.0,506.75,537.75,869.2
481.3512438957648,480.9,19.0,987.0,20.83770620773793,20.83770620773793,16.883999999999997,19.0,987.0,20.83770620773793,480.9,478.0,424.0,537.0,113.0,468.25,497.75,844.1999999999998
558.1472744715323,557.98,23.0,709.0,13.663806204714705,13.663806204714705,10.983199999999997,23.0,709.0,13.663806204714705,557.98,558.0,528.0,588.0,60.0,546.25,567.5,549.1599999999999
507.4434549779906,507.3,28.0,707.0,12.065239326262866,12.065239326262866,8.804,28.0,707.0,12.065239326262866,507.3,507.0,486.0,546.0,60.0,498.5,512.0,440.2000000000001
514.0348197528717,513.7142857142857,25.0,1111.0,18.15016725621479,18.15016725621479,13.947521865889204,25.0,1111.0,18.15016725621479,513.7142857142857,512.0,479.0,562.0,83.0,502.0,522.0,683.428571428571
521.5549443730737,520.64,32.0,1992.0,30.87961139651858,30.87961139651858,24.36799999999999,32.0,1992.0,30.879611396518577,520.64,513.5,467.0,619.0,152.0,500.0,541.0,1218.3999999999996
507.864785154474,507.72,20.0,617.0,12.1260710867123,12.1260710867123,10.16,20.0,617.0,12.1260710867123,507.72,507.0,484.0,534.0,50.0,499.0,517.5,508.0
526.3670962360775,525.56,34.0,1879.0,29.13771439217565,29.13771439217565,22.772800000000007,34.0,1879.0,29.13771439217565,525.56,527.5,470.0,587.0,117.0,509.0,545.25,1138.6400000000003
503.0961140776184,502.22,17.0,1083.0,29.67779641415447,29.67779641415447,24.2912,17.0,1083.0,29.67779641415447,502.22,507.0,442.0,593.0,151.0,479.0,524.0,1214.56
545.075260858535,544.72,23.0,1110.0,19.67642243905126,19.67642243905126,15.764799999999996,23.0,1110.0,19.676422439051265,544.72,547.0,507.0,581.0,74.0,532.0,556.0,788.2399999999998
492.9437087538495,491.86,8.0,963.0,32.66864551829475,32.66864551829475,28.225600000000004,8.0,963.0,32.66864551829476,491.86,492.5,422.0,556.0,134.0,467.25,517.75,1411.2800000000002
497.26099786731714,497.14,21.0,606.0,10.969065593750454,10.969065593750454,9.18,21.0,606.0,10.969065593750454,497.14,497.0,477.0,518.0,41.0,489.25,503.75,459.0
496.5740177476474,496.4489795918368,21.0,578.0,11.142969275058135,11.142969275058135,8.43981674302374,21.0,578.0,11.142969275058135,496.4489795918368,497.0,466.0,520.0,54.0,491.0,505.0,413.55102040816325
527.1441169168068,526.84,18.0,834.0,17.903474523119808,17.903474523119808,14.425599999999996,18.0,834.0,17.903474523119808,526.84,529.0,477.0,565.0,88.0,515.5,538.25,721.2799999999997
565.5262681785878,565.0,16.0,842.0,24.391801901458614,24.391801901458614,18.92,16.0,842.0,24.391801901458614,565.0,563.0,503.0,615.0,112.0,551.25,580.5,946.0
525.1991051020556,524.94,13.0,755.0,16.495344797851303,16.495344797851303,13.422399999999998,13.0,755.0,16.495344797851303,524.94,526.0,484.0,559.0,75.0,515.0,537.75,671.1199999999999
497.971788318158,497.8235294117647,23.0,647.0,12.1505359881017,12.1505359881017,9.181084198385236,23.0,647.0,12.1505359881017,497.8235294117647,499.0,465.0,533.0,68.0,490.5,505.5,468.23529411764713
489.6737485305905,489.02,31.0,1650.0,25.2946555619957,25.2946555619957,19.9416,31.0,1650.0,25.2946555619957,489.02,488.5,451.0,566.0,115.0,468.25,503.5,997.08
472.4957142662778,471.96,22.0,1191.0,22.493519066611164,22.493519066611164,19.28,22.0,1191.0,22.493519066611164,471.96,471.0,430.0,519.0,89.0,455.0,487.0,964.0
516.3812738665104,516.1,22.0,859.0,17.041420128616043,17.041420128616043,13.152000000000005,22.0,859.0,17.041420128616043,516.1,514.0,475.0,553.0,78.0,507.0,524.75,657.6000000000001
528.2601631771981,527.84,22.0,1050.0,21.065004153809227,21.065004153809227,18.08,22.0,1050.0,21.065004153809227,527.84,527.0,480.0,570.0,90.0,510.0,546.0,904.0
516.9788196821993,516.54,23.0,1194.0,21.29620623491424,21.29620623491424,18.826399999999992,23.0,1194.0,21.296206234914237,516.54,510.0,479.0,564.0,85.0,500.0,533.5,941.3199999999996
503.1558009205499,502.52,22.0,1190.0,25.28654978442097,25.28654978442097,19.9392,22.0,1190.0,25.28654978442097,502.52,504.5,443.0,577.0,134.0,484.75,518.25,996.96
552.0559754227827,548.32,6.0,1426.0,64.11690572696097,64.11690572696097,50.315200000000026,6.0,1426.0,64.11690572696098,548.32,528.0,464.0,722.0,258.0,502.25,564.0,2515.760000000001
544.5791683384844,543.8823529411765,17.0,1110.0,27.54009345308843,27.54009345308843,22.177623990772787,17.0,1110.0,27.54009345308843,543.8823529411765,546.0,482.0,600.0,118.0,524.0,564.0,1131.0588235294122
485.7566880651258,485.12,20.0,1198.0,24.86253406231955,24.86253406231955,19.6448,20.0,1198.0,24.86253406231955,485.12,484.5,437.0,552.0,115.0,469.5,498.75,982.24
528.5169817517693,528.2,20.0,972.0,18.301912468373352,18.301912468373352,15.48,20.0,972.0,18.30191246837336,528.2,529.5,489.0,561.0,72.0,513.5,543.75,774.0
519.2016563918108,518.44,26.0,1534.0,28.112744440911488,28.112744440911488,22.764799999999997,26.0,1534.0,28.11274444091149,518.44,521.0,438.0,562.0,124.0,504.5,543.0,1138.2399999999998
525.9054000444551,525.5918367346939,23.0,1001.0,18.1579446460568,18.1579446460568,15.167846730528948,23.0,1001.0,18.1579446460568,525.5918367346939,527.0,485.0,557.0,72.0,512.0,539.0,743.2244897959184
531.9245435209772,518.8,1.0,1400.0,117.4320228898404,117.4320228898404,92.832,1.0,1400.0,117.4320228898404,518.8,510.0,221.0,675.0,454.0,466.25,615.25,4641.599999999999
496.24901007457936,495.48,11.0,991.0,27.61611123963691,27.61611123963691,23.36,11.0,991.0,27.61611123963691,495.48,495.0,432.0,556.0,124.0,473.25,516.75,1168.0
522.076431186086,521.6,28.0,1368.0,22.29887889558576,22.29887889558576,17.616,28.0,1368.0,22.29887889558576,521.6,523.5,463.0,575.0,112.0,505.25,534.0,880.8
523.7060438911922,523.0,17.0,1248.0,27.184929798755512,27.184929798755512,21.18367346938776,17.0,1248.0,27.184929798755512,523.0,520.0,462.0,595.0,133.0,507.0,537.0,1038.0
548.6664013770117,548.02,15.0,1134.0,26.625168544067478,26.625168544067478,21.858400000000003,15.0,1134.0,26.625168544067478,548.02,549.0,485.0,614.0,129.0,525.25,568.25,1092.92
511.4082713449207,511.3,25.0,568.0,10.522832318344715,10.522832318344715,9.06,25.0,568.0,10.522832318344715,511.3,511.0,485.0,529.0,44.0,504.0,519.75,453.0
511.0533240279335,510.9,25.0,669.0,12.51758762701504,12.51758762701504,10.14,25.0,669.0,12.51758762701504,510.9,510.0,477.0,544.0,67.0,503.0,518.75,507.0
512.0712255145762,511.98,22.0,526.0,9.665381523768216,9.665381523768216,7.620799999999999,22.0,526.0,9.665381523768216,511.98,512.0,493.0,538.0,45.0,507.0,517.75,381.04
469.90539473387616,469.8,13.0,415.0,9.951884243699784,9.951884243699784,7.896000000000002,13.0,415.0,9.951884243699784,469.8,468.0,452.0,499.0,47.0,464.0,477.0,394.80000000000007
468.9807228099541,468.7142857142857,27.0,932.0,15.806224555341403,15.806224555341403,12.233236151603496,27.0,932.0,15.806224555341403,468.7142857142857,469.0,429.0,503.0,74.0,459.0,479.0,599.4285714285713
521.2598944394441,520.7755102040817,20.0,938.0,22.466542295130232,22.466542295130232,18.0841316118284,20.0,938.0,22.46654229513023,520.7755102040817,522.0,470.0,562.0,92.0,508.0,536.0,886.1224489795916
513.1012570633598,512.86,21.0,816.0,15.732781063753476,15.732781063753476,12.483200000000002,21.0,816.0,15.732781063753476,512.86,510.0,484.0,555.0,71.0,503.0,524.5,624.1600000000001
525.2884540897506,524.72,22.0,1371.0,24.431160430892348,24.431160430892348,20.3248,22.0,1371.0,24.431160430892348,524.72,529.5,475.0,570.0,95.0,510.25,542.5,1016.2399999999998
473.8241730207267,473.55102040816325,27.0,823.0,16.08657854122028,16.08657854122028,12.925447730112454,27.0,823.0,16.08657854122028,473.55102040816325,475.0,429.0,505.0,76.0,464.0,484.0,633.3469387755102
564.0653153669351,560.28,5.0,1672.0,65.23803798398599,65.23803798398599,47.13439999999999,5.0,1672.0,65.238037983986,560.28,539.5,477.0,761.0,284.0,516.25,561.25,2356.72
503.18916919981496,503.02,20.0,615.0,13.046823368161307,13.046823368161307,9.501599999999998,20.0,615.0,13.046823368161307,503.02,503.0,471.0,532.0,61.0,499.0,512.0,475.0799999999999
388.1508212022744,386.94,19.0,1192.0,30.634888607599017,30.634888607599017,23.1304,19.0,1192.0,30.634888607599017,386.94,381.0,321.0,485.0,164.0,369.25,406.75,1156.52
514.425018831705,513.86,27.0,1501.0,24.10394988378461,24.10394988378461,19.02,27.0,1501.0,24.10394988378461,513.86,512.0,464.0,590.0,126.0,496.25,529.75,951.0
507.4195502737355,506.76,27.0,1341.0,25.86314752693492,25.86314752693492,20.088,27.0,1341.0,25.863147526934924,506.76,509.5,444.0,559.0,115.0,496.25,521.75,1004.4
492.8298692246646,491.76,14.0,999.0,32.455853093086304,32.455853093086304,26.5584,14.0,999.0,32.455853093086304,491.76,495.5,426.0,550.0,124.0,471.5,513.0,1327.92
557.6466220663771,556.1224489795918,8.0,1098.0,41.20166068233283,41.20166068233283,35.67596834652228,8.0,1098.0,41.20166068233283,556.1224489795918,555.0,482.0,641.0,159.0,525.0,586.0,1748.1224489795918
520.9954702298285,520.76,23.0,726.0,15.662132677256952,15.662132677256952,12.6304,23.0,726.0,15.66213267725695,520.76,520.0,489.0,553.0,64.0,509.0,530.75,631.52
508.2779554535097,501.28,15.0,3298.0,84.05261209504438,84.05261209504438,62.4352,15.0,3298.0,84.05261209504438,501.28,519.5,188.0,679.0,491.0,473.25,551.5,3121.76
503.4112036893895,503.32,31.0,571.0,9.58215007187844,9.58215007187844,7.88,31.0,571.0,9.58215007187844,503.32,503.5,486.0,524.0,38.0,496.5,509.0,394.0
519.3330723148681,518.96,17.0,871.0,19.68142271280204,19.68142271280204,15.7984,17.0,871.0,19.68142271280204,518.96,517.0,463.0,575.0,112.0,506.0,533.75,789.9200000000001
483.2862712720071,482.9,20.0,970.0,19.318643844742315,19.318643844742315,16.327999999999996,20.0,970.0,19.318643844742308,482.9,480.0,443.0,537.0,94.0,468.25,498.0,816.3999999999999
556.7326328587143,556.204081632653,17.0,1129.0,24.25374331877304,24.25374331877304,19.840066638900467,17.0,1129.0,24.25374331877304,556.204081632653,561.0,505.0,608.0,103.0,539.0,570.0,972.1632653061228
545.4609793559939,543.0,12.0,1208.0,51.75596583969813,51.75596583969813,41.6,12.0,1208.0,51.75596583969813,543.0,539.5,460.0,655.0,195.0,502.5,576.5,2080.0
549.2108884572483,539.28,9.0,2451.0,103.96961863929288,103.96961863929288,86.0,9.0,2451.0,103.96961863929288,539.28,538.5,317.0,736.0,419.0,475.25,606.75,4300.0
506.4536306514151,506.32,19.0,497.0,11.6334689581397,11.6334689581397,9.7872,19.0,497.0,11.6334689581397,506.32,507.0,483.0,538.0,55.0,497.25,516.0,489.36
515.9340655548924,515.32,23.0,1406.0,25.16461007049384,25.16461007049384,20.2128,23.0,1406.0,25.16461007049384,515.32,513.0,457.0,564.0,107.0,498.5,530.75,1010.64
522.0696505256745,521.24,31.0,1920.0,29.420781770714385,29.420781770714385,23.8384,31.0,1920.0,29.420781770714388,521.24,517.5,467.0,595.0,128.0,500.25,542.5,1191.92
523.4234614535347,523.32,25.0,553.0,10.406613281947209,10.406613281947209,8.228799999999993,25.0,553.0,10.406613281947203,523.32,525.0,498.0,547.0,49.0,518.0,530.75,411.4399999999996
536.8618071720133,536.36,24.0,1140.0,23.206688690978726,23.206688690978726,19.7712,24.0,1140.0,23.206688690978726,536.36,540.0,480.0,588.0,108.0,518.0,555.25,988.56
551.620599428888,550.795918367347,16.0,1268.0,30.1519820933318,30.1519820933318,25.57934194085798,16.0,1268.0,30.1519820933318,550.795918367347,546.0,493.0,616.0,123.0,523.0,578.0,1253.387755102041
521.613688470692,521.36,13.0,590.0,16.266234966949174,16.266234966949174,13.88,13.0,590.0,16.266234966949174,521.36,522.0,492.0,561.0,69.0,508.0,533.5,694.0
578.3977178378213,578.0,24.0,1191.0,21.44574549881631,21.44574549881631,18.12,24.0,1191.0,21.44574549881631,578.0,576.5,535.0,632.0,97.0,565.25,594.0,906.0
513.2133084790378,512.38,10.0,992.0,29.234151261837585,29.234151261837585,23.7608,10.0,992.0,29.234151261837585,512.38,504.5,449.0,594.0,145.0,495.0,535.75,1188.04
505.891944984302,505.74,14.0,573.0,12.39808049659301,12.39808049659301,9.82,14.0,573.0,12.39808049659301,505.74,505.5,474.0,530.0,56.0,500.0,514.0,491.0
493.78013325770814,491.26,23.0,2451.0,49.82401429029981,49.82401429029981,40.4688,23.0,2451.0,49.82401429029981,491.26,505.5,374.0,618.0,244.0,457.25,528.5,2023.44
509.1068453674533,508.62,27.0,1297.0,22.25928121031764,22.25928121031764,18.5248,27.0,1297.0,22.25928121031764,508.62,507.5,460.0,552.0,92.0,491.25,524.0,926.24
510.3007740538907,509.4,28.0,1594.0,30.307094878922328,30.307094878922328,22.824000000000005,28.0,1594.0,30.307094878922328,509.4,512.0,444.0,612.0,168.0,494.5,524.75,1141.2000000000005
511.8507008884524,510.38,10.0,1108.0,38.77364568879228,38.77364568879228,28.264000000000006,10.0,1108.0,38.77364568879228,510.38,515.5,403.0,583.0,180.0,495.25,533.75,1413.2000000000005
523.0406867539083,522.68,27.0,1129.0,19.42106073313196,19.42106073313196,15.56,27.0,1129.0,19.42106073313196,522.68,522.5,474.0,577.0,103.0,510.25,535.75,778.0
513.9816164424719,513.1836734693877,25.0,1498.0,28.628994486029946,28.628994486029946,22.725531028738025,25.0,1498.0,28.628994486029946,513.1836734693877,510.0,457.0,587.0,130.0,494.0,530.0,1113.5510204081631
510.9372172782092,508.36,4.0,1284.0,51.2537842505312,51.2537842505312,43.84,4.0,1284.0,51.2537842505312,508.36,509.5,411.0,620.0,209.0,467.0,544.75,2192.0
572.7961592050002,572.56,25.0,1041.0,16.446470746029373,16.446470746029373,12.604799999999996,25.0,1041.0,16.446470746029373,572.56,572.0,531.0,614.0,83.0,562.25,579.75,630.2399999999998
525.678380761469,525.36,22.0,961.0,18.292905728724456,18.292905728724456,14.72,22.0,961.0,18.292905728724453,525.36,525.5,487.0,562.0,75.0,515.0,537.5,736.0
499.73837155055446,499.6,23.0,637.0,11.75925167687128,11.75925167687128,9.144,23.0,637.0,11.75925167687128,499.6,498.0,477.0,536.0,59.0,491.25,506.0,457.2000000000001
484.9098885360042,484.28,32.0,1679.0,24.707925853863166,24.707925853863166,20.08,32.0,1679.0,24.70792585386317,484.28,484.5,444.0,544.0,100.0,463.75,500.25,1004.0
514.8847249627823,514.36,24.0,1206.0,23.239414794697392,23.239414794697392,16.937600000000003,24.0,1206.0,23.23941479469739,514.36,511.5,442.0,575.0,133.0,503.25,524.0,846.8800000000001
498.6624309089266,498.26,20.0,1012.0,20.02978781714874,20.02978781714874,16.0616,20.0,1012.0,20.02978781714874,498.26,495.0,466.0,561.0,95.0,485.0,511.0,803.0799999999999
521.709478541458,521.5,14.0,726.0,14.782760229402356,14.782760229402356,12.1,14.0,726.0,14.782760229402356,521.5,520.5,490.0,552.0,62.0,511.25,531.0,605.0
508.2504697489221,506.66,20.0,1721.0,40.17691376897932,40.17691376897932,34.26,20.0,1721.0,40.17691376897932,506.66,504.0,414.0,591.0,177.0,476.75,536.5,1713.0
494.6797356030733,494.530612244898,22.0,591.0,12.1455493499846,12.1455493499846,8.743023740108288,22.0,591.0,12.1455493499846,494.530612244898,495.0,462.0,530.0,68.0,489.0,501.0,428.4081632653061
522.6476059449617,522.44,24.0,862.0,14.729779360194096,14.729779360194096,12.457600000000005,24.0,862.0,14.729779360194096,522.44,521.5,491.0,555.0,64.0,512.0,532.75,622.8800000000001
565.0356625913093,564.38,13.0,949.0,27.212416283748123,27.212416283748123,20.976000000000003,13.0,949.0,27.212416283748126,564.38,561.0,507.0,632.0,125.0,549.25,581.5,1048.8000000000002
524.5764577256589,524.06,17.0,1032.0,23.271794086404256,23.271794086404256,18.994399999999988,17.0,1032.0,23.271794086404256,524.06,519.0,481.0,591.0,110.0,508.0,543.5,949.7199999999992
555.7963475950521,555.62,29.0,816.0,13.999842856260925,13.999842856260925,10.4296,29.0,816.0,13.999842856260925,555.62,555.0,514.0,591.0,77.0,546.25,563.0,521.48
513.6561106421299,513.36,15.0,652.0,17.438761423908524,17.438761423908524,14.611199999999998,15.0,652.0,17.43876142390852,513.36,515.5,479.0,553.0,74.0,500.25,525.75,730.56
505.0821319349953,504.76,13.0,613.0,18.036141494233185,18.036141494233185,14.8896,13.0,613.0,18.036141494233185,504.76,505.0,470.0,546.0,76.0,490.25,516.5,744.48
522.8273711274114,522.18,12.0,760.0,26.00975970669472,26.00975970669472,23.03840000000001,12.0,760.0,26.00975970669472,522.18,526.0,482.0,583.0,101.0,497.0,542.75,1151.9200000000003
506.86061200294506,506.72,21.0,629.0,11.938241076473536,11.938241076473536,9.897600000000002,21.0,629.0,11.938241076473536,506.72,505.0,484.0,534.0,50.0,497.25,516.0,494.8800000000001
476.09305813044574,476.0,21.0,461.0,9.412757300600074,9.412757300600074,7.52,21.0,461.0,9.412757300600074,476.0,475.5,452.0,493.0,41.0,470.0,484.0,376.0
493.1786897261479,493.02,28.0,644.0,12.509980015971248,12.509980015971248,9.422399999999998,28.0,644.0,12.509980015971248,493.02,492.0,461.0,526.0,65.0,486.0,499.75,471.1199999999999
557.3440230234824,557.28,15.0,346.0,8.447579534991073,8.447579534991073,6.606400000000003,15.0,346.0,8.447579534991073,557.28,559.0,536.0,572.0,36.0,554.0,563.0,330.32000000000016
494.5056723638264,494.3,27.0,865.0,14.260785392116382,14.260785392116382,10.964,27.0,865.0,14.260785392116384,494.3,493.5,468.0,535.0,67.0,485.0,499.75,548.2
514.7481131582708,514.54,22.0,717.0,14.63586007038876,14.63586007038876,10.755200000000004,22.0,717.0,14.63586007038876,514.54,516.0,472.0,548.0,76.0,506.25,523.0,537.7600000000002
512.7514212559532,512.14,28.0,1460.0,25.032786500907164,25.032786500907164,20.7912,28.0,1460.0,25.032786500907168,512.14,511.0,452.0,562.0,110.0,495.25,530.75,1039.56
556.969819649144,556.94,18.0,240.0,5.763367071426217,5.763367071426217,4.502399999999998,18.0,240.0,5.763367071426217,556.94,557.0,541.0,569.0,28.0,554.0,561.0,225.1199999999999
548.1407118614708,547.84,25.0,1009.0,18.15418409072685,18.15418409072685,14.052799999999998,25.0,1009.0,18.15418409072685,547.84,549.5,507.0,591.0,84.0,536.5,557.5,702.6399999999999
516.7904604382709,516.46,22.0,921.0,18.47832243468005,18.47832243468005,14.1984,22.0,921.0,18.47832243468005,516.46,513.5,478.0,566.0,88.0,503.0,525.0,709.9200000000001
486.4355455761842,485.66,15.0,1016.0,27.45731960698276,27.45731960698276,21.8328,15.0,1016.0,27.457319606982765,485.66,481.0,428.0,556.0,128.0,464.25,498.75,1091.64
516.4046088097975,516.24,29.0,820.0,13.03772986374545,13.03772986374545,10.4,29.0,820.0,13.03772986374545,516.24,516.5,494.0,546.0,52.0,504.25,523.75,520.0
514.2899765696392,513.1,28.0,2092.0,34.9652684817377,34.9652684817377,28.044000000000004,28.0,2092.0,34.96526848173771,513.1,502.5,450.0,621.0,171.0,489.5,529.75,1402.2000000000005
498.5970316798928,498.12,17.0,852.0,21.805173698001123,21.805173698001123,18.4304,17.0,852.0,21.805173698001123,498.12,502.0,457.0,559.0,102.0,481.25,512.5,921.52
545.7686322976065,545.24,16.0,1028.0,24.0154616861721,24.0154616861721,18.5488,16.0,1028.0,24.0154616861721,545.24,543.5,500.0,609.0,109.0,525.0,556.0,927.44
507.1724953110135,506.38,24.0,1322.0,28.341411397458668,28.341411397458668,22.54,24.0,1322.0,28.341411397458668,506.38,506.5,443.0,577.0,134.0,487.25,520.75,1127.0
557.4768335993882,556.98,15.0,875.0,23.53082234007133,23.53082234007133,18.9824,15.0,875.0,23.53082234007133,556.98,559.5,518.0,615.0,97.0,539.25,570.75,949.12
591.9787665110971,591.62,26.0,1108.0,20.60668823464848,20.60668823464848,16.5648,26.0,1108.0,20.60668823464848,591.62,589.5,550.0,649.0,99.0,578.0,605.75,828.24
527.1064977782004,498.3,5.0,3021.0,171.8673034640388,171.8673034640388,128.576,5.0,3021.0,171.8673034640388,498.3,553.5,0.0,772.0,772.0,446.25,586.0,6428.799999999999
477.6214609918612,475.62,11.0,1248.0,43.67923534129232,43.67923534129232,34.42,11.0,1248.0,43.67923534129232,475.62,475.5,353.0,556.0,203.0,447.75,510.0,1721.0
486.0565193472874,485.34,36.0,1776.0,26.3822743522995,26.3822743522995,20.7144,36.0,1776.0,26.382274352299497,485.34,481.0,431.0,553.0,122.0,466.75,498.0,1035.7199999999998
508.8590571071719,508.54,11.0,783.0,18.016892073828934,18.016892073828934,14.743200000000002,11.0,783.0,18.016892073828934,508.54,506.5,473.0,544.0,71.0,494.25,524.0,737.1600000000001
568.9399265300336,568.68,31.0,1105.0,17.195859966864116,17.195859966864116,14.305600000000004,31.0,1105.0,17.195859966864116,568.68,570.0,531.0,609.0,78.0,553.5,582.75,715.2800000000002
463.5258353101799,463.32,24.0,740.0,13.812226467879825,13.812226467879825,11.2544,24.0,740.0,13.812226467879825,463.32,466.5,429.0,493.0,64.0,455.5,472.75,562.72
507.0501726170896,506.0,17.0,1503.0,32.61713584943362,32.61713584943362,26.285714285714285,17.0,1503.0,32.61713584943362,506.0,499.0,448.0,593.0,145.0,482.0,526.0,1288.0
516.2144067395739,515.6274509803922,26.0,1562.0,24.60986633351509,24.60986633351509,19.51710880430604,26.0,1562.0,24.60986633351509,515.6274509803922,517.0,448.0,582.0,134.0,499.0,532.0,995.3725490196078
296.7825803513407,284.1,7.0,1320.0,85.83175403077814,85.83175403077814,71.136,7.0,1320.0,85.83175403077814,284.1,288.0,97.0,450.0,353.0,223.75,344.5,3556.8
513.1426781736882,512.7551020408164,31.0,1213.0,19.940248102201306,19.940248102201306,16.03665139525199,31.0,1213.0,19.940248102201306,512.7551020408164,509.0,471.0,570.0,99.0,501.0,527.0,785.7959183673474
513.7187362750166,513.02,25.0,1409.0,26.784689656593,26.784689656593,20.1408,25.0,1409.0,26.784689656593,513.02,511.5,450.0,608.0,158.0,498.0,526.75,1007.04
473.15737339705487,473.1,23.0,383.0,7.368174807915458,7.368174807915458,5.464000000000001,23.0,383.0,7.368174807915458,473.1,473.0,452.0,492.0,40.0,470.0,477.75,273.20000000000005
528.3056312400995,528.04,24.0,705.0,16.75107160751216,16.75107160751216,13.166399999999994,24.0,705.0,16.75107160751216,528.04,526.5,497.0,570.0,73.0,517.25,537.5,658.3199999999997
520.7015675499542,520.6122448979592,20.0,448.0,9.644320156805444,9.644320156805444,8.404831320283213,20.0,448.0,9.644320156805444,520.6122448979592,520.0,505.0,538.0,33.0,514.0,529.0,411.8367346938775
512.4193595093768,506.28,4.0,1216.0,79.08325739371135,79.08325739371135,61.38719999999999,4.0,1216.0,79.08325739371135,506.28,495.0,383.0,728.0,345.0,452.0,550.25,3069.36
510.6090676828997,510.46,17.0,655.0,12.337276847019362,12.337276847019362,8.98,17.0,655.0,12.337276847019362,510.46,510.5,483.0,548.0,65.0,504.0,516.0,449.0
511.63051120901696,511.38,24.0,889.0,16.00861018327325,16.00861018327325,13.5,24.0,889.0,16.00861018327325,511.38,512.0,480.0,544.0,64.0,500.0,523.75,675.0
517.5088984742194,517.3,27.0,859.0,14.702720836634285,14.702720836634285,11.680000000000009,27.0,859.0,14.702720836634285,517.3,520.0,471.0,547.0,76.0,508.0,526.75,584.0000000000005
499.90813156018976,499.7,24.0,799.0,14.423938435808717,14.423938435808717,11.5,24.0,799.0,14.42393843580872,499.7,499.0,474.0,541.0,67.0,488.5,508.0,575.0
503.4031187825519,502.7,22.0,1023.0,26.597180301678595,26.597180301678595,22.283999999999995,22.0,1023.0,26.597180301678595,502.7,505.0,442.0,560.0,118.0,482.5,521.5,1114.1999999999998
513.793772652342,513.3061224489796,19.0,1025.0,22.38002396602158,22.38002396602158,18.28738025822574,19.0,1025.0,22.38002396602158,513.3061224489796,518.0,464.0,574.0,110.0,495.0,528.0,896.0816326530611
524.4369552195955,524.16,28.0,991.0,17.041549225349204,17.041549225349204,13.64,28.0,991.0,17.0415492253492,524.16,524.5,484.0,566.0,82.0,512.25,536.0,682.0
516.4302469840434,516.08,22.0,978.0,19.01666637452527,19.01666637452527,15.366400000000004,22.0,978.0,19.01666637452527,516.08,513.5,475.0,553.0,78.0,505.5,528.5,768.3200000000002
491.3810192940393,489.6326530612245,13.0,1095.0,41.41462517849886,41.41462517849886,30.94210745522699,13.0,1095.0,41.41462517849886,489.6326530612245,487.0,417.0,606.0,189.0,464.0,502.0,1516.1632653061224
507.78994934230553,507.6530612244898,20.0,590.0,11.7899144384359,11.7899144384359,9.28946272386506,20.0,590.0,11.7899144384359,507.6530612244898,505.0,483.0,542.0,59.0,499.0,515.0,455.183673469388
500.0136398139555,499.88,21.0,567.0,11.55965397405995,11.55965397405995,8.980799999999999,21.0,567.0,11.55965397405995,499.88,498.0,474.0,537.0,63.0,493.0,505.75,449.04
512.7082796288744,512.38,11.0,614.0,18.34436153154424,18.34436153154424,15.2104,11.0,614.0,18.34436153154424,512.38,509.5,468.0,552.0,84.0,500.0,528.5,760.52
496.89030982702815,496.74,26.0,741.0,12.22098195727332,12.22098195727332,9.5104,26.0,741.0,12.220981957273318,496.74,498.0,470.0,529.0,59.0,489.0,504.5,475.52
498.25543649818815,498.16,24.0,533.0,9.751635760219925,9.751635760219925,7.292800000000002,24.0,533.0,9.751635760219925,498.16,497.0,476.0,531.0,55.0,492.0,502.75,364.6400000000001
507.9614355440775,507.86,30.0,632.0,10.15088173510065,10.15088173510065,7.8256,30.0,632.0,10.15088173510065,507.86,508.0,479.0,535.0,56.0,502.25,514.0,391.28
510.774431623197,510.68,21.0,496.0,9.821283011908372,9.821283011908372,7.6528,21.0,496.0,9.821283011908374,510.68,511.0,484.0,538.0,54.0,504.25,517.0,382.64
513.4047526075309,513.32,28.0,574.0,9.328322464409128,9.328322464409128,8.052800000000001,28.0,574.0,9.328322464409128,513.32,512.0,496.0,532.0,36.0,505.5,520.0,402.6400000000001
513.4590733447019,513.22,20.0,814.0,15.666895033796582,15.666895033796582,12.375200000000005,20.0,814.0,15.666895033796584,513.22,511.5,462.0,551.0,89.0,503.25,524.0,618.7600000000002
557.7291636627943,557.54,20.0,698.0,14.524751288748462,14.524751288748462,11.595200000000004,20.0,698.0,14.524751288748458,557.54,558.0,523.0,588.0,65.0,546.25,567.5,579.7600000000002
490.19930640505805,488.92,8.0,1056.0,35.39199909584085,35.39199909584085,30.6,8.0,1056.0,35.39199909584085,488.92,488.5,422.0,556.0,134.0,460.25,517.5,1530.0
500.6771215064655,500.38,27.0,991.0,17.246321346884386,17.246321346884386,13.38,27.0,991.0,17.246321346884386,500.38,500.5,454.0,532.0,78.0,491.0,509.0,669.0
473.8286610157727,473.76,24.0,403.0,8.066126703691184,8.066126703691184,6.070399999999999,24.0,403.0,8.066126703691184,473.76,473.0,452.0,492.0,40.0,470.0,478.0,303.52
398.4570240314506,397.8,23.0,1159.0,22.87269114030966,22.87269114030966,17.855999999999998,23.0,1159.0,22.87269114030966,397.8,398.5,338.0,449.0,111.0,386.25,410.75,892.8
513.3730612332517,513.02,16.0,827.0,19.03627064316958,19.03627064316958,15.8616,16.0,827.0,19.03627064316958,513.02,510.5,465.0,548.0,83.0,499.0,529.5,793.0799999999999
517.0674617494317,516.8,23.0,881.0,16.628890522220658,16.628890522220658,14.0,23.0,881.0,16.628890522220658,516.8,518.0,482.0,555.0,73.0,505.25,529.75,700.0
483.7151021003996,482.94,23.0,1496.0,27.372548292038868,27.372548292038868,22.94,23.0,1496.0,27.372548292038868,482.94,485.0,418.0,546.0,128.0,464.25,499.0,1147.0
524.529560654116,524.38,17.0,538.0,12.524999001995967,12.524999001995967,9.896,17.0,538.0,12.524999001995967,524.38,523.0,495.0,553.0,58.0,516.0,531.75,494.8
518.3844133459262,517.36,32.0,2198.0,32.57346159068759,32.57346159068759,27.254400000000004,32.0,2198.0,32.57346159068759,517.36,516.0,461.0,591.0,130.0,491.75,543.5,1362.7200000000005
487.3030884367551,486.98,28.0,1040.0,17.742029196233446,17.742029196233446,14.3808,28.0,1040.0,17.742029196233446,486.98,487.5,451.0,531.0,80.0,478.0,499.0,719.04
497.92625960075657,497.76,23.0,696.0,12.866328147533002,12.866328147533002,9.9392,23.0,696.0,12.866328147533002,497.76,498.5,465.0,533.0,68.0,491.25,506.75,496.96
494.3348662597045,494.2,23.0,623.0,11.546428019088848,11.546428019088848,9.536,23.0,623.0,11.546428019088848,494.2,493.5,470.0,529.0,59.0,486.25,502.0,476.8
501.06515116727655,499.18367346938777,13.0,1328.0,43.38139988397537,43.38139988397537,34.183256976259884,13.0,1328.0,43.38139988397537,499.18367346938777,509.0,387.0,593.0,206.0,472.0,528.0,1674.9795918367345
507.6729852966376,507.54,11.0,456.0,11.619311511445073,11.619311511445073,9.3616,11.0,456.0,11.619311511445073,507.54,507.0,480.0,529.0,49.0,498.5,516.0,468.08
505.66761810501566,505.54,19.0,617.0,11.359947182975809,11.359947182975809,9.38,19.0,617.0,11.359947182975809,505.54,505.5,487.0,536.0,49.0,496.0,513.75,469.0
516.7107903037506,516.3673469387755,20.0,921.0,18.836237196870727,18.836237196870727,15.82923781757601,20.0,921.0,18.836237196870727,516.3673469387755,518.0,473.0,547.0,74.0,506.0,530.0,775.6326530612245
515.7962194510542,515.7,19.0,514.0,9.962429422585636,9.962429422585636,7.791999999999998,19.0,514.0,9.962429422585638,515.7,516.0,495.0,539.0,44.0,509.25,521.75,389.5999999999999
503.2881679515226,502.98,26.0,1058.0,17.60964508444165,17.60964508444165,13.6216,26.0,1058.0,17.609645084441652,502.98,505.0,454.0,539.0,85.0,491.5,512.0,681.0799999999999
504.06658290348906,503.96,21.0,565.0,10.365249635199335,10.365249635199335,8.16,21.0,565.0,10.365249635199335,503.96,503.5,486.0,538.0,52.0,496.0,509.0,408.0
503.1823725052379,502.38,28.0,1842.0,28.404851698257467,28.404851698257467,23.505600000000005,28.0,1842.0,28.404851698257467,502.38,500.0,456.0,562.0,106.0,480.25,526.0,1175.2800000000002
510.06021213186193,502.86,5.0,1145.0,85.400470724698,85.400470724698,71.64880000000001,5.0,1145.0,85.400470724698,502.86,495.0,369.0,655.0,286.0,432.0,567.25,3582.4400000000005
462.4241126930991,462.1,21.0,862.0,17.31040149736568,17.31040149736568,14.236000000000004,21.0,862.0,17.31040149736568,462.1,461.0,430.0,503.0,73.0,448.0,473.75,711.8000000000002
536.0766736204813,535.96,24.0,608.0,11.183845492494967,11.183845492494967,9.156800000000002,24.0,608.0,11.183845492494967,535.96,534.5,506.0,562.0,56.0,528.0,543.0,457.84000000000015
465.3031699870526,464.8,29.0,1378.0,21.633307652783937,21.633307652783937,17.648000000000003,29.0,1378.0,21.633307652783937,464.8,466.5,410.0,507.0,97.0,450.25,480.0,882.4000000000001
492.84942933922525,492.72,28.0,692.0,11.294317155100613,11.294317155100613,9.382399999999995,28.0,692.0,11.294317155100613,492.72,495.0,472.0,522.0,50.0,483.25,500.0,469.1199999999999
506.56810006158105,506.04,22.0,1203.0,23.12484378325614,23.12484378325614,18.92,22.0,1203.0,23.124843783256136,506.04,506.5,449.0,552.0,103.0,491.0,521.75,946.0
516.1771982565677,515.78,28.0,1167.0,20.245779807159813,20.245779807159813,16.18,28.0,1167.0,20.245779807159813,515.78,514.0,470.0,566.0,96.0,504.5,531.25,809.0
526.9653688811059,523.82,10.0,1219.0,57.49006522869842,57.49006522869842,43.04879999999999,10.0,1219.0,57.49006522869843,523.82,527.0,403.0,662.0,259.0,506.25,556.75,2152.44
499.5281974023088,498.74,28.0,1787.0,28.05053297176365,28.05053297176365,22.34,28.0,1787.0,28.05053297176365,498.74,498.5,446.0,567.0,121.0,476.0,516.25,1117.0
525.350881811012,525.1960784313726,28.0,745.0,12.752576991158184,12.752576991158184,11.03883121876202,28.0,745.0,12.752576991158184,525.1960784313726,522.0,504.0,552.0,48.0,514.5,534.5,562.980392156863
510.1579951348406,509.78,24.0,1069.0,19.63495861976796,19.63495861976796,15.824799999999996,24.0,1069.0,19.63495861976796,509.78,507.0,474.0,559.0,85.0,495.25,519.75,791.2399999999998
520.8975139122858,520.74,32.0,797.0,12.80907490804859,12.80907490804859,10.1,32.0,797.0,12.80907490804859,520.74,520.5,489.0,543.0,54.0,514.25,529.5,505.0
503.8923597397381,502.9795918367347,28.0,1658.0,30.31567910889352,30.31567910889352,22.469804248229902,28.0,1658.0,30.31567910889352,502.9795918367347,503.0,446.0,599.0,153.0,478.0,517.0,1101.0204081632653
562.8356776182547,562.64,27.0,844.0,14.840161724186162,14.840161724186162,12.0656,27.0,844.0,14.840161724186162,562.64,562.0,531.0,594.0,63.0,550.25,572.0,603.28
552.5893049996535,552.42,22.0,775.0,13.677850708353269,13.677850708353269,10.992800000000006,22.0,775.0,13.677850708353269,552.42,554.0,517.0,576.0,59.0,543.25,562.0,549.6400000000003
561.8669059483749,557.94,6.0,1610.0,66.3127167291463,66.3127167291463,48.26880000000003,6.0,1610.0,66.3127167291463,557.94,534.0,470.0,761.0,291.0,519.0,555.75,2413.4400000000014
503.86190568448416,503.18,16.0,938.0,26.20510637261372,26.20510637261372,22.285599999999995,16.0,938.0,26.20510637261372,503.18,504.5,454.0,552.0,98.0,482.0,521.0,1114.2799999999995
554.5306795027701,554.4313725490196,18.0,448.0,10.494171868906491,10.494171868906491,8.266051518646675,18.0,448.0,10.494171868906491,554.4313725490196,555.0,529.0,577.0,48.0,547.5,560.0,421.5686274509805
519.7639464218348,517.88,13.0,1132.0,44.21386207966909,44.21386207966909,30.9984,13.0,1132.0,44.21386207966909,517.88,530.0,371.0,577.0,206.0,508.5,544.0,1549.92
492.0952753278576,491.28,24.0,1600.0,28.3146887674931,28.3146887674931,22.8976,24.0,1600.0,28.314688767493102,491.28,494.0,422.0,564.0,142.0,468.5,508.5,1144.88
501.4881454231994,500.44,18.0,1342.0,32.40627099806456,32.40627099806456,25.72,18.0,1342.0,32.40627099806456,500.44,500.0,436.0,593.0,157.0,479.25,518.75,1286.0
482.3974502420177,482.14,28.0,974.0,15.758185174695722,15.758185174695722,12.922399999999998,28.0,974.0,15.758185174695722,482.14,479.5,452.0,516.0,64.0,470.25,492.75,646.1199999999999
489.67791455200427,489.3,24.0,1062.0,19.23460423299632,19.23460423299632,15.884,24.0,1062.0,19.23460423299632,489.3,486.5,457.0,534.0,77.0,474.25,502.75,794.2
509.3475237988303,509.14,22.0,781.0,14.53823923313962,14.53823923313962,11.5112,22.0,781.0,14.538239233139617,509.14,507.0,469.0,543.0,74.0,499.25,520.5,575.56
501.3083083293154,500.98,25.0,968.0,18.14,18.14,13.86,25.0,968.0,18.14,500.98,500.5,455.0,562.0,107.0,491.0,511.0,693.0
523.614533793706,523.3,20.0,904.0,18.1463494951464,18.1463494951464,14.871999999999998,20.0,904.0,18.1463494951464,523.3,522.0,487.0,562.0,75.0,509.5,535.75,743.5999999999999
510.0883256848759,509.74,25.0,1093.0,18.847609928051885,18.847609928051885,14.8896,25.0,1093.0,18.847609928051888,509.74,508.0,474.0,567.0,93.0,496.0,523.0,744.48
525.2348807914417,524.52,22.0,1421.0,27.3943351808362,27.3943351808362,23.6,22.0,1421.0,27.3943351808362,524.52,526.0,475.0,571.0,96.0,503.25,547.5,1180.0
552.013985330082,551.68,15.0,683.0,19.199416657805,19.199416657805,14.548799999999993,15.0,683.0,19.199416657805,551.68,550.0,513.0,600.0,87.0,538.25,561.0,727.4399999999996
498.2474485634623,498.04,27.0,750.0,14.376313853001404,14.376313853001404,10.926400000000005,27.0,750.0,14.376313853001404,498.04,496.5,469.0,537.0,68.0,490.0,504.75,546.3200000000002
511.05712009520033,503.9,6.0,1144.0,85.23010031673083,85.23010031673083,71.336,6.0,1144.0,85.23010031673083,503.9,499.5,369.0,655.0,286.0,432.0,567.25,3566.8
495.27313676394766,494.68,26.0,1373.0,24.23174777022904,24.23174777022904,19.4,26.0,1373.0,24.23174777022904,494.68,494.0,454.0,571.0,117.0,476.0,506.5,970.0
524.8337069967972,524.42,32.0,1233.0,20.834673023592185,20.834673023592185,16.173599999999997,32.0,1233.0,20.834673023592188,524.42,523.5,473.0,587.0,114.0,509.0,534.0,808.6799999999998
519.0069556373979,518.82,11.0,497.0,13.929379024206357,13.929379024206357,11.401599999999997,11.0,497.0,13.929379024206357,518.82,520.0,482.0,548.0,66.0,510.0,529.0,570.0799999999997
518.7943330453794,517.72,22.0,1714.0,33.370070422460905,33.370070422460905,24.88,22.0,1714.0,33.370070422460905,517.72,517.0,438.0,626.0,188.0,494.0,533.25,1244.0
507.0138262414547,506.7,26.0,933.0,17.836199146679203,17.836199146679203,13.547999999999996,26.0,933.0,17.836199146679206,506.7,505.0,473.0,552.0,79.0,493.5,514.75,677.3999999999999
493.7267260337443,493.08,14.0,657.0,25.26249393864351,25.26249393864351,19.291200000000007,14.0,657.0,25.26249393864351,493.08,500.5,425.0,545.0,120.0,482.75,507.75,964.5600000000004
499.6080663880438,498.9,28.0,1696.0,26.589659644305343,26.589659644305343,21.332,28.0,1696.0,26.58965964430534,498.9,495.5,451.0,563.0,112.0,481.0,514.5,1066.6
501.0612003843565,500.734693877551,20.0,794.0,18.085709219367477,18.085709219367477,14.50478967097043,20.0,794.0,18.08570921936747,500.734693877551,500.0,455.0,544.0,89.0,488.0,513.0,710.7346938775511
513.4166144565249,513.18,17.0,741.0,15.58549325494705,15.58549325494705,12.041599999999994,17.0,741.0,15.585493254947052,513.18,512.5,462.0,551.0,89.0,502.25,523.25,602.0799999999997
482.4910700241624,481.83673469387753,24.0,1469.0,25.119589021380943,25.119589021380943,19.534360683048728,24.0,1469.0,25.119589021380943,481.83673469387753,476.0,421.0,548.0,127.0,467.0,497.0,957.1836734693876
575.4490594309804,575.22,30.0,1082.0,16.234888358100896,16.234888358100896,13.14,30.0,1082.0,16.234888358100896,575.22,575.5,544.0,614.0,70.0,563.25,586.0,657.0
525.1451608841121,524.48,25.0,1399.0,26.422899159630457,26.422899159630457,19.7008,25.0,1399.0,26.42289915963046,524.48,526.0,461.0,602.0,141.0,509.0,537.75,985.04
488.889987625028,488.58,26.0,1045.0,17.406998592520193,17.406998592520193,14.590400000000004,26.0,1045.0,17.406998592520196,488.58,491.5,456.0,522.0,66.0,477.0,502.0,729.5200000000002
506.89334183830033,506.74,27.0,689.0,12.46725310563638,12.46725310563638,9.4096,27.0,689.0,12.46725310563638,506.74,505.5,487.0,549.0,62.0,497.25,512.0,470.48
504.21005543324895,503.7,22.0,1086.0,22.673552875542025,22.673552875542025,17.752,22.0,1086.0,22.673552875542025,503.7,505.0,455.0,577.0,122.0,485.5,515.75,887.5999999999999
504.7386848657432,504.62,22.0,645.0,10.94511763299052,10.94511763299052,8.894400000000001,22.0,645.0,10.94511763299052,504.62,503.5,480.0,527.0,47.0,498.0,512.75,444.72
511.94142243034014,511.66,23.0,952.0,16.972460045615072,16.972460045615072,13.7136,23.0,952.0,16.972460045615072,511.66,512.5,469.0,547.0,78.0,499.25,524.0,685.6800000000001
513.016568933207,512.52,11.0,823.0,22.56655933012385,22.56655933012385,18.7408,11.0,823.0,22.56655933012385,512.52,511.0,468.0,562.0,94.0,498.5,529.75,937.04
519.2662012447007,513.1428571428571,9.0,1567.0,79.50972216255913,79.50972216255913,62.14577259475218,9.0,1567.0,79.50972216255913,513.1428571428571,501.0,367.0,689.0,322.0,464.0,560.0,3045.142857142857
491.7528850957562,491.42,36.0,1222.0,18.09098117847675,18.09098117847675,14.649599999999996,36.0,1222.0,18.09098117847675,491.42,493.0,453.0,537.0,84.0,479.0,503.0,732.4799999999998
498.6879929231446,497.55102040816325,14.0,1366.0,33.65555491311631,33.65555491311631,26.833819241982503,14.0,1366.0,33.65555491311631,497.55102040816325,493.0,436.0,593.0,157.0,475.0,519.0,1314.857142857143
524.423397647359,523.86,18.0,1051.0,24.302271498771468,24.302271498771468,18.2888,18.0,1051.0,24.302271498771468,523.86,521.0,481.0,589.0,108.0,510.75,531.75,914.44
515.2958567658002,514.86,25.0,1095.0,21.189629538998556,21.189629538998556,17.06,25.0,1095.0,21.189629538998556,514.86,514.5,474.0,574.0,100.0,496.75,530.0,853.0
508.1923061204292,508.06,19.0,589.0,11.595533622908434,11.595533622908434,9.1072,19.0,589.0,11.595533622908434,508.06,505.5,483.0,542.0,59.0,500.0,514.5,455.36
560.1558354600977,560.08,12.0,334.0,9.217027720474752,9.217027720474752,7.156799999999999,12.0,334.0,9.217027720474752,560.08,561.0,534.0,577.0,43.0,555.25,566.75,357.8399999999999
527.6316897230491,527.04,25.0,1215.0,24.980760596907373,24.980760596907373,17.358400000000003,25.0,1215.0,24.980760596907373,527.04,528.5,461.0,602.0,141.0,516.0,534.75,867.9200000000001
537.0425495247094,520.02,9.0,2932.0,134.14134187490447,134.14134187490447,97.58240000000002,9.0,2932.0,134.14134187490447,520.02,508.5,151.0,797.0,646.0,455.25,569.0,4879.120000000001
498.51631868976966,497.96,14.0,829.0,23.54481683938102,23.54481683938102,19.8368,14.0,829.0,23.54481683938102,497.96,492.5,457.0,548.0,91.0,479.25,516.5,991.84
514.6989022719982,512.84,12.0,1099.0,43.70462675735831,43.70462675735831,36.6928,12.0,1099.0,43.70462675735831,512.84,517.5,400.0,582.0,182.0,476.25,548.75,1834.64
577.316932022611,576.88,17.0,1087.0,22.45674954217551,22.45674954217551,18.24,17.0,1087.0,22.45674954217551,576.88,576.5,530.0,632.0,102.0,561.5,590.75,912.0
497.4547416599826,497.22,28.0,863.0,15.280431931067918,15.280431931067918,12.015200000000004,28.0,863.0,15.280431931067918,497.22,494.5,471.0,537.0,66.0,486.25,505.5,600.7600000000002
517.5058840245201,517.14,25.0,1050.0,19.45662869050032,19.45662869050032,15.6544,25.0,1050.0,19.45662869050032,517.14,519.0,459.0,551.0,92.0,507.25,530.0,782.72
540.9871162976065,540.82,23.0,647.0,13.445727946080122,13.445727946080122,11.394399999999996,23.0,647.0,13.445727946080122,540.82,544.0,507.0,566.0,59.0,529.0,550.0,569.7199999999998
551.742711777872,550.66,14.0,1158.0,34.54829084050324,34.54829084050324,28.26,14.0,1158.0,34.54829084050324,550.66,552.0,482.0,625.0,143.0,526.25,570.75,1413.0
510.84357684128713,510.56,26.0,959.0,17.01900114577821,17.01900114577821,13.0496,26.0,959.0,17.01900114577821,510.56,507.5,487.0,564.0,77.0,498.0,515.75,652.48
504.0622580594584,503.92,25.0,609.0,11.974706676992133,11.974706676992133,9.96,25.0,609.0,11.974706676992136,503.92,503.5,480.0,525.0,45.0,494.25,512.0,498.0
514.0910425206804,513.56,31.0,1330.0,23.360787657953654,23.360787657953654,18.28,31.0,1330.0,23.360787657953654,513.56,513.5,450.0,558.0,108.0,498.25,525.0,914.0
505.7492857137813,504.9,23.0,1633.0,29.297269497343947,29.297269497343947,22.82,23.0,1633.0,29.297269497343947,504.9,504.0,441.0,577.0,136.0,488.25,525.0,1141.0
510.31529469534814,509.94,22.0,1048.0,19.56773875541065,19.56773875541065,16.130399999999998,22.0,1048.0,19.56773875541065,509.94,503.5,474.0,559.0,85.0,495.25,524.75,806.52
493.3445246478368,493.14,21.0,661.0,14.20423880396271,14.20423880396271,11.5,21.0,661.0,14.20423880396271,493.14,493.5,466.0,522.0,56.0,482.25,501.0,575.0
526.0435533299501,525.94,22.0,482.0,10.437260176885504,10.437260176885504,7.412800000000007,22.0,482.0,10.437260176885504,525.94,523.5,501.0,563.0,62.0,521.0,529.0,370.6400000000003
571.8954449897288,571.64,29.0,1079.0,17.091237521022286,17.091237521022286,14.08,29.0,1079.0,17.091237521022286,571.64,572.5,526.0,606.0,80.0,560.0,584.75,704.0
517.0879422303328,516.66,23.0,1173.0,21.03293607654433,21.03293607654433,18.339199999999995,23.0,1173.0,21.03293607654433,516.66,510.5,479.0,564.0,85.0,501.5,532.0,916.9599999999998
513.709236825658,513.42,21.0,737.0,17.23611325096235,17.23611325096235,13.533599999999996,21.0,737.0,17.23611325096235,513.42,510.5,472.0,552.0,80.0,503.5,524.0,676.6799999999998
569.9243458565356,569.28,11.0,880.0,27.0932020994197,27.0932020994197,22.0288,11.0,880.0,27.0932020994197,569.28,572.0,503.0,620.0,117.0,553.75,590.0,1101.44
519.8763122128186,519.62,24.0,910.0,16.32285514240692,16.32285514240692,13.26,24.0,910.0,16.32285514240692,519.62,519.5,483.0,561.0,78.0,511.0,529.0,663.0
529.0029111451089,528.24,20.0,1226.0,28.40039436345911,28.40039436345911,23.0512,20.0,1226.0,28.40039436345911,528.24,530.5,477.0,597.0,120.0,508.25,546.75,1152.56
551.8019572274096,548.24,3.0,1296.0,62.59634494121842,62.59634494121842,47.51520000000001,3.0,1296.0,62.59634494121842,548.24,532.0,464.0,722.0,258.0,503.5,550.25,2375.76
558.7902384725819,558.734693877551,14.0,273.0,7.878608367233914,7.878608367233914,5.701790920449822,14.0,273.0,7.878608367233913,558.734693877551,560.0,536.0,572.0,36.0,556.0,563.0,279.3877551020413
502.073281503806,501.54,22.0,1193.0,23.13457153266513,23.13457153266513,19.0632,22.0,1193.0,23.13457153266513,501.54,497.5,452.0,552.0,100.0,486.0,516.75,953.16
514.0443827637653,513.7843137254902,21.0,671.0,16.349508268062948,16.349508268062948,12.57285659361784,21.0,671.0,16.349508268062944,513.7843137254902,515.0,472.0,548.0,76.0,505.5,522.5,641.2156862745098
491.98544693923617,491.6,17.0,592.0,19.4710040829948,19.4710040829948,14.488000000000008,17.0,592.0,19.4710040829948,491.6,488.0,456.0,546.0,90.0,479.0,496.75,724.4000000000003
537.959422261568,536.14,15.0,1607.0,44.206791333459165,44.206791333459165,34.4656,15.0,1607.0,44.20679133345916,536.14,532.5,413.0,619.0,206.0,514.75,569.5,1723.2800000000002
564.3328370920907,536.4489795918367,3.0,2122.0,175.19715555706176,175.19715555706176,145.60266555601834,3.0,2122.0,175.19715555706176,536.4489795918367,470.0,341.0,958.0,617.0,413.0,688.0,7134.530612244899
589.5409400542086,589.24,27.0,1124.0,18.834606446644965,18.834606446644965,14.5296,27.0,1124.0,18.83460644664496,589.24,589.0,533.0,636.0,103.0,578.5,604.0,726.48
510.8798880363172,510.66,25.0,847.0,14.987474770620969,14.987474770620969,11.06,25.0,847.0,14.987474770620969,510.66,510.5,477.0,564.0,87.0,502.0,519.5,553.0
504.3322512073198,504.0,20.0,918.0,18.303540855341,18.303540855341,13.92156862745098,20.0,918.0,18.303540855341,504.0,503.0,456.0,559.0,103.0,494.0,515.0,710.0
522.8083970251434,522.26,16.0,701.0,23.939766080728525,23.939766080728525,19.9088,16.0,701.0,23.939766080728525,522.26,525.5,482.0,583.0,101.0,502.75,542.25,995.44
493.94432884688536,493.8,20.0,514.0,11.93984924527944,11.93984924527944,9.368,20.0,514.0,11.939849245279438,493.8,495.0,461.0,519.0,58.0,486.0,500.75,468.4
497.12565815898097,496.92,16.0,629.0,14.29802783603389,14.29802783603389,11.726399999999998,16.0,629.0,14.29802783603389,496.92,498.5,469.0,531.0,62.0,486.0,505.75,586.3199999999999
524.643593308829,524.22,13.0,722.0,21.07822573178302,21.07822573178302,16.646400000000003,13.0,722.0,21.07822573178302,524.22,520.0,485.0,581.0,96.0,509.0,536.75,832.3200000000002
477.9692800306953,477.6938775510204,27.0,920.0,16.223193376519465,16.223193376519465,12.78967097042899,27.0,920.0,16.22319337651947,477.6938775510204,477.0,442.0,516.0,74.0,468.0,487.0,626.6938775510205
526.696437480739,526.6274509803922,21.0,394.0,8.524384364669197,8.524384364669197,7.198769703960015,21.0,394.0,8.524384364669197,526.6274509803922,524.0,511.0,548.0,37.0,520.0,533.5,367.1372549019608
505.61973853875605,505.44,25.0,768.0,13.48059345874654,13.48059345874654,10.337600000000002,25.0,768.0,13.480593458746542,505.44,505.0,485.0,547.0,62.0,495.5,511.75,516.8800000000001
504.11818058863935,503.14,24.0,1608.0,31.389176478525208,31.389176478525208,23.9,24.0,1608.0,31.389176478525208,503.14,503.5,419.0,600.0,181.0,484.0,520.5,1195.0
491.329156472522,490.74,27.0,1251.0,24.053947700949216,24.053947700949216,18.6584,27.0,1251.0,24.053947700949216,490.74,486.5,451.0,586.0,135.0,474.25,505.0,932.92
531.9031291273911,531.3877551020408,18.0,1063.0,23.409239695549672,23.409239695549672,19.466055810079133,18.0,1063.0,23.409239695549672,531.3877551020408,533.0,481.0,584.0,103.0,512.0,550.0,953.8367346938776
525.2792534620486,524.3333333333334,21.0,1537.0,31.509517184536715,31.509517184536715,24.15686274509804,21.0,1537.0,31.509517184536712,524.3333333333334,526.0,456.0,619.0,163.0,507.0,544.0,1232.0
526.4253413353123,526.28,28.0,730.0,12.36938155285057,12.36938155285057,10.582399999999998,28.0,730.0,12.369381552850571,526.28,524.0,504.0,552.0,48.0,515.0,535.0,529.1199999999999
557.0221180527753,556.92,13.0,405.0,10.6655332731186,10.6655332731186,8.766400000000003,13.0,405.0,10.6655332731186,556.92,557.0,534.0,577.0,43.0,549.25,565.25,438.32000000000016
499.5060359995663,498.24,27.0,2050.0,35.541277410920394,35.541277410920394,28.7984,27.0,2050.0,35.541277410920394,498.24,490.5,429.0,592.0,163.0,472.5,516.0,1439.92
521.1327470040624,521.02,28.0,667.0,10.839723243699536,10.839723243699536,8.822399999999998,28.0,667.0,10.839723243699536,521.02,521.0,500.0,547.0,47.0,511.25,528.75,441.1199999999999
534.3493426589014,534.18,19.0,616.0,13.4516764754435,13.4516764754435,10.725600000000004,19.0,616.0,13.451676475443495,534.18,535.0,504.0,568.0,64.0,524.5,544.75,536.2800000000002
512.3203099624296,512.18,21.0,696.0,11.989478720945296,11.989478720945296,9.594399999999997,21.0,696.0,11.989478720945296,512.18,511.0,486.0,536.0,50.0,503.0,518.75,479.7199999999998
498.8061146377418,498.66,26.0,685.0,12.072464537119172,12.072464537119172,9.1,26.0,685.0,12.072464537119172,498.66,498.5,465.0,533.0,68.0,492.25,506.75,455.0
513.8336112011358,512.86,12.0,1310.0,31.61645773960138,31.61645773960138,25.836800000000004,12.0,1310.0,31.61645773960138,512.86,518.0,435.0,575.0,140.0,492.0,534.0,1291.84
524.015438703861,523.9,23.0,574.0,10.998636279102968,10.998636279102968,8.476000000000004,23.0,574.0,10.99863627910297,523.9,525.0,498.0,553.0,55.0,516.5,530.0,423.8000000000002
552.8955416712997,552.8,14.0,398.0,10.278132126023678,10.278132126023678,8.584000000000005,14.0,398.0,10.278132126023678,552.8,555.0,531.0,573.0,42.0,546.5,560.0,429.2000000000003
528.8143719680849,528.72,23.0,499.0,9.990075074792983,9.990075074792983,7.708800000000001,23.0,499.0,9.990075074792983,528.72,527.5,512.0,563.0,51.0,521.0,533.75,385.44000000000005
509.3827048497033,508.42,22.0,1375.0,31.302453577954555,31.302453577954555,24.2136,22.0,1375.0,31.302453577954555,508.42,506.5,438.0,580.0,142.0,492.25,529.75,1210.6799999999998
543.1726244942762,542.42,13.0,1107.0,28.58397453119492,28.58397453119492,23.4496,13.0,1107.0,28.58397453119492,542.42,545.5,482.0,600.0,118.0,521.25,564.0,1172.48
560.4612743089392,560.44,19.0,229.0,4.883277587850193,4.883277587850193,4.182399999999998,19.0,229.0,4.883277587850193,560.44,561.0,550.0,572.0,22.0,556.25,564.5,209.1199999999999
505.9695247739729,505.44,28.0,1289.0,23.14230757724908,23.14230757724908,19.6176,28.0,1289.0,23.14230757724908,505.44,504.0,457.0,564.0,107.0,487.25,524.0,980.88
486.62920175427206,486.06,26.0,1246.0,23.529904377196264,23.529904377196264,18.422400000000003,26.0,1246.0,23.529904377196264,486.06,485.0,441.0,538.0,97.0,471.25,499.0,921.12
487.81264846250144,487.18,20.0,1241.0,24.83601417297067,24.83601417297067,20.0456,20.0,1241.0,24.83601417297067,487.18,490.0,437.0,552.0,115.0,469.5,503.5,1002.28
496.4212727109909,495.36,13.0,1285.0,32.44303315043154,32.44303315043154,27.5312,13.0,1285.0,32.44303315043154,495.36,500.5,420.0,547.0,127.0,470.25,522.0,1376.56
532.7422265974418,532.4,23.0,981.0,19.092406867652908,19.092406867652908,15.047999999999996,23.0,981.0,19.092406867652908,532.4,531.0,490.0,581.0,91.0,520.25,546.5,752.3999999999999
525.3524531207597,525.12,19.0,694.0,15.626439133724611,15.626439133724611,11.9648,19.0,694.0,15.626439133724611,525.12,525.0,493.0,568.0,75.0,514.0,533.0,598.24
512.5924306893343,512.32,22.0,827.0,16.70980550455331,16.70980550455331,12.612800000000002,22.0,827.0,16.70980550455331,512.32,511.5,462.0,564.0,102.0,501.25,521.0,630.6400000000001
494.80751813205103,494.68,26.0,623.0,11.23288030738332,11.23288030738332,8.3856,26.0,623.0,11.23288030738332,494.68,495.0,473.0,530.0,57.0,489.0,500.75,419.28
497.5083918890213,496.76,10.0,898.0,27.278240412460622,27.278240412460622,22.68,10.0,898.0,27.278240412460622,496.76,495.5,455.0,561.0,106.0,470.25,514.5,1134.0
509.268298640314,509.12,19.0,536.0,12.289247332526106,12.289247332526106,10.2944,19.0,536.0,12.289247332526104,509.12,506.5,489.0,536.0,47.0,499.0,518.0,514.72
523.209900517947,522.2,18.0,1077.0,32.49246066397557,32.49246066397557,26.143999999999995,18.0,1077.0,32.49246066397557,522.2,525.0,447.0,581.0,134.0,499.75,542.5,1307.1999999999998
543.7928026784632,542.6530612244898,17.0,1008.0,35.189023694727425,35.189023694727425,25.835901707621822,17.0,1008.0,35.189023694727425,542.6530612244898,542.0,449.0,638.0,189.0,524.0,558.0,1265.9591836734694
505.5166663919202,504.86,22.0,1303.0,25.758113284943832,25.758113284943832,19.7912,22.0,1303.0,25.758113284943832,504.86,505.5,436.0,566.0,130.0,488.5,517.75,989.56
501.40540483724345,500.7,24.0,1499.0,26.58740303226323,26.58740303226323,21.036,24.0,1499.0,26.58740303226323,500.7,496.0,450.0,569.0,119.0,480.0,517.75,1051.8
515.6325435811824,515.24,11.0,794.0,20.11622230937012,20.11622230937012,17.16,11.0,794.0,20.11622230937012,515.24,515.0,479.0,562.0,83.0,500.25,530.75,858.0
508.60912300115103,508.24,18.0,984.0,19.373755443898844,19.373755443898844,15.6496,18.0,984.0,19.37375544389884,508.24,506.0,468.0,558.0,90.0,495.0,518.0,782.48
568.1642896205286,567.78,18.0,923.0,20.8933386513501,20.8933386513501,16.913599999999995,18.0,923.0,20.8933386513501,567.78,564.5,530.0,615.0,85.0,553.25,581.75,845.6799999999998
491.7352336369645,491.22,28.0,1436.0,22.504479554079897,22.504479554079897,18.2688,28.0,1436.0,22.504479554079893,491.22,490.5,416.0,531.0,115.0,474.5,507.75,913.44
523.5878913802343,523.16,16.0,1000.0,21.163515775976357,21.163515775976357,17.5072,16.0,1000.0,21.163515775976357,523.16,526.5,484.0,575.0,91.0,504.5,537.5,875.3600000000001
516.571329804036,516.1020408163265,16.0,1046.0,22.014137292499743,22.014137292499743,17.455226988754685,16.0,1046.0,22.014137292499743,516.1020408163265,516.0,475.0,585.0,110.0,500.0,531.0,855.3061224489795
504.9815046118026,501.88,6.0,1368.0,55.88188973182636,55.88188973182636,45.90879999999999,6.0,1368.0,55.88188973182636,501.88,510.5,371.0,603.0,232.0,458.0,535.0,2295.44
519.5372748898774,519.38,21.0,585.0,12.782628837606136,12.782628837606136,9.62,21.0,585.0,12.782628837606136,519.38,519.5,498.0,559.0,61.0,511.25,524.75,481.0
559.3148666002004,559.08,23.0,874.0,16.20720827286427,16.20720827286427,13.0832,23.0,874.0,16.20720827286427,559.08,557.0,514.0,594.0,80.0,547.5,570.0,654.1600000000001
568.1201809476582,567.9,20.0,867.0,15.815498727514097,15.815498727514097,12.264,20.0,867.0,15.815498727514097,567.9,568.5,531.0,607.0,76.0,558.0,576.0,613.2
520.492497544393,520.32,19.0,621.0,13.399164153035816,13.399164153035816,10.958400000000006,19.0,621.0,13.399164153035816,520.32,518.0,491.0,551.0,60.0,509.5,530.5,547.9200000000003
529.5868956082656,529.36,32.0,988.0,15.5006580505474,15.5006580505474,12.7632,32.0,988.0,15.5006580505474,529.36,527.0,503.0,572.0,69.0,518.25,539.0,638.1600000000001
571.9746319478136,571.6734693877551,27.0,1082.0,18.558663475696868,18.558663475696868,15.612661391087045,27.0,1082.0,18.558663475696868,571.6734693877551,570.0,535.0,616.0,81.0,557.0,586.0,765.0204081632652
502.7644558232172,502.1372549019608,25.0,1449.0,25.10528388086752,25.10528388086752,20.050749711649367,25.0,1449.0,25.10528388086752,502.1372549019608,504.0,438.0,552.0,114.0,486.5,519.5,1022.5882352941176
442.6143016216264,442.34,26.0,888.0,15.580256737294157,15.580256737294157,11.752000000000002,26.0,888.0,15.580256737294157,442.34,446.0,398.0,471.0,73.0,434.5,451.0,587.6000000000001
498.3754608726237,498.26,26.0,628.0,10.727180431035922,10.727180431035922,8.091199999999999,26.0,628.0,10.727180431035922,498.26,497.0,476.0,531.0,55.0,492.0,503.0,404.56
521.8658065058488,521.48,24.0,1034.0,20.063140332460417,20.063140332460417,16.7008,24.0,1034.0,20.06314033246042,521.48,524.0,482.0,558.0,76.0,505.25,535.0,835.04
504.26070910303736,503.6078431372549,28.0,1514.0,25.65157062910768,25.65157062910768,19.01191849288735,28.0,1514.0,25.65157062910768,503.6078431372549,502.0,455.0,603.0,148.0,489.0,518.5,969.6078431372548
518.5130470875348,518.1,23.0,1100.0,20.692269087753523,20.692269087753523,15.868000000000002,23.0,1100.0,20.692269087753523,518.1,515.5,478.0,590.0,112.0,505.25,529.75,793.4000000000001
494.7888236409549,493.74,14.0,832.0,32.19926086108189,32.19926086108189,24.8112,14.0,832.0,32.19926086108189,493.74,498.5,416.0,561.0,145.0,483.0,514.75,1240.56
528.5029233599375,527.7,13.0,1049.0,29.1212980479923,29.1212980479923,22.54,13.0,1049.0,29.12129804799229,527.7,527.5,461.0,615.0,154.0,511.0,545.0,1127.0
531.6072046163407,530.38,13.0,1031.0,36.10090857582396,36.10090857582396,30.444800000000004,13.0,1031.0,36.10090857582396,530.38,531.0,447.0,583.0,136.0,497.5,561.0,1522.2400000000002
454.0376856605628,453.7,17.0,853.0,17.50799817226401,17.50799817226401,13.912000000000004,17.0,853.0,17.50799817226401,453.7,454.5,404.0,493.0,89.0,444.0,467.75,695.6000000000001
501.2339573492602,500.92,21.0,870.0,17.737914195304928,17.737914195304928,14.0768,21.0,870.0,17.737914195304924,500.92,499.5,455.0,544.0,89.0,488.75,512.75,703.8399999999999
525.9109810604832,525.52,19.0,989.0,20.27534463332251,20.27534463332251,16.961599999999997,19.0,989.0,20.275344633322515,525.52,524.5,476.0,570.0,94.0,509.25,540.75,848.0799999999999
523.8240544304929,523.48,17.0,875.0,18.98234969649437,18.98234969649437,15.36,17.0,875.0,18.98234969649437,523.48,523.5,479.0,568.0,89.0,509.75,535.75,768.0
495.21005644069874,493.08,11.0,1433.0,45.8815169757932,45.8815169757932,36.2368,11.0,1433.0,45.8815169757932,493.08,494.5,412.0,650.0,238.0,464.5,523.0,1811.84
488.8114360364332,481.34,19.0,3580.0,85.13767908511484,85.13767908511484,63.38000000000001,19.0,3580.0,85.13767908511484,481.34,479.0,188.0,679.0,491.0,438.25,533.75,3169.0000000000005
510.210309578315,507.6,21.0,2446.0,51.54415582779488,51.54415582779488,39.544,21.0,2446.0,51.54415582779488,507.6,515.0,374.0,627.0,253.0,475.75,536.75,1977.2
512.057001269409,511.8235294117647,21.0,853.0,15.461154209955891,15.461154209955891,12.636678200692042,21.0,853.0,15.461154209955897,511.8235294117647,510.0,474.0,545.0,71.0,501.0,523.0,644.4705882352941
568.0691859272073,567.52,13.0,843.0,24.972977395577004,24.972977395577004,20.2016,13.0,843.0,24.972977395577004,567.52,565.5,503.0,615.0,112.0,551.25,586.75,1010.08
487.2290631725493,487.12,21.0,378.0,10.308520747420554,10.308520747420554,8.235199999999999,21.0,378.0,10.308520747420554,487.12,489.0,463.0,509.0,46.0,482.0,494.75,411.76
492.9387994467467,487.06,8.0,1350.0,75.90267715963647,75.90267715963647,58.2672,8.0,1350.0,75.90267715963647,487.06,471.5,383.0,728.0,345.0,424.25,521.5,2913.36
494.90104061317146,493.84,15.0,1124.0,32.389726766368376,32.389726766368376,26.1008,15.0,1124.0,32.389726766368376,493.84,487.5,432.0,581.0,149.0,468.25,516.0,1305.04
517.3697323964749,516.6,29.0,1729.0,28.211345235560817,28.211345235560817,23.335999999999995,29.0,1729.0,28.211345235560813,516.6,518.0,438.0,562.0,124.0,499.5,542.25,1166.7999999999995
514.5959580097768,514.08,9.0,839.0,23.038090198625405,23.038090198625405,19.68,9.0,839.0,23.038090198625405,514.08,515.0,468.0,562.0,94.0,495.25,531.75,984.0
518.1857196025379,517.88,24.0,863.0,17.79734811706508,17.79734811706508,13.92,24.0,863.0,17.79734811706508,517.88,517.0,485.0,574.0,89.0,506.25,528.75,696.0
560.5402750918082,560.04,20.0,1118.0,23.676959264229858,23.676959264229858,18.955200000000005,20.0,1118.0,23.67695926422985,560.04,566.5,505.0,608.0,103.0,543.75,575.5,947.7600000000002
499.0866555979216,498.1428571428572,25.0,1932.0,30.678716946270548,30.678716946270548,24.39067055393586,25.0,1932.0,30.678716946270548,498.1428571428572,497.0,434.0,567.0,133.0,476.0,519.0,1195.142857142857
500.2940335442749,500.16,23.0,618.0,11.579913643892167,11.579913643892167,9.12,23.0,618.0,11.57991364389217,500.16,500.5,479.0,538.0,59.0,491.5,508.0,456.0
494.42908490500434,494.24,14.0,640.0,13.67268810439264,13.67268810439264,10.8592,14.0,640.0,13.67268810439264,494.24,494.0,464.0,530.0,66.0,487.0,501.0,542.96
502.0893147638177,501.72,15.0,798.0,19.254132024061743,19.254132024061743,15.273599999999997,15.0,798.0,19.254132024061747,501.72,504.0,450.0,559.0,109.0,487.75,514.0,763.6799999999998
513.0876533303058,512.58,29.0,1453.0,22.818492500601348,22.818492500601348,18.4432,29.0,1453.0,22.818492500601348,512.58,512.0,469.0,565.0,96.0,497.75,527.0,922.16
532.8844715320573,531.98,16.0,1193.0,31.03449049042049,31.03449049042049,25.8624,16.0,1193.0,31.034490490420488,531.98,537.0,477.0,600.0,123.0,509.25,552.5,1293.12
494.903020803066,493.08,9.0,1354.0,42.43952874384917,42.43952874384917,34.8704,9.0,1354.0,42.43952874384917,493.08,502.0,387.0,593.0,206.0,464.5,524.0,1743.52
523.3521567740024,523.2,21.0,557.0,12.619033243477883,12.619033243477883,9.872000000000009,21.0,557.0,12.619033243477883,523.2,522.0,495.0,553.0,58.0,514.5,531.0,493.6000000000004
510.2926611269263,509.6,13.0,1146.0,26.57893903074387,26.57893903074387,19.96,13.0,1146.0,26.578939030743868,509.6,509.5,435.0,589.0,154.0,495.25,523.75,998.0
526.0422986794883,525.38,23.0,1474.0,26.388550547538603,26.388550547538603,22.46,23.0,1474.0,26.388550547538603,525.38,526.5,475.0,571.0,96.0,504.25,547.5,1123.0
484.6811941885098,484.14,13.0,952.0,22.89804358455106,22.89804358455106,18.82,13.0,952.0,22.89804358455106,484.14,483.0,424.0,537.0,113.0,468.25,498.0,941.0
509.82395000627423,508.98,17.0,1322.0,29.322680641442044,29.322680641442044,24.3384,17.0,1322.0,29.322680641442044,508.98,505.5,449.0,566.0,117.0,486.0,529.0,1216.92
521.7255025394101,521.58,20.0,543.0,12.320860359569052,12.320860359569052,9.003200000000001,20.0,543.0,12.320860359569052,521.58,521.0,495.0,553.0,58.0,514.5,527.0,450.1600000000001
519.1764632569547,519.04,28.0,653.0,11.902873602622185,11.902873602622185,10.04,28.0,653.0,11.902873602622185,519.04,519.0,494.0,543.0,49.0,509.0,526.75,502.0
489.9135842166453,488.64,6.0,976.0,35.30255514831752,35.30255514831752,31.16,6.0,976.0,35.30255514831752,488.64,489.0,422.0,556.0,134.0,457.75,517.75,1558.0
482.67730421058747,482.58,19.0,461.0,9.691418884766048,9.691418884766048,7.676800000000001,19.0,461.0,9.691418884766048,482.58,483.0,463.0,509.0,46.0,476.25,489.75,383.84
532.0256196838645,531.86,21.0,643.0,13.274049871836402,13.274049871836402,10.5344,21.0,643.0,13.2740498718364,531.86,531.0,499.0,559.0,60.0,525.25,542.0,526.72
532.7725968928958,532.24,13.0,1002.0,23.81643130277918,23.81643130277918,17.248,13.0,1002.0,23.816431302779183,532.24,529.5,463.0,602.0,139.0,517.0,543.75,862.4000000000001
518.2816029920414,517.46,23.0,1603.0,29.171362669577164,29.171362669577164,20.718400000000003,23.0,1603.0,29.171362669577164,517.46,517.0,421.0,580.0,159.0,506.0,530.75,1035.92
522.6285679141545,522.22,25.0,899.0,20.661355231445977,20.661355231445977,15.597600000000002,25.0,899.0,20.66135523144597,522.22,521.5,478.0,579.0,101.0,509.25,533.25,779.8800000000001
528.2290980247112,527.58,14.0,960.0,26.17868598688636,26.17868598688636,21.836799999999997,14.0,960.0,26.17868598688636,527.58,531.0,459.0,572.0,113.0,511.25,548.75,1091.8399999999997
526.6971235919178,526.54,26.0,728.0,12.864229475565184,12.864229475565184,10.863199999999996,26.0,728.0,12.864229475565182,526.54,525.0,503.0,552.0,49.0,515.5,536.5,543.1599999999999
528.5604411985445,528.02,14.0,902.0,23.89601640441352,23.89601640441352,19.6208,14.0,902.0,23.89601640441352,528.02,525.5,473.0,579.0,106.0,513.0,543.75,981.04
504.341828525059,503.88,9.0,864.0,21.57835952986232,21.57835952986232,18.36,9.0,864.0,21.57835952986232,503.88,505.0,459.0,548.0,89.0,488.5,519.75,918.0
483.66846082828266,483.34,28.0,1104.0,17.822020087520944,17.822020087520944,14.834399999999995,28.0,1104.0,17.822020087520944,483.34,480.5,448.0,516.0,68.0,469.25,496.0,741.7199999999998
517.8048860333398,517.22,23.0,1251.0,24.604300437118717,24.604300437118717,18.926400000000005,23.0,1251.0,24.60430043711871,517.22,515.5,462.0,595.0,133.0,499.5,531.25,946.3200000000002
523.2757017099112,523.1,11.0,526.0,13.55912976558599,13.55912976558599,10.967999999999996,11.0,526.0,13.559129765585991,523.1,525.0,485.0,550.0,65.0,510.25,531.5,548.3999999999999
493.2357854008568,492.5,12.0,1116.0,26.93120866207085,26.93120866207085,21.86,12.0,1116.0,26.93120866207085,492.5,494.0,443.0,552.0,109.0,475.25,510.75,1093.0
518.5137028083251,517.58,27.0,1725.0,31.10311238445439,31.10311238445439,24.306400000000004,27.0,1725.0,31.103112384454388,517.58,512.0,467.0,621.0,154.0,493.25,536.25,1215.3200000000002
515.6095809815795,515.28,18.0,641.0,18.43262325335165,18.43262325335165,14.6512,18.0,641.0,18.43262325335165,515.28,515.0,476.0,558.0,82.0,501.0,526.75,732.56
512.9976218268463,512.16,9.0,942.0,29.303487847012335,29.303487847012335,24.259199999999996,9.0,942.0,29.30348784701234,512.16,504.0,457.0,594.0,137.0,493.5,535.25,1212.9599999999996
505.7643324711619,505.56,18.0,688.0,14.375200868161809,14.375200868161809,12.12,18.0,688.0,14.375200868161809,505.56,505.5,474.0,536.0,62.0,494.0,518.0,606.0
513.0095320751848,512.78,26.0,905.0,15.34443221497622,15.34443221497622,12.077600000000002,26.0,905.0,15.34443221497622,512.78,513.5,487.0,564.0,77.0,501.0,522.0,603.8800000000001
505.21140129652656,505.04,24.0,757.0,13.158966524769337,13.158966524769337,11.281600000000005,24.0,757.0,13.15896652476934,505.04,504.5,479.0,534.0,55.0,494.25,516.75,564.0800000000002
469.15193700974953,468.62,23.0,1176.0,22.33462782318076,22.33462782318076,18.7344,23.0,1176.0,22.33462782318076,468.62,462.0,430.0,519.0,89.0,448.0,486.5,936.72
486.4227585136205,486.1,31.0,1209.0,17.71694104522561,17.71694104522561,15.024,31.0,1209.0,17.71694104522561,486.1,483.0,448.0,516.0,68.0,472.25,501.75,751.2
517.4172590859334,517.18,21.0,819.0,15.667405656329958,15.667405656329958,12.372800000000002,21.0,819.0,15.66740565632996,517.18,518.0,483.0,559.0,76.0,509.0,526.75,618.6400000000001
520.3605672992526,520.08,25.0,974.0,17.085479214818648,17.085479214818648,14.043200000000002,25.0,974.0,17.085479214818648,520.08,518.5,479.0,566.0,87.0,508.0,531.75,702.1600000000001
490.96289065468073,490.44,26.0,1328.0,22.65317637771798,22.65317637771798,18.1824,26.0,1328.0,22.65317637771798,490.44,492.5,416.0,534.0,118.0,471.75,506.25,909.12
511.3930191154353,510.82,12.0,696.0,24.202223038390507,24.202223038390507,17.881600000000002,12.0,696.0,24.202223038390503,510.82,515.5,448.0,556.0,108.0,503.5,523.25,894.0800000000002
525.5330627087129,525.1224489795918,15.0,873.0,20.77049777150197,20.77049777150197,15.665972511453562,15.0,873.0,20.77049777150197,525.1224489795918,526.0,484.0,589.0,105.0,512.0,533.0,767.6326530612246
448.6210873331747,448.32,26.0,932.0,16.433429343870984,16.433429343870984,12.2256,26.0,932.0,16.433429343870987,448.32,448.0,398.0,481.0,83.0,441.25,461.5,611.28
504.87291470230406,504.22,22.0,1267.0,25.66810472161901,25.66810472161901,20.4112,22.0,1267.0,25.66810472161901,504.22,505.0,438.0,573.0,135.0,488.0,524.0,1020.56
526.3576920688059,526.26,18.0,442.0,10.140631144065935,10.140631144065935,8.591999999999999,18.0,442.0,10.140631144065935,526.26,523.0,505.0,551.0,46.0,520.0,534.0,429.5999999999999
509.2842716869971,508.9591836734694,25.0,963.0,18.19392047335466,18.19392047335466,15.177842565597668,25.0,963.0,18.19392047335466,508.9591836734694,505.0,476.0,547.0,71.0,496.0,523.0,743.7142857142858
513.9621775967566,513.6,17.0,789.0,19.291448882859992,19.291448882859992,16.264,17.0,789.0,19.291448882859992,513.6,512.0,465.0,547.0,82.0,499.75,528.75,813.2
504.54991824397314,504.46,27.0,593.0,9.525145668177467,9.525145668177467,7.838399999999999,27.0,593.0,9.525145668177467,504.46,504.0,483.0,523.0,40.0,498.0,512.0,391.92
509.774675714673,509.66,19.0,521.0,10.812233811752314,10.812233811752314,8.166400000000001,19.0,521.0,10.812233811752314,509.66,509.0,487.0,547.0,60.0,502.0,516.0,408.3200000000001
520.6828209188392,520.56,22.0,582.0,11.30868692642961,11.30868692642961,9.097600000000002,22.0,582.0,11.308686926429612,520.56,522.0,487.0,543.0,56.0,514.0,528.75,454.8800000000001
528.009337038655,527.46,18.0,1044.0,24.07921095052743,24.07921095052743,19.6816,18.0,1044.0,24.07921095052743,527.46,529.0,481.0,591.0,110.0,508.0,544.75,984.08
605.5534658475666,605.16,28.0,1308.0,21.826002840648584,21.826002840648584,17.812799999999996,28.0,1308.0,21.82600284064858,605.16,600.5,559.0,661.0,102.0,588.75,619.75,890.6399999999999
510.7523078753536,510.6,17.0,542.0,12.472369462135092,12.472369462135092,9.824000000000002,17.0,542.0,12.472369462135092,510.6,509.5,491.0,547.0,56.0,501.0,517.0,491.2000000000001
534.5228713535091,532.22,9.0,1272.0,49.56381341260981,49.56381341260981,39.8288,9.0,1272.0,49.56381341260981,532.22,529.5,429.0,648.0,219.0,496.5,558.0,1991.44
500.66993119219774,500.42,28.0,945.0,15.817825387833816,15.817825387833816,12.483199999999997,28.0,945.0,15.817825387833816,500.42,501.5,455.0,532.0,77.0,491.0,509.75,624.1599999999999
518.3951002854868,517.52,30.0,2029.0,30.108629992080346,30.108629992080346,24.9184,30.0,2029.0,30.108629992080346,517.52,521.5,461.0,591.0,130.0,494.0,536.0,1245.92
497.8822953269176,497.3,19.0,1031.0,24.072598530279198,24.072598530279198,19.312,19.0,1031.0,24.0725985302792,497.3,493.5,437.0,550.0,113.0,482.0,512.75,965.6
502.1897051911757,500.86,20.0,1833.0,36.52068454999167,36.52068454999167,26.95200000000001,20.0,1833.0,36.52068454999167,500.86,495.0,431.0,619.0,188.0,481.25,513.0,1347.6000000000004
512.1861507901443,512.0408163265306,23.0,615.0,12.2006342820622,12.2006342820622,9.111203665139524,23.0,615.0,12.2006342820622,512.0408163265306,511.0,493.0,548.0,55.0,505.0,517.0,446.44897959183663
495.3172316808693,494.56,21.0,1351.0,27.378210314043542,27.378210314043542,20.8624,21.0,1351.0,27.37821031404354,494.56,493.0,422.0,576.0,154.0,477.5,508.75,1043.12
514.770647958875,514.5,17.0,808.0,16.690416411821484,16.690416411821484,13.18,17.0,808.0,16.690416411821484,514.5,514.0,474.0,564.0,90.0,504.25,524.0,659.0
494.2463555758403,493.74,25.0,1283.0,22.36676999479361,22.36676999479361,18.4304,25.0,1283.0,22.36676999479361,493.74,496.5,446.0,554.0,108.0,476.0,504.75,921.52
513.5847155046575,511.5,14.0,1408.0,46.227805485443504,46.227805485443504,32.7,14.0,1408.0,46.227805485443504,511.5,518.5,317.0,577.0,260.0,492.75,543.75,1635.0
503.3019947895932,502.9387755102041,21.0,915.0,19.1176893865398,19.1176893865398,15.661807580174925,21.0,915.0,19.1176893865398,502.9387755102041,505.0,468.0,559.0,91.0,488.0,515.0,767.4285714285713
557.2359105441788,556.9,19.0,765.0,19.345542122153105,19.345542122153105,15.651999999999996,19.0,765.0,19.345542122153105,556.9,553.5,524.0,600.0,76.0,546.0,568.75,782.5999999999999
491.50618157924754,491.1428571428572,27.0,1120.0,18.894983677242628,18.894983677242628,15.481049562682212,27.0,1120.0,18.894983677242628,491.1428571428572,493.0,457.0,537.0,80.0,477.0,506.0,758.5714285714284
515.1406798147473,514.8,17.0,665.0,18.73179115834895,18.73179115834895,15.048000000000002,17.0,665.0,18.73179115834895,514.8,515.0,476.0,558.0,82.0,500.0,525.75,752.4000000000001
510.2001372010792,509.46,22.0,1484.0,27.47159260035719,27.47159260035719,22.5432,22.0,1484.0,27.47159260035719,509.46,511.0,452.0,561.0,109.0,493.0,527.5,1127.16
516.1871525625064,515.843137254902,24.0,1066.0,18.842351700586956,18.842351700586956,15.068050749711649,24.0,1066.0,18.842351700586956,515.843137254902,518.0,459.0,551.0,92.0,506.5,529.5,768.470588235294
448.7434679190328,448.38,15.0,838.0,18.05756351227928,18.05756351227928,13.400799999999998,15.0,838.0,18.05756351227928,448.38,448.0,404.0,493.0,89.0,440.0,457.75,670.04
496.9073756747831,496.74,23.0,718.0,12.896216499423383,12.896216499423383,9.8408,23.0,718.0,12.896216499423383,496.74,497.0,465.0,533.0,68.0,491.0,505.75,492.04
545.9916666030718,535.66,10.0,2611.0,105.71312312102032,105.71312312102032,87.3936,10.0,2611.0,105.71312312102032,535.66,539.0,317.0,736.0,419.0,460.75,606.75,4369.68
534.3473027909844,533.88,18.0,954.0,22.342461816013028,22.342461816013028,19.2048,18.0,954.0,22.342461816013024,533.88,536.5,489.0,579.0,90.0,515.5,551.5,960.24
508.035392467887,507.52,19.0,747.0,22.87814677809372,22.87814677809372,17.235200000000006,19.0,747.0,22.87814677809372,507.52,510.5,448.0,556.0,108.0,497.25,520.75,861.7600000000002
511.44464021045326,510.86,14.0,730.0,24.44750293997324,24.44750293997324,18.4368,14.0,730.0,24.44750293997324,510.86,517.0,448.0,556.0,108.0,501.5,524.0,921.84
512.8814287922696,511.76,11.0,1157.0,33.897822938944024,33.897822938944024,28.2496,11.0,1157.0,33.897822938944024,511.76,512.0,449.0,577.0,128.0,485.5,537.5,1412.48
497.4626619154447,495.3,18.0,1728.0,46.335839260770925,46.335839260770925,30.604,18.0,1728.0,46.335839260770925,495.3,494.5,379.0,656.0,277.0,474.75,514.5,1530.2
504.42436499439634,504.34,28.0,535.0,9.225204604777064,9.225204604777064,7.512800000000002,28.0,535.0,9.225204604777067,504.34,505.5,486.0,524.0,38.0,498.0,510.75,375.6400000000001
489.6600445040145,488.9591836734694,13.0,1033.0,26.189232234792545,26.189232234792545,21.8817159516868,13.0,1033.0,26.18923223479254,488.9591836734694,493.0,438.0,546.0,108.0,467.0,503.0,1072.204081632653
518.5867333436134,518.4,29.0,745.0,13.915459029439164,13.915459029439164,10.983999999999996,29.0,745.0,13.915459029439164,518.4,517.0,494.0,555.0,61.0,508.0,525.75,549.1999999999998
522.3736785099342,522.26,21.0,571.0,10.897357477847551,10.897357477847551,8.0808,21.0,571.0,10.897357477847551,522.26,522.0,497.0,549.0,52.0,516.25,527.0,404.04
508.85815312324513,508.7,25.0,718.0,12.685818854137876,12.685818854137876,10.248,25.0,718.0,12.685818854137876,508.7,507.0,479.0,540.0,61.0,501.0,516.75,512.4
496.8537410546488,496.32,25.0,1306.0,23.023848505408477,23.023848505408477,19.7616,25.0,1306.0,23.023848505408477,496.32,500.0,448.0,535.0,87.0,476.0,517.75,988.0800000000002
524.7034400497104,519.1,11.0,1827.0,76.47803606265005,76.47803606265005,58.344,11.0,1827.0,76.47803606265005,519.1,516.5,309.0,680.0,371.0,484.25,570.0,2917.2
532.7701380520497,532.18,18.0,1063.0,25.069256071930017,25.069256071930017,19.441599999999998,18.0,1063.0,25.069256071930017,532.18,529.5,483.0,615.0,132.0,516.25,545.75,972.0799999999996
512.135880406753,511.6,17.0,906.0,23.4222116803687,23.4222116803687,18.824000000000005,17.0,906.0,23.422211680368697,511.6,505.5,476.0,569.0,93.0,496.0,529.75,941.2000000000004
510.382069770145,510.2244897959184,23.0,670.0,12.68176467814857,12.68176467814857,10.25655976676385,23.0,670.0,12.68176467814857,510.2244897959184,508.0,487.0,551.0,64.0,500.0,518.0,502.5714285714286
529.0133835736106,528.72,16.0,694.0,17.615947320538854,17.615947320538854,14.702399999999995,16.0,694.0,17.615947320538854,528.72,531.0,483.0,565.0,82.0,517.0,541.0,735.1199999999999
503.11728254950657,501.84,8.0,846.0,35.827564807003,35.827564807003,31.567999999999994,8.0,846.0,35.827564807003,501.84,490.0,450.0,572.0,122.0,469.25,537.5,1578.3999999999996
498.2643475104354,494.48,9.0,1324.0,61.29347110418858,61.29347110418858,50.0576,9.0,1324.0,61.29347110418857,494.48,490.5,353.0,601.0,248.0,450.25,538.25,2502.88
504.0925510260988,503.94,27.0,731.0,12.40066127269026,12.40066127269026,10.0928,27.0,731.0,12.40066127269026,503.94,502.0,479.0,534.0,55.0,495.0,514.25,504.64
512.5287894352863,512.0,24.0,1375.0,23.27573844156185,23.27573844156185,18.44,24.0,1375.0,23.27573844156185,512.0,511.0,463.0,564.0,101.0,499.0,526.75,922.0
536.5115842178992,534.8,10.0,1402.0,42.821022874284544,42.821022874284544,31.488000000000003,10.0,1402.0,42.82102287428454,534.8,537.5,413.0,619.0,206.0,522.0,560.5,1574.4
509.8934398479745,508.8,24.0,1241.0,33.37484082359045,33.37484082359045,24.072,24.0,1241.0,33.37484082359045,508.8,511.5,400.0,565.0,165.0,499.25,528.75,1203.6
517.4279080219775,514.52,15.0,1919.0,54.779645855007125,54.779645855007125,42.6176,15.0,1919.0,54.779645855007125,514.52,527.0,317.0,596.0,279.0,483.25,552.75,2130.88
498.18341430211655,498.0612244897959,21.0,588.0,11.033174767010635,11.033174767010635,9.281965847563516,21.0,588.0,11.033174767010635,498.0612244897959,499.0,477.0,517.0,40.0,490.0,506.0,454.8163265306123
513.5625765181883,513.2,15.0,846.0,19.294558818485587,19.294558818485587,16.04,15.0,846.0,19.294558818485587,513.2,513.5,465.0,548.0,83.0,498.25,529.5,802.0
468.147199073112,467.88,27.0,960.0,15.814727313488524,15.814727313488524,12.4448,27.0,960.0,15.814727313488524,467.88,468.5,430.0,499.0,69.0,458.25,478.0,622.24
535.4329089624582,535.0,19.0,959.0,21.526727572949863,21.526727572949863,16.48,19.0,959.0,21.526727572949863,535.0,536.5,484.0,587.0,103.0,522.5,546.75,824.0
564.2784419061213,564.24,17.0,280.0,6.586531712517598,6.586531712517598,5.5696,17.0,280.0,6.586531712517598,564.24,563.5,551.0,577.0,26.0,560.0,568.75,278.48
515.9916547339715,514.8571428571429,10.0,1122.0,34.19810234620677,34.19810234620677,27.749271137026245,10.0,1122.0,34.19810234620677,514.8571428571429,511.0,447.0,583.0,136.0,491.0,532.0,1359.714285714286
511.36642439644,511.1,11.0,622.0,16.504847772699996,16.504847772699996,13.304,11.0,622.0,16.504847772699996,511.1,509.0,474.0,549.0,75.0,499.25,521.0,665.2
573.8974344829592,573.6530612244898,29.0,1102.0,16.74606383285967,16.74606383285967,13.305289462723865,29.0,1102.0,16.746063832859672,573.6530612244898,572.0,544.0,614.0,70.0,563.0,585.0,651.9591836734693
537.8523217389695,537.04,11.0,967.0,29.549253797684973,29.549253797684973,23.435200000000005,11.0,967.0,29.549253797684976,537.04,542.0,454.0,601.0,147.0,520.5,554.0,1171.7600000000002
522.4885963667851,522.0588235294117,18.0,943.0,21.18768766099403,21.18768766099403,15.90542099192618,18.0,943.0,21.187687660994023,522.0588235294117,521.0,485.0,585.0,100.0,510.5,530.0,811.1764705882351
520.2896693189285,519.94,27.0,995.0,19.07187458012453,19.07187458012453,14.375200000000005,27.0,995.0,19.07187458012453,519.94,518.0,478.0,579.0,101.0,508.25,528.75,718.7600000000002
518.7192496910058,512.18,9.0,1773.0,82.10546632228575,82.10546632228575,64.87759999999999,9.0,1773.0,82.10546632228575,512.18,499.0,367.0,689.0,322.0,454.5,559.75,3243.879999999999
554.4074424508549,554.2244897959183,27.0,820.0,14.241739899041011,14.241739899041011,11.35360266555602,27.0,820.0,14.241739899041011,554.2244897959183,558.0,517.0,577.0,60.0,546.0,564.0,556.326530612245
523.5363597688321,523.0,13.0,949.0,23.692192806914264,23.692192806914264,17.44,13.0,949.0,23.692192806914264,523.0,525.5,444.0,589.0,145.0,511.25,533.0,872.0
557.8344378039061,557.74,18.0,380.0,10.264131721680116,10.264131721680116,8.1904,18.0,380.0,10.264131721680116,557.74,558.0,535.0,583.0,48.0,552.25,565.0,409.52
519.5669350526456,519.32,18.0,736.0,16.016791189248863,16.016791189248863,12.758400000000004,18.0,736.0,16.016791189248863,519.32,516.5,491.0,559.0,68.0,510.0,527.5,637.9200000000003
502.3975119365143,501.98,20.0,1044.0,20.477783083136707,20.477783083136707,15.8584,20.0,1044.0,20.47778308313671,501.98,499.0,458.0,552.0,94.0,490.5,512.0,792.9200000000001
496.6973122536501,496.46,25.0,870.0,15.352146429734182,15.352146429734182,11.715199999999996,25.0,870.0,15.352146429734184,496.46,494.5,469.0,537.0,68.0,486.25,503.0,585.7599999999998
524.8219317063646,524.34,29.0,1311.0,22.486093480193485,22.486093480193485,17.820800000000006,29.0,1311.0,22.486093480193485,524.34,523.0,474.0,579.0,105.0,507.25,540.5,891.0400000000002
505.6339585114908,504.62,23.0,1552.0,32.00555576771008,32.00555576771008,24.404799999999994,23.0,1552.0,32.005555767710085,504.62,503.5,419.0,600.0,181.0,485.5,524.25,1220.2399999999998
529.5460131093425,529.06,20.0,1063.0,22.682513088280142,22.682513088280142,19.137600000000003,20.0,1063.0,22.682513088280142,529.06,531.0,480.0,565.0,85.0,511.75,545.5,956.88
521.634335526334,521.14,18.0,1048.0,22.70419344526469,22.70419344526469,18.8312,18.0,1048.0,22.70419344526469,521.14,515.0,473.0,570.0,97.0,509.0,538.75,941.56
503.7423349292771,501.54,9.0,1504.0,47.052825632473976,47.052825632473976,39.47839999999999,9.0,1504.0,47.052825632473976,501.54,507.5,396.0,591.0,195.0,469.5,538.0,1973.92
533.5945491261533,533.1020408163265,15.0,915.0,22.92066610311705,22.92066610311705,20.140774677217827,15.0,915.0,22.92066610311705,533.1020408163265,534.0,489.0,579.0,90.0,513.0,552.0,986.8979591836736
503.2937909412354,502.2,10.0,965.0,33.16323265304515,33.16323265304515,28.544,10.0,965.0,33.16323265304515,502.2,495.5,455.0,572.0,117.0,470.25,535.0,1427.1999999999998
517.2655604232704,516.9,26.0,1118.0,19.44350791395421,19.44350791395421,15.472000000000005,26.0,1118.0,19.44350791395421,516.9,522.0,446.0,548.0,102.0,504.5,532.0,773.6000000000001
517.0046381981184,515.1428571428571,13.0,1240.0,43.83643066059581,43.83643066059581,31.358600583090382,13.0,1240.0,43.83643066059581,515.1428571428571,519.0,317.0,577.0,260.0,495.0,547.0,1536.571428571429
519.8275098530281,519.52,13.0,721.0,17.87762847807281,17.87762847807281,15.097600000000002,13.0,721.0,17.87762847807281,519.52,522.5,475.0,549.0,74.0,506.0,533.5,754.8800000000001
513.8548238559214,513.06,21.0,1447.0,28.56950122070737,28.56950122070737,21.3448,21.0,1447.0,28.569501220707373,513.06,511.5,444.0,612.0,168.0,495.5,529.25,1067.2399999999998
502.22538764980806,502.06,26.0,777.0,12.88783922928898,12.88783922928898,9.9496,26.0,777.0,12.88783922928898,502.06,501.5,479.0,544.0,65.0,491.75,509.0,497.48
524.4233595102338,523.9,17.0,1044.0,23.42327901895889,23.42327901895889,19.34,17.0,1044.0,23.42327901895889,523.9,523.5,482.0,570.0,88.0,508.5,541.75,967.0
522.8823768305832,522.58,31.0,1076.0,17.7798650163605,17.7798650163605,14.34,31.0,1076.0,17.7798650163605,522.58,522.0,484.0,566.0,82.0,510.25,535.25,717.0
492.7678966815919,492.64,30.0,728.0,11.226326202280069,11.226326202280069,9.276799999999998,30.0,728.0,11.226326202280069,492.64,491.5,473.0,521.0,48.0,484.0,501.0,463.8399999999999
481.6613333038059,481.56,16.0,456.0,9.879595133405012,9.879595133405012,7.9952,16.0,456.0,9.879595133405012,481.56,482.0,463.0,509.0,46.0,474.0,488.5,399.76
520.5663262255829,518.86,9.0,1067.0,42.11413539418802,42.11413539418802,29.704799999999995,9.0,1067.0,42.11413539418802,518.86,522.5,369.0,601.0,232.0,505.75,546.75,1485.2399999999998
504.3647886203001,503.68,15.0,703.0,26.273515181642523,26.273515181642523,20.16,15.0,703.0,26.273515181642523,503.68,504.0,454.0,578.0,124.0,487.25,516.5,1008.0
479.262081597473,479.0,22.0,788.0,15.84748740787817,15.84748740787817,11.877551020408164,22.0,788.0,15.84748740787817,479.0,480.0,434.0,523.0,89.0,470.0,486.0,582.0
525.3183225435793,525.26,20.0,360.0,7.8276688739368625,7.8276688739368625,6.4304,20.0,360.0,7.827668873936863,525.26,524.5,509.0,544.0,35.0,520.0,531.5,321.52
521.4985714266147,521.32,10.0,620.0,13.646156968172392,13.646156968172392,11.091200000000008,10.0,620.0,13.646156968172397,521.32,519.5,492.0,552.0,60.0,511.25,530.5,554.5600000000004
522.7048568235604,522.2857142857143,23.0,1235.0,20.928449536456352,20.928449536456352,15.994169096209912,23.0,1235.0,20.928449536456352,522.2857142857143,524.0,469.0,567.0,98.0,511.0,532.0,783.7142857142857
532.6244080024873,532.28,22.0,1019.0,19.15102086051812,19.15102086051812,15.004799999999996,22.0,1019.0,19.15102086051812,532.28,530.5,490.0,581.0,91.0,520.25,546.5,750.2399999999998
479.9313700936833,479.48,19.0,975.0,20.80984382449806,20.80984382449806,16.222399999999997,19.0,975.0,20.809843824498056,479.48,481.0,420.0,530.0,110.0,468.0,494.75,811.1199999999999
514.9158960451697,514.7,23.0,789.0,14.9093930124603,14.9093930124603,11.408,23.0,789.0,14.909393012460296,514.7,514.0,477.0,564.0,87.0,506.0,524.0,570.4000000000001
564.3535948321761,563.94,22.0,1041.0,21.602231366226963,21.602231366226963,16.987199999999994,22.0,1041.0,21.602231366226963,563.94,568.0,505.0,608.0,103.0,553.0,578.75,849.3599999999997
513.6745273030385,507.24,17.0,3314.0,81.04999938309685,81.04999938309685,58.49119999999999,17.0,3314.0,81.04999938309685,507.24,518.5,188.0,679.0,491.0,481.0,554.0,2924.5599999999995
502.1098883710616,499.18,9.0,1233.0,54.16334184667708,54.16334184667708,41.0496,9.0,1233.0,54.16334184667708,499.18,516.5,325.0,563.0,238.0,484.75,532.5,2052.48
513.742620384955,513.64,23.0,524.0,10.267930658121918,10.267930658121918,8.9056,23.0,524.0,10.267930658121918,513.64,513.0,495.0,534.0,39.0,506.0,522.0,445.28
502.7218117408474,502.58,24.0,662.0,11.94,11.94,9.2368,24.0,662.0,11.94,502.58,503.0,479.0,544.0,65.0,496.0,509.0,461.84
495.0427456291022,494.56,22.0,1158.0,21.85695312709436,21.85695312709436,17.4848,22.0,1158.0,21.85695312709436,494.56,492.5,440.0,535.0,95.0,481.25,511.5,874.24
525.3530051308359,525.26,17.0,433.0,9.88495827001814,9.88495827001814,8.172799999999997,17.0,433.0,9.884958270018137,525.26,522.0,505.0,551.0,46.0,518.25,533.75,408.6399999999999
514.4977550971432,513.82,10.0,891.0,26.39976515047056,26.39976515047056,20.9216,10.0,891.0,26.399765150470564,513.82,516.5,458.0,565.0,107.0,499.0,535.0,1046.08
525.8105172017767,525.74,20.0,400.0,8.611178781096116,8.611178781096116,6.7608,20.0,400.0,8.611178781096116,525.74,526.0,509.0,552.0,43.0,520.0,531.5,338.04
321.6682141586265,307.76,3.0,1339.0,93.56400162455644,93.56400162455644,76.7584,3.0,1339.0,93.56400162455644,307.76,320.5,97.0,450.0,353.0,255.25,383.5,3837.92
503.4753817218872,502.66,22.0,1611.0,28.64235325527566,28.64235325527566,23.1136,22.0,1611.0,28.64235325527566,502.66,504.0,436.0,566.0,130.0,480.5,517.75,1155.6799999999998
573.5424482982929,573.3,29.0,1079.0,16.67483133347981,16.67483133347981,13.631999999999998,29.0,1079.0,16.67483133347981,573.3,572.0,536.0,614.0,78.0,562.25,585.75,681.5999999999999
492.5412876094754,492.0,19.0,988.0,23.085060103885368,23.085060103885368,18.16,19.0,988.0,23.085060103885368,492.0,489.5,437.0,540.0,103.0,479.5,507.25,908.0
502.6224626894425,502.5,24.0,608.0,11.09459327780879,11.09459327780879,8.72,24.0,608.0,11.09459327780879,502.5,502.0,479.0,538.0,59.0,495.25,509.0,436.0
522.4872630026497,522.34,18.0,518.0,12.404208963089909,12.404208963089909,9.274400000000004,18.0,518.0,12.404208963089909,522.34,522.0,495.0,553.0,58.0,514.5,528.75,463.72000000000025
514.0461846954998,513.68,22.0,983.0,19.399422671821966,19.399422671821966,15.225600000000004,22.0,983.0,19.399422671821963,513.68,514.5,468.0,558.0,90.0,503.0,526.75,761.2800000000002
471.10035024397934,470.74,28.0,1064.0,18.422605678893525,18.422605678893525,14.371199999999998,28.0,1064.0,18.422605678893525,470.74,472.0,418.0,504.0,86.0,458.25,483.75,718.56
514.433202660948,514.28,24.0,645.0,12.55394758631722,12.55394758631722,9.993599999999995,24.0,645.0,12.553947586317223,514.28,513.0,485.0,545.0,60.0,507.0,522.0,499.67999999999984
466.1383056561647,466.08,18.0,338.0,7.372489403179904,7.372489403179904,5.859199999999996,18.0,338.0,7.372489403179906,466.08,465.0,452.0,483.0,31.0,461.25,471.75,292.9599999999998
511.6875022902162,511.22,32.0,1356.0,21.86804975300724,21.86804975300724,16.5664,32.0,1356.0,21.86804975300724,511.22,509.0,448.0,582.0,134.0,499.0,525.0,828.3200000000002
498.11010175400753,497.4285714285714,7.0,885.0,26.04783668403899,26.04783668403899,22.09912536443149,7.0,885.0,26.04783668403899,497.4285714285714,491.0,452.0,546.0,94.0,480.0,523.0,1082.8571428571431
514.843044043522,514.4,18.0,814.0,21.354156504062622,21.354156504062622,18.272,18.0,814.0,21.354156504062622,514.4,511.0,482.0,562.0,80.0,495.0,533.0,913.6
511.9615805897938,511.26,22.0,1262.0,26.793140913300924,26.793140913300924,21.9904,22.0,1262.0,26.793140913300928,511.26,507.5,460.0,573.0,113.0,490.25,529.25,1099.52
525.5540314753565,525.44,21.0,552.0,10.947438056458688,10.947438056458688,8.622399999999997,21.0,552.0,10.947438056458688,525.44,526.0,497.0,553.0,56.0,519.25,531.75,431.1199999999999
509.20239590952434,509.04,20.0,599.0,12.859175712307534,12.859175712307534,9.886400000000004,20.0,599.0,12.859175712307534,509.04,507.5,487.0,546.0,59.0,501.0,515.25,494.32000000000016
544.0526077503903,531.08,4.0,1464.0,118.09857577464685,118.09857577464685,93.54719999999998,4.0,1464.0,118.09857577464685,531.08,562.0,221.0,675.0,454.0,487.75,616.25,4677.359999999999
567.6176001499601,567.02,10.0,879.0,26.039577569538256,26.039577569538256,20.9,10.0,879.0,26.03957756953826,567.02,567.0,508.0,620.0,112.0,552.25,586.75,1045.0
484.5939600556831,484.48979591836735,20.0,430.0,10.04707785516458,10.04707785516458,8.092461474385672,20.0,430.0,10.047077855164575,484.48979591836735,485.0,463.0,509.0,46.0,478.0,491.0,396.530612244898
501.53127519627327,500.7,27.0,1509.0,28.863991407980983,28.863991407980983,20.9,27.0,1509.0,28.863991407980983,500.7,501.0,446.0,599.0,153.0,478.0,514.75,1045.0
516.7715355938251,515.78,13.0,790.0,31.997056114586535,31.997056114586535,23.695200000000003,13.0,790.0,31.997056114586535,515.78,518.0,428.0,571.0,143.0,503.25,533.5,1184.7600000000002
524.838660923526,523.86,9.0,943.0,32.03623573393104,32.03623573393104,26.3736,9.0,943.0,32.03623573393104,523.86,529.0,452.0,582.0,130.0,498.0,549.75,1318.6799999999998
511.178266361159,510.94,21.0,856.0,15.60565282197448,15.60565282197448,12.5752,21.0,856.0,15.60565282197448,510.94,509.5,474.0,545.0,71.0,501.0,520.75,628.76
494.24293621659376,494.12,29.0,634.0,11.022957860755888,11.022957860755888,8.619200000000001,29.0,634.0,11.022957860755888,494.12,492.0,470.0,522.0,52.0,487.25,501.0,430.96
506.6546160847644,505.86,22.0,1333.0,28.364773928237117,28.364773928237117,22.345600000000005,22.0,1333.0,28.364773928237117,505.86,506.5,443.0,577.0,134.0,484.75,520.0,1117.2800000000002
543.8026664149414,543.26,14.0,977.0,24.288112318580872,24.288112318580872,19.428800000000003,14.0,977.0,24.288112318580872,543.26,546.0,490.0,601.0,111.0,526.5,557.0,971.44
517.6796499767013,517.38,23.0,850.0,17.611235050387577,17.611235050387577,14.5704,23.0,850.0,17.611235050387577,517.38,515.0,484.0,561.0,77.0,506.5,529.0,728.52
502.7577547885264,502.6,22.0,668.0,12.593649193144932,12.593649193144932,10.176000000000004,22.0,668.0,12.593649193144932,502.6,499.0,480.0,537.0,57.0,494.25,511.75,508.8000000000002
503.3849818975533,502.88,24.0,1155.0,22.54208508545738,22.54208508545738,17.44,24.0,1155.0,22.542085085457376,502.88,503.5,455.0,577.0,122.0,485.5,514.5,872.0
517.1301770347578,516.94,27.0,823.0,14.023423262527592,14.023423262527592,11.14959999999999,27.0,823.0,14.023423262527592,516.94,519.5,471.0,547.0,76.0,508.0,525.5,557.4799999999996
517.0161699598959,516.84,21.0,720.0,13.495717839374086,13.495717839374086,10.6864,21.0,720.0,13.495717839374088,516.84,518.5,493.0,552.0,59.0,507.5,524.75,534.3199999999999
493.9497342847752,493.14,22.0,1031.0,28.271547534579707,28.271547534579707,19.98,22.0,1031.0,28.271547534579707,493.14,493.5,416.0,561.0,145.0,484.25,510.75,999.0
493.8954747717375,493.78,19.0,431.0,10.679494370053291,10.679494370053291,8.522399999999998,19.0,431.0,10.679494370053291,493.78,492.5,470.0,518.0,48.0,486.25,498.75,426.1199999999999
501.1075932372209,500.98,24.0,652.0,11.307501934556544,11.307501934556544,9.3016,24.0,652.0,11.307501934556544,500.98,502.0,472.0,524.0,52.0,494.25,509.75,465.0799999999999
494.3086080577598,494.2,25.0,574.0,10.361467077590897,10.361467077590897,7.968,25.0,574.0,10.361467077590897,494.2,493.5,470.0,522.0,52.0,488.0,500.25,398.4
538.20468225388,537.4,15.0,1234.0,29.419721276721845,29.419721276721845,23.175999999999995,15.0,1234.0,29.419721276721845,537.4,535.0,462.0,625.0,163.0,520.5,558.5,1158.7999999999995
523.045389999759,522.92,23.0,599.0,11.452231223652449,11.452231223652449,9.003200000000001,23.0,599.0,11.452231223652449,522.92,524.0,496.0,558.0,62.0,513.25,529.5,450.1600000000001
506.5018459986104,505.64,21.0,1391.0,29.534901388018888,29.534901388018888,23.2288,21.0,1391.0,29.534901388018888,505.64,507.5,435.0,573.0,138.0,486.25,524.25,1161.44
539.8153202716647,539.02,20.0,1336.0,29.29197159632653,29.29197159632653,23.1,20.0,1336.0,29.29197159632653,539.02,541.0,462.0,625.0,163.0,520.0,559.0,1155.0
533.0875913018423,531.66,12.0,1441.0,38.98749030137744,38.98749030137744,30.981600000000007,12.0,1441.0,38.98749030137744,531.66,542.5,430.0,606.0,176.0,511.0,557.75,1549.0800000000004
495.5977804631494,494.96,22.0,1306.0,25.134804554640965,25.134804554640965,19.9232,22.0,1306.0,25.13480455464096,494.96,498.0,442.0,564.0,122.0,474.25,509.0,996.16
506.2428271096787,506.0,17.0,727.0,15.678010077812807,15.678010077812807,13.32,17.0,727.0,15.678010077812807,506.0,504.0,474.0,546.0,72.0,493.0,518.75,666.0
526.8523891945447,526.44,33.0,1297.0,20.841458682155626,20.841458682155626,16.3776,33.0,1297.0,20.841458682155626,526.44,525.0,473.0,587.0,114.0,510.0,536.75,818.8800000000001
492.6525550527471,492.54,29.0,661.0,10.530356119334234,10.530356119334234,8.616799999999998,29.0,661.0,10.530356119334236,492.54,493.5,467.0,513.0,46.0,485.25,499.5,430.8399999999999
524.8774142597489,510.02,3.0,1288.0,123.99959516062944,123.99959516062944,104.5832,3.0,1288.0,123.99959516062948,510.02,449.5,353.0,785.0,432.0,423.0,560.25,5229.16
540.4462785513468,535.42,6.0,1691.0,73.53641002931813,73.53641002931813,58.81759999999999,6.0,1691.0,73.53641002931813,535.42,508.0,415.0,722.0,307.0,489.25,564.0,2940.88
515.055220340499,514.32,21.0,1417.0,27.510318064319065,27.510318064319065,21.705600000000004,21.0,1417.0,27.51031806431907,514.32,513.0,464.0,592.0,128.0,498.0,531.0,1085.2800000000002
515.989903001987,515.54,24.0,1095.0,21.542711064302004,21.542711064302004,17.644799999999996,24.0,1095.0,21.542711064302004,515.54,512.0,481.0,570.0,89.0,499.5,529.0,882.2399999999998
488.2739695987848,487.6734693877551,19.0,1047.0,24.20860679728161,24.20860679728161,19.73427738442316,19.0,1047.0,24.208606797281607,487.6734693877551,488.0,441.0,547.0,106.0,468.0,504.0,966.9795918367348
520.9762182672065,520.66,27.0,1126.0,18.148950382873384,18.148950382873384,14.619199999999996,27.0,1126.0,18.148950382873387,520.66,518.5,477.0,558.0,81.0,510.25,532.75,730.9599999999998
555.1812676955158,546.24,10.0,2286.0,99.2376057752302,99.2376057752302,80.44,10.0,2286.0,99.2376057752302,546.24,548.0,317.0,736.0,419.0,490.25,606.75,4022.0
529.7372933822953,529.24,19.0,1077.0,22.948254835607877,22.948254835607877,19.4304,19.0,1077.0,22.948254835607877,529.24,531.0,480.0,565.0,85.0,512.5,547.5,971.52
523.0536492559821,522.72,15.0,931.0,18.679443246521025,18.679443246521025,15.44,15.0,931.0,18.679443246521025,522.72,523.0,486.0,571.0,85.0,509.0,536.75,772.0
514.5322730402827,513.78,23.0,1403.0,27.813155160822728,27.813155160822728,22.277600000000003,23.0,1403.0,27.813155160822728,513.78,517.5,464.0,592.0,128.0,490.5,529.5,1113.88
521.5480227169882,519.18,6.0,1175.0,49.643404395750295,49.643404395750295,41.74,6.0,1175.0,49.643404395750295,519.18,521.0,406.0,601.0,195.0,488.25,557.0,2087.0
494.2361581268615,494.1,26.0,639.0,11.600431026474835,11.600431026474835,8.856,26.0,639.0,11.600431026474835,494.1,495.0,473.0,530.0,57.0,485.25,499.75,442.8
516.29462518992,515.86,28.0,1197.0,21.18018885657066,21.18018885657066,17.0088,28.0,1197.0,21.18018885657066,515.86,513.0,471.0,570.0,99.0,501.0,528.75,850.44
481.6444954528184,481.02,24.0,1356.0,24.51896408904748,24.51896408904748,19.7816,24.0,1356.0,24.51896408904748,481.02,479.0,418.0,537.0,119.0,464.0,493.75,989.08
505.73769881233886,505.54,23.0,795.0,14.139603954849656,14.139603954849656,12.195199999999994,23.0,795.0,14.139603954849656,505.54,508.5,468.0,534.0,66.0,494.0,516.75,609.7599999999998
476.3930310153582,476.28,21.0,457.0,10.376974510906347,10.376974510906347,8.222399999999999,21.0,457.0,10.376974510906344,476.28,476.0,452.0,502.0,50.0,470.0,484.0,411.1199999999999
521.7313676596415,521.58,26.0,665.0,12.566765693685866,12.566765693685866,9.836799999999998,26.0,665.0,12.566765693685866,521.58,523.5,488.0,543.0,55.0,514.25,530.0,491.8399999999999
511.9861716882596,510.32,13.0,1012.0,41.27151075499902,41.27151075499902,32.9872,13.0,1012.0,41.27151075499903,510.32,511.5,400.0,582.0,182.0,478.0,544.5,1649.36
503.21281780177264,502.46,19.0,1401.0,27.515239413823025,27.515239413823025,21.0384,19.0,1401.0,27.515239413823025,502.46,501.5,438.0,576.0,138.0,484.0,522.5,1051.9199999999998
504.96419351741554,501.1224489795918,15.0,1700.0,62.17015251220037,62.17015251220037,46.79300291545189,15.0,1700.0,62.17015251220037,501.1224489795918,492.0,375.0,667.0,292.0,468.0,542.0,2292.8571428571427
532.4951079587493,531.04,12.0,1079.0,39.33901879813476,39.33901879813476,33.3632,12.0,1079.0,39.33901879813476,531.04,525.0,435.0,608.0,173.0,501.75,566.75,1668.16
512.6087006674779,511.76,14.0,1205.0,29.48529124834957,29.48529124834957,22.7008,14.0,1205.0,29.48529124834957,511.76,509.5,435.0,591.0,156.0,495.0,528.75,1135.04
514.0404264257822,513.64,26.0,1177.0,20.285719114687552,20.285719114687552,16.56,26.0,1177.0,20.28571911468756,513.64,513.0,471.0,559.0,88.0,501.25,530.0,828.0
511.49199407224353,511.34,21.0,643.0,12.468536401679229,12.468536401679229,9.2872,21.0,643.0,12.468536401679229,511.34,511.0,491.0,548.0,57.0,505.0,517.0,464.3599999999999
523.646120963385,523.3,24.0,974.0,19.0360184912707,19.0360184912707,14.7,24.0,974.0,19.036018491270703,523.3,524.0,485.0,588.0,103.0,508.25,532.75,735.0
522.0659153785085,521.94,20.0,610.0,11.465443733235972,11.465443733235972,9.06,20.0,610.0,11.465443733235972,521.94,521.0,496.0,558.0,62.0,513.0,529.5,453.0
515.4335262669669,515.08,23.0,1012.0,19.087000812071025,19.087000812071025,15.446400000000004,23.0,1012.0,19.087000812071025,515.08,512.5,476.0,566.0,90.0,503.0,528.5,772.3200000000002
516.4100696152235,516.12,25.0,905.0,17.30623009207956,17.30623009207956,14.3296,25.0,905.0,17.30623009207956,516.12,514.5,484.0,561.0,77.0,501.25,527.0,716.48
517.6293461541762,517.1,23.0,1229.0,23.40363219673391,23.40363219673391,19.856,23.0,1229.0,23.403632196733906,517.1,520.5,461.0,560.0,99.0,500.0,532.0,992.8
526.4665041576719,526.06,20.0,979.0,20.684689990425287,20.684689990425287,16.052800000000005,20.0,979.0,20.684689990425287,526.06,527.5,482.0,575.0,93.0,510.5,538.0,802.6400000000003
511.0257791332796,504.8571428571428,17.0,3132.0,79.16193684402852,79.16193684402852,56.97376093294461,17.0,3132.0,79.16193684402852,504.8571428571428,514.0,188.0,679.0,491.0,466.0,552.0,2791.714285714286
531.27505117406,530.54,18.0,1063.0,27.937222481843108,27.937222481843108,22.1648,18.0,1063.0,27.937222481843108,530.54,526.5,486.0,614.0,128.0,511.75,549.0,1108.2399999999998
520.2971458695501,520.0,25.0,858.0,17.58180878066873,17.58180878066873,13.72,25.0,858.0,17.58180878066873,520.0,520.5,471.0,556.0,85.0,508.5,531.0,686.0
510.0632313743072,509.9,20.0,693.0,12.90310040261642,12.90310040261642,9.46,20.0,693.0,12.90310040261642,509.9,509.5,483.0,548.0,65.0,502.5,515.75,473.0
517.8887332236529,517.46,26.0,1216.0,21.068659188472346,21.068659188472346,16.324799999999996,26.0,1216.0,21.068659188472346,517.46,521.0,469.0,568.0,99.0,507.5,529.75,816.2399999999998
521.162297178144,520.98,15.0,680.0,13.783308746451269,13.783308746451269,11.42,15.0,680.0,13.783308746451269,520.98,520.5,490.0,547.0,57.0,512.0,531.75,571.0
496.6406346645429,496.04,28.0,1385.0,24.417993365549105,24.417993365549105,19.7616,28.0,1385.0,24.4179933655491,496.04,491.0,438.0,563.0,125.0,480.25,512.5,988.0800000000002
482.0154354374972,481.4,21.0,1359.0,24.349948665243627,24.349948665243627,19.32,21.0,1359.0,24.349948665243627,481.4,480.5,421.0,546.0,125.0,467.25,495.25,966.0
498.45629698098907,497.76,20.0,1386.0,26.33747140482548,26.33747140482548,20.428800000000003,20.0,1386.0,26.33747140482548,497.76,498.5,442.0,564.0,122.0,475.25,509.75,1021.44
522.382637536892,521.94,30.0,1345.0,21.50014883669413,21.50014883669413,18.5424,30.0,1345.0,21.50014883669413,521.94,524.5,479.0,564.0,85.0,505.5,537.25,927.12
517.4750042272574,517.22,23.0,903.0,16.243509473017216,16.243509473017216,12.708800000000002,23.0,903.0,16.243509473017212,517.22,517.0,483.0,561.0,78.0,509.0,526.75,635.44
489.8074111321714,489.14,27.0,1698.0,25.560915476563043,25.560915476563043,21.0768,27.0,1698.0,25.560915476563043,489.14,486.0,443.0,548.0,105.0,471.0,506.75,1053.84
533.0478402545123,532.48,25.0,1081.0,24.59775599521225,24.59775599521225,18.4416,25.0,1081.0,24.59775599521225,532.48,536.0,447.0,577.0,130.0,522.5,545.0,922.08
525.4243663039261,525.1176470588235,16.0,726.0,17.95052793895481,17.95052793895481,15.16955017301038,16.0,726.0,17.95052793895481,525.1176470588235,527.0,483.0,565.0,82.0,512.0,539.0,773.6470588235294
523.9580708415513,518.22,8.0,1167.0,77.33105197784393,77.33105197784393,60.304000000000016,8.0,1167.0,77.33105197784393,518.22,509.0,369.0,655.0,286.0,483.25,567.25,3015.2000000000007
531.5927741711887,525.6122448979592,1.0,1604.0,79.51506501505352,79.51506501505352,65.88588088296542,1.0,1604.0,79.51506501505352,525.6122448979592,492.0,415.0,722.0,307.0,473.0,566.0,3228.4081632653056
509.60437596237335,509.02,25.0,1305.0,24.39794253620579,24.39794253620579,19.0224,25.0,1305.0,24.397942536205797,509.02,505.5,470.0,586.0,116.0,493.0,521.5,951.12
531.6642737668199,530.9,11.0,1048.0,28.49719284420836,28.49719284420836,23.948,11.0,1048.0,28.49719284420836,530.9,532.0,445.0,577.0,132.0,511.5,557.0,1197.4
518.8559530351367,518.74,21.0,550.0,10.968700925816147,10.968700925816147,8.74,21.0,550.0,10.968700925816147,518.74,518.5,494.0,548.0,54.0,511.0,525.0,437.0
496.6413796694754,496.42,13.0,599.0,14.82712379391229,14.82712379391229,11.756800000000004,13.0,599.0,14.82712379391229,496.42,494.0,473.0,534.0,61.0,487.0,502.75,587.8400000000001
523.0869143842159,498.0,6.0,3484.0,160.04974226783372,160.04974226783372,113.96,6.0,3484.0,160.04974226783372,498.0,486.0,90.0,866.0,776.0,430.75,551.0,5698.0
571.2217782963111,570.96,13.0,897.0,17.291570200534135,17.291570200534135,14.083199999999998,13.0,897.0,17.29157020053413,570.96,571.0,533.0,606.0,73.0,559.0,584.75,704.1599999999999
500.80317491006383,500.06,29.0,1629.0,27.272997635023547,27.272997635023547,20.7448,29.0,1629.0,27.272997635023547,500.06,494.5,450.0,603.0,153.0,483.25,515.0,1037.24
541.8222402227506,540.66,19.0,1070.0,35.46976740831549,35.46976740831549,26.6728,19.0,1070.0,35.4697674083155,540.66,531.0,449.0,638.0,189.0,524.0,557.25,1333.64
501.181524001035,500.24,27.0,1777.0,30.70606454757757,30.70606454757757,23.9888,27.0,1777.0,30.70606454757757,500.24,497.0,448.0,592.0,144.0,476.25,514.5,1199.44
495.69611658757225,495.56,30.0,745.0,11.615782367107265,11.615782367107265,9.2752,30.0,745.0,11.61578236710726,495.56,496.0,470.0,527.0,57.0,488.25,502.75,463.76
538.7864326428422,538.34,22.0,1044.0,21.92862056765085,21.92862056765085,17.5128,22.0,1044.0,21.92862056765085,538.34,539.5,481.0,578.0,97.0,524.5,556.75,875.6399999999999
546.9082189910845,546.56,23.0,1063.0,19.51323653318434,19.51323653318434,15.657600000000002,23.0,1063.0,19.51323653318434,546.56,547.0,481.0,584.0,103.0,534.25,561.5,782.8800000000001
510.6775499275448,510.36,16.0,781.0,18.006398862626583,18.006398862626583,14.436799999999998,16.0,781.0,18.006398862626586,510.36,512.0,473.0,551.0,78.0,496.0,522.5,721.8399999999999
495.92995473151245,495.8,23.0,568.0,11.3525327570547,11.3525327570547,8.72,23.0,568.0,11.3525327570547,495.8,495.5,476.0,527.0,51.0,489.0,500.75,436.0
501.58482831919866,501.3,21.0,853.0,16.901183390520323,16.901183390520323,14.18,21.0,853.0,16.90118339052032,501.3,500.5,467.0,548.0,81.0,486.25,513.75,709.0
531.4258744171194,526.7,12.0,1837.0,70.71470851244457,70.71470851244457,52.94799999999999,12.0,1837.0,70.71470851244456,526.7,540.5,317.0,687.0,370.0,491.5,566.25,2647.4
520.4476918961212,520.36,26.0,488.0,9.553554312401223,9.553554312401223,7.894400000000001,26.0,488.0,9.553554312401223,520.36,520.0,503.0,545.0,42.0,512.25,526.0,394.72
503.6473170781316,503.5,24.0,697.0,12.180722474467595,12.180722474467595,10.42,24.0,697.0,12.180722474467595,503.5,506.5,466.0,522.0,56.0,494.0,512.75,521.0
499.5047343037268,498.8163265306122,27.0,1433.0,26.215491190179087,26.215491190179087,21.623490212411497,27.0,1433.0,26.215491190179087,498.8163265306122,499.0,438.0,552.0,114.0,476.0,518.0,1059.5510204081634
519.5028392607686,519.4,22.0,532.0,10.33634364753804,10.33634364753804,8.36,22.0,532.0,10.33634364753804,519.4,519.5,490.0,536.0,46.0,512.25,525.75,418.0
515.64160033884,515.26,22.0,1029.0,19.83412211316649,19.83412211316649,15.62,22.0,1029.0,19.83412211316649,515.26,515.5,460.0,553.0,93.0,505.5,527.0,781.0
511.08357437898553,509.98,29.0,2029.0,33.56813369849447,33.56813369849447,28.0192,29.0,2029.0,33.56813369849447,509.98,504.5,449.0,576.0,127.0,483.0,535.75,1400.96
492.3101867725266,491.2,8.0,1131.0,33.04360755123447,33.04360755123447,27.2,8.0,1131.0,33.04360755123447,491.2,493.5,429.0,564.0,135.0,467.0,514.0,1360.0
507.2424449503252,507.1020408163265,22.0,567.0,11.933907955920176,11.933907955920176,9.536859641815909,22.0,567.0,11.933907955920176,507.1020408163265,506.0,480.0,538.0,58.0,498.0,515.0,467.3061224489795
502.2400023892959,501.7,18.0,916.0,23.283685275316703,23.283685275316703,18.764,18.0,916.0,23.283685275316707,501.7,504.5,457.0,559.0,102.0,487.25,515.0,938.2
508.0742465427666,506.96,20.0,1471.0,33.63031965355072,33.63031965355072,23.7168,20.0,1471.0,33.63031965355073,506.96,505.0,438.0,628.0,190.0,487.5,522.25,1185.84
493.75335948224193,493.58,22.0,676.0,13.082950737505664,13.082950737505664,9.58,22.0,676.0,13.082950737505664,493.58,493.5,462.0,530.0,68.0,485.5,500.75,479.0
536.5745093476139,536.3265306122449,17.0,742.0,16.3112428424504,16.3112428424504,13.352769679300296,17.0,742.0,16.3112428424504,536.3265306122449,532.0,493.0,576.0,83.0,527.0,550.0,654.2857142857146
525.1071890576247,523.84,15.0,1202.0,36.45839272376115,36.45839272376115,26.3392,15.0,1202.0,36.45839272376116,523.84,526.0,413.0,617.0,204.0,505.5,545.25,1316.96
516.3987025545281,516.14,25.0,899.0,16.34381840329854,16.34381840329854,12.882399999999995,25.0,899.0,16.34381840329854,516.14,514.0,485.0,553.0,68.0,507.0,526.5,644.1199999999999
518.853583216235,518.0204081632653,21.0,1584.0,29.39213402750038,29.39213402750038,20.553102873802583,21.0,1584.0,29.392134027500376,518.0204081632653,517.0,421.0,580.0,159.0,509.0,532.0,1007.1020408163264
500.7111342880244,500.08,17.0,1146.0,25.13232181872578,25.13232181872578,18.4832,17.0,1146.0,25.13232181872578,500.08,499.0,456.0,598.0,142.0,484.25,511.75,924.16
487.6551650500587,485.4,21.0,1649.0,46.8444233607374,46.8444233607374,32.272,21.0,1649.0,46.8444233607374,485.4,481.5,379.0,656.0,277.0,466.25,502.25,1613.6
522.721608506861,520.64,7.0,1159.0,46.60333035309816,46.60333035309816,39.8464,7.0,1159.0,46.60333035309816,520.64,539.0,400.0,606.0,206.0,477.25,553.75,1992.32
518.0488007900414,517.72,17.0,663.0,18.45431114943064,18.45431114943064,14.366400000000004,17.0,663.0,18.45431114943064,517.72,516.0,485.0,580.0,95.0,504.0,526.75,718.3200000000002
513.9208110205307,513.72,31.0,857.0,14.3652915041777,14.3652915041777,10.6976,31.0,857.0,14.3652915041777,513.72,513.0,484.0,563.0,79.0,505.0,520.75,534.8800000000001
523.9302052754737,522.74,14.0,1047.0,35.29521780638278,35.29521780638278,27.8704,14.0,1047.0,35.29521780638278,522.74,523.5,447.0,603.0,156.0,506.25,547.0,1393.52
510.4727612713533,510.04,23.0,1143.0,21.015194503025665,21.015194503025665,17.121599999999997,23.0,1143.0,21.01519450302566,510.04,510.0,460.0,547.0,87.0,496.0,524.0,856.0799999999999
512.2967889807626,511.72,25.0,1309.0,24.30311914137772,24.30311914137772,19.8,25.0,1309.0,24.30311914137772,511.72,511.0,452.0,563.0,111.0,496.0,530.0,990.0
484.90609400171496,482.36,11.0,1357.0,49.62610603301452,49.62610603301452,40.28,11.0,1357.0,49.62610603301452,482.36,482.5,398.0,650.0,252.0,445.25,516.75,2014.0
492.1572919301308,492.04,29.0,684.0,10.74422635651353,10.74422635651353,8.996799999999999,29.0,684.0,10.74422635651353,492.04,494.5,467.0,513.0,46.0,484.25,499.75,449.8399999999999
504.5296051263786,503.7551020408163,27.0,1754.0,27.94493901990703,27.94493901990703,22.628071636817992,27.0,1754.0,27.94493901990703,503.7551020408163,499.0,451.0,563.0,112.0,485.0,525.0,1108.7755102040817
554.3148563767708,554.24,18.0,393.0,9.109467602445273,9.109467602445273,7.2608,18.0,393.0,9.109467602445273,554.24,556.0,531.0,573.0,42.0,549.0,560.0,363.04
515.301057635243,515.02,22.0,737.0,17.01703852025963,17.01703852025963,13.623199999999995,22.0,737.0,17.01703852025963,515.02,513.5,478.0,552.0,74.0,505.25,526.5,681.1599999999999
514.4609217423613,514.12,13.0,726.0,18.726067392808343,18.726067392808343,15.88,13.0,726.0,18.726067392808343,514.12,515.0,479.0,553.0,74.0,500.25,527.0,794.0
493.51747689418255,492.82,21.0,1408.0,26.2287552125525,26.2287552125525,20.961600000000004,21.0,1408.0,26.2287552125525,492.82,494.0,442.0,564.0,122.0,472.25,507.0,1048.0800000000002
515.1771345857655,514.48,26.0,1533.0,26.791968945936016,26.791968945936016,20.716800000000003,26.0,1533.0,26.791968945936016,514.48,509.0,464.0,608.0,144.0,498.5,527.5,1035.84
482.2756680571808,479.38,17.0,2098.0,52.769646578312425,52.769646578312425,44.464000000000006,17.0,2098.0,52.769646578312425,479.38,492.0,338.0,553.0,215.0,443.25,521.25,2223.2000000000003
596.5022715799162,596.08,18.0,1148.0,22.44089124789833,22.44089124789833,17.28,18.0,1148.0,22.44089124789833,596.08,596.5,548.0,645.0,97.0,583.25,608.5,864.0
505.5368829274477,502.58,9.0,1246.0,54.59746880579721,54.59746880579721,43.7208,9.0,1246.0,54.59746880579721,502.58,510.5,371.0,603.0,232.0,461.5,532.0,2186.04
525.1099313477131,524.56,17.0,1149.0,24.025952634599115,24.025952634599115,19.4624,17.0,1149.0,24.025952634599108,524.56,523.0,482.0,583.0,101.0,507.25,540.0,973.12
491.1657357756137,490.78,26.0,1140.0,19.462055389911928,19.462055389911928,16.3,26.0,1140.0,19.462055389911928,490.78,489.0,457.0,534.0,77.0,475.5,503.75,815.0
559.1753034603728,558.98,28.0,931.0,14.777672347159411,14.777672347159411,11.982399999999998,28.0,931.0,14.777672347159411,558.98,561.5,526.0,593.0,67.0,549.25,568.0,599.1199999999999
524.2929524607401,523.82,26.0,1293.0,22.2644919097652,22.2644919097652,18.354399999999995,26.0,1293.0,22.2644919097652,523.82,525.5,478.0,563.0,85.0,508.25,542.25,917.7199999999998
507.3970188066516,507.0408163265306,12.0,694.0,19.00908395486218,19.00908395486218,14.769679300291546,12.0,694.0,19.009083954862177,507.0408163265306,510.0,450.0,559.0,109.0,493.0,518.0,723.7142857142858
512.7317427271302,510.36,16.0,1724.0,49.259622410245896,49.259622410245896,35.4512,16.0,1724.0,49.259622410245896,510.36,513.5,317.0,593.0,276.0,488.5,543.0,1772.56
502.388136802612,501.76,26.0,1469.0,25.114585403705156,25.114585403705156,20.3792,26.0,1469.0,25.114585403705156,501.76,503.0,438.0,552.0,114.0,484.5,519.5,1018.96
499.5567034882026,498.86,13.0,1124.0,26.374237429734343,26.374237429734343,20.8944,13.0,1124.0,26.374237429734343,498.86,497.0,448.0,561.0,113.0,477.75,513.75,1044.7199999999998
494.38800551793327,494.14,8.0,503.0,15.657598794195742,15.657598794195742,12.723200000000002,8.0,503.0,15.657598794195744,494.14,496.0,449.0,524.0,75.0,482.25,505.0,636.1600000000001
509.1723480315874,508.92,22.0,804.0,16.028524573397267,16.028524573397267,13.0304,22.0,804.0,16.028524573397267,508.92,506.5,469.0,551.0,82.0,497.25,522.0,651.52
506.80520912871447,506.56,15.0,694.0,15.763451398726104,15.763451398726104,13.4048,15.0,694.0,15.763451398726104,506.56,505.0,474.0,546.0,72.0,493.25,518.0,670.24
527.5182461299324,526.94,20.0,1192.0,24.692841067807485,24.692841067807485,20.297600000000003,20.0,1192.0,24.692841067807485,526.94,525.0,486.0,579.0,93.0,507.5,544.75,1014.88
546.5901389523964,546.3,23.0,992.0,17.807021087200408,17.807021087200408,14.5,23.0,992.0,17.807021087200408,546.3,546.5,516.0,588.0,72.0,531.25,561.25,725.0
487.3653455058125,477.1,4.0,1365.0,99.50160802720728,99.50160802720728,82.88400000000001,4.0,1365.0,99.50160802720728,477.1,442.0,345.0,719.0,374.0,399.25,545.25,4144.200000000001
501.09600285936494,498.5102040816327,21.0,2428.0,50.840736699241646,50.840736699241646,40.57975843398584,21.0,2428.0,50.840736699241646,498.5102040816327,509.0,374.0,618.0,244.0,467.0,533.0,1988.408163265306
507.43115789237856,507.26,21.0,617.0,13.178482461952894,13.178482461952894,9.9712,21.0,617.0,13.178482461952894,507.26,505.5,487.0,546.0,59.0,497.75,512.5,498.56
515.7392946053268,514.86,21.0,1651.0,30.10316262454827,30.10316262454827,23.025599999999997,21.0,1651.0,30.103162624548272,514.86,515.5,446.0,599.0,153.0,499.25,530.75,1151.2799999999995
508.54883737945954,505.12,7.0,1384.0,58.955115130071626,58.955115130071626,45.0848,7.0,1384.0,58.955115130071626,505.12,500.0,387.0,645.0,258.0,472.75,528.75,2254.24
537.8886687782148,531.54,12.0,2264.0,82.3981092016073,82.3981092016073,62.7984,12.0,2264.0,82.3981092016073,531.54,536.0,309.0,726.0,417.0,487.25,582.0,3139.92
560.4004104209774,560.38,19.0,225.0,4.782844342020759,4.782844342020759,4.0352,19.0,225.0,4.782844342020761,560.38,560.0,550.0,572.0,22.0,557.0,563.0,201.76
485.7748655498759,485.02,19.0,1263.0,27.070640923332423,27.070640923332423,22.7392,19.0,1263.0,27.070640923332423,485.02,487.5,433.0,547.0,114.0,464.0,504.75,1136.96
524.7935022463597,524.46,29.0,1189.0,18.70637324550112,18.70637324550112,15.416800000000002,29.0,1189.0,18.70637324550112,524.46,523.0,491.0,566.0,75.0,508.25,535.0,770.8400000000001
489.5714656717648,488.74,27.0,1845.0,28.520736315880765,28.520736315880765,22.5904,27.0,1845.0,28.520736315880768,488.74,489.0,451.0,566.0,115.0,463.75,503.0,1129.52
500.15735523932864,498.02,11.0,1489.0,46.18938839170746,46.18938839170746,38.3832,11.0,1489.0,46.18938839170746,498.02,489.0,396.0,591.0,195.0,469.0,527.0,1919.16
484.6184272187759,483.94,12.0,1014.0,25.63389162807708,25.63389162807708,21.617600000000003,12.0,1014.0,25.63389162807708,483.94,480.5,424.0,546.0,122.0,463.75,501.75,1080.88
496.89612596598096,496.8,27.0,594.0,9.773433378296494,9.773433378296494,7.832000000000001,27.0,594.0,9.773433378296492,496.8,495.5,479.0,518.0,39.0,491.0,503.0,391.6
511.13395504505473,510.76,19.0,915.0,19.54846285517099,19.54846285517099,16.1792,19.0,915.0,19.548462855170992,510.76,514.0,459.0,548.0,89.0,493.5,523.75,808.96
506.4068127503816,506.26,22.0,614.0,12.193129212798492,12.193129212798492,9.46,22.0,614.0,12.193129212798494,506.26,506.5,479.0,532.0,53.0,499.25,512.0,473.0
567.9903168188697,565.2,5.0,942.0,56.231308005416345,56.231308005416345,46.61600000000001,5.0,942.0,56.231308005416345,565.2,553.5,454.0,675.0,221.0,522.75,597.75,2330.8
532.6460550872408,526.3,15.0,2261.0,81.9763990426513,81.9763990426513,61.96799999999999,15.0,2261.0,81.9763990426513,526.3,529.0,309.0,726.0,417.0,483.25,565.75,3098.4
521.9784669888213,521.52,22.0,1188.0,21.87257643717356,21.87257643717356,17.08,22.0,1188.0,21.87257643717356,521.52,521.0,478.0,590.0,112.0,506.75,534.0,854.0
518.4081789478248,517.16,15.0,1419.0,35.95239074108981,35.95239074108981,29.32,15.0,1419.0,35.95239074108981,517.16,521.0,434.0,591.0,157.0,488.5,541.0,1466.0
519.4210045810623,519.34,22.0,490.0,9.173025673135337,9.173025673135337,7.38,22.0,490.0,9.173025673135337,519.34,519.5,494.0,540.0,46.0,513.25,525.0,369.0
521.3877635694954,521.28,23.0,548.0,10.600075471429438,10.600075471429438,8.708800000000002,23.0,548.0,10.600075471429438,521.28,522.0,498.0,542.0,44.0,515.25,528.75,435.44000000000005
514.8363322256811,514.6938775510204,26.0,702.0,12.110383606106252,12.110383606106252,9.838400666389004,26.0,702.0,12.110383606106252,514.6938775510204,514.0,493.0,544.0,51.0,507.0,523.0,482.0816326530611
478.3369314614961,478.22,15.0,432.0,10.575991679270556,10.575991679270556,8.7,15.0,432.0,10.575991679270556,478.22,478.5,453.0,499.0,46.0,470.0,484.75,435.0
477.5470029222255,470.82,6.0,1281.0,79.87282141003911,79.87282141003911,55.7792,6.0,1281.0,79.87282141003911,470.82,495.5,221.0,617.0,396.0,466.25,508.75,2788.96
538.2279071174218,537.72,24.0,1196.0,23.37694590830889,23.37694590830889,20.1024,24.0,1196.0,23.376945908308898,537.72,543.0,480.0,588.0,108.0,522.5,555.5,1005.12
497.2133948316357,491.28,10.0,1848.0,76.5840818969582,76.5840818969582,54.28160000000002,10.0,1848.0,76.5840818969582,491.28,507.5,271.0,615.0,344.0,474.75,535.0,2714.080000000001
501.8937935460051,501.74,17.0,616.0,12.423864133191412,12.423864133191412,10.1992,17.0,616.0,12.423864133191412,501.74,500.0,474.0,537.0,63.0,493.25,510.75,509.96
560.9832083048475,534.4,7.0,3545.0,170.64231597115645,170.64231597115645,132.74400000000003,7.0,3545.0,170.64231597115645,534.4,520.5,90.0,866.0,776.0,446.25,700.5,6637.200000000001
508.90855760146144,507.84,31.0,1917.0,32.96140773692774,32.96140773692774,25.081599999999995,31.0,1917.0,32.96140773692774,507.84,500.0,450.0,621.0,171.0,486.5,522.75,1254.0799999999997
527.8756538071755,527.4901960784314,13.0,787.0,20.169256889904617,20.169256889904617,16.108419838523645,13.0,787.0,20.16925688990462,527.4901960784314,529.0,465.0,565.0,100.0,516.5,540.5,821.5294117647059
509.1404717757173,508.66,25.0,1236.0,22.113896083684576,22.113896083684576,18.379200000000004,25.0,1236.0,22.113896083684576,508.66,507.0,460.0,552.0,92.0,492.0,524.0,918.9600000000004
523.0760938907455,522.84,11.0,701.0,15.714146492889771,15.714146492889771,12.500800000000003,11.0,701.0,15.714146492889776,522.84,520.0,492.0,563.0,71.0,511.25,530.5,625.0400000000002
499.5157454975769,498.78,28.0,1611.0,27.101505493237827,27.101505493237827,20.3312,28.0,1611.0,27.101505493237823,498.78,498.0,449.0,603.0,154.0,479.75,514.0,1016.56
510.60436739221103,510.46,27.0,711.0,12.141186103507351,12.141186103507351,9.0232,27.0,711.0,12.14118610350735,510.46,511.0,479.0,550.0,71.0,503.25,516.0,451.1600000000001
523.5161315566121,523.1,19.0,1065.0,20.86935552430884,20.86935552430884,17.131999999999998,19.0,1065.0,20.86935552430884,523.1,526.5,481.0,575.0,94.0,506.75,537.5,856.5999999999999
522.6385557916675,522.46,13.0,604.0,13.660468513195296,13.660468513195296,11.696800000000003,13.0,604.0,13.660468513195292,522.46,519.5,491.0,551.0,60.0,512.25,533.0,584.8400000000001
481.89052698719865,481.12,27.0,1598.0,27.240146842482325,27.240146842482325,22.4896,27.0,1598.0,27.24014684248233,481.12,477.5,418.0,546.0,128.0,463.25,496.75,1124.48
508.28344454644593,508.14,24.0,705.0,12.074783641954005,12.074783641954005,8.887999999999998,24.0,705.0,12.074783641954005,508.14,507.0,486.0,546.0,60.0,499.25,513.5,444.3999999999999
522.1571426617212,516.8979591836735,7.0,1373.0,73.92280720052841,73.92280720052841,56.74052478134112,7.0,1373.0,73.92280720052842,516.8979591836735,503.0,387.0,728.0,341.0,475.0,559.0,2780.2857142857147
497.01732815848175,496.8775510204082,24.0,689.0,11.786593305853945,11.786593305853945,9.359433569346104,24.0,689.0,11.786593305853945,496.8775510204082,499.0,470.0,529.0,59.0,489.0,506.0,458.61224489795904
521.0397681559441,520.84,18.0,618.0,14.426863831061826,14.426863831061826,12.3264,18.0,618.0,14.42686383106183,520.84,522.0,492.0,561.0,69.0,509.0,532.0,616.3199999999999
548.3670303729064,548.08,21.0,676.0,17.740169108551363,17.740169108551363,12.803200000000002,21.0,676.0,17.74016910855136,548.08,548.0,513.0,600.0,87.0,536.25,553.75,640.1600000000001
535.7389102911977,534.94,14.0,1083.0,29.24681863040833,29.24681863040833,24.372800000000005,14.0,1083.0,29.24681863040833,534.94,529.5,481.0,600.0,119.0,512.25,557.0,1218.6400000000003
471.3661421867294,470.92,27.0,1191.0,20.50350213987845,20.50350213987845,16.396800000000002,27.0,1191.0,20.50350213987845,470.92,469.0,420.0,504.0,84.0,457.0,486.0,819.8400000000001
514.0410294908374,513.9,21.0,567.0,12.040348832155985,12.040348832155985,9.424,21.0,567.0,12.040348832155985,513.9,514.0,491.0,547.0,56.0,506.0,520.0,471.2000000000001
517.4738447496646,517.3,20.0,683.0,13.412307780542468,13.412307780542468,10.323999999999996,20.0,683.0,13.412307780542466,517.3,517.0,487.0,551.0,64.0,510.0,526.0,516.1999999999998
510.5485873058509,509.94,16.0,866.0,24.921003190080448,24.921003190080448,21.2128,16.0,866.0,24.92100319008045,509.94,502.5,449.0,573.0,124.0,494.0,527.5,1060.64
514.0647430042251,513.28,29.0,1694.0,28.393689439732903,28.393689439732903,23.0224,29.0,1694.0,28.393689439732903,513.28,508.5,464.0,608.0,144.0,489.25,531.75,1151.12
499.41417681119145,499.0,16.0,1034.0,20.33519117195607,20.33519117195607,15.96,16.0,1034.0,20.33519117195607,499.0,498.0,458.0,552.0,94.0,485.0,511.75,798.0
492.8445596737373,491.0,12.0,1417.0,42.6,42.6,34.48,12.0,1417.0,42.6,491.0,492.0,408.0,577.0,169.0,455.75,521.0,1724.0
491.809048310419,491.5,24.0,968.0,17.43244102241565,17.43244102241565,13.4,24.0,968.0,17.43244102241565,491.5,490.5,450.0,536.0,86.0,482.0,502.0,670.0
496.2913458846528,496.06,14.0,544.0,15.15177877346419,15.15177877346419,12.0296,14.0,544.0,15.15177877346419,496.06,493.5,464.0,539.0,75.0,484.25,503.5,601.48
525.9045730928758,525.58,25.0,909.0,18.473862617222203,18.473862617222203,15.123200000000002,25.0,909.0,18.473862617222203,525.58,525.0,472.0,564.0,92.0,512.5,539.0,756.1600000000001
508.7578205787111,508.6,23.0,737.0,12.671227249165726,12.671227249165726,9.560000000000004,23.0,737.0,12.671227249165726,508.6,507.0,486.0,546.0,60.0,499.0,514.75,478.0000000000002
527.2577927352047,526.94,33.0,1239.0,18.303453226099165,18.303453226099165,15.1424,33.0,1239.0,18.303453226099165,526.94,528.0,488.0,566.0,78.0,511.0,542.25,757.1199999999999
526.0202277479451,525.56,19.0,1049.0,21.99923635038271,21.99923635038271,16.8576,19.0,1049.0,21.99923635038271,525.56,526.0,469.0,574.0,105.0,513.0,538.5,842.8800000000001
512.9792393459993,512.78,25.0,810.0,14.295859540440372,14.295859540440372,11.2776,25.0,810.0,14.295859540440372,512.78,513.0,482.0,550.0,68.0,503.25,521.75,563.8800000000001
556.5686121225307,556.54,22.0,295.0,5.643438668046283,5.643438668046283,4.733600000000006,22.0,295.0,5.643438668046283,556.54,558.0,543.0,567.0,24.0,552.25,560.0,236.6800000000003
514.2186888863531,514.06,25.0,755.0,12.774051823912412,12.774051823912412,10.177600000000002,25.0,755.0,12.774051823912412,514.06,515.5,477.0,543.0,66.0,506.0,523.75,508.8800000000001
515.0168152594632,514.44,18.0,1271.0,24.36814313812195,24.36814313812195,20.155200000000004,18.0,1271.0,24.368143138121955,514.44,511.5,463.0,564.0,101.0,495.0,535.5,1007.7600000000002
514.769521242274,514.54,24.0,772.0,15.370374100847384,15.370374100847384,11.663199999999996,24.0,772.0,15.370374100847382,514.54,513.5,474.0,564.0,90.0,505.0,523.0,583.1599999999999
499.807080429098,499.4705882352941,24.0,944.0,18.337097233425386,18.337097233425386,14.223760092272205,24.0,944.0,18.337097233425386,499.4705882352941,499.0,455.0,562.0,107.0,490.5,510.5,725.4117647058824
526.2140248986149,525.64,24.0,1479.0,24.57214683335585,24.57214683335585,20.6112,24.0,1479.0,24.57214683335585,525.64,522.5,475.0,571.0,96.0,511.0,545.75,1030.56
505.5825748579553,505.18,18.0,1000.0,20.17195082286292,20.17195082286292,16.5944,18.0,1000.0,20.17195082286292,505.18,501.0,465.0,552.0,87.0,492.0,518.5,829.72
522.8683581935323,522.16,29.0,1718.0,27.20761658065624,27.20761658065624,22.6272,29.0,1718.0,27.207616580656232,522.16,527.5,465.0,584.0,119.0,504.25,540.75,1131.36
521.8836651975228,521.56,28.0,1160.0,18.377333865389723,18.377333865389723,14.764799999999996,28.0,1160.0,18.377333865389723,521.56,520.0,477.0,558.0,81.0,511.0,533.0,738.2399999999998
512.0027343676985,511.76,21.0,867.0,15.763958893628212,15.763958893628212,12.1408,21.0,867.0,15.763958893628212,511.76,511.0,483.0,553.0,70.0,502.0,517.75,607.04
507.533427470546,506.74,20.0,1236.0,28.368158205988628,28.368158205988628,23.048,20.0,1236.0,28.36815820598863,506.74,504.5,460.0,573.0,113.0,487.25,525.75,1152.4
519.386580496647,518.62,20.0,1522.0,28.208431363689822,28.208431363689822,20.4048,20.0,1522.0,28.208431363689822,518.62,517.5,421.0,580.0,159.0,506.75,533.5,1020.24
516.7182791425131,516.06,30.0,1569.0,26.07405607112173,26.07405607112173,21.1048,30.0,1569.0,26.07405607112173,516.06,513.5,461.0,587.0,126.0,495.25,530.75,1055.2399999999998
557.8053782458538,557.48,19.0,750.0,19.049661414313903,19.049661414313903,15.497600000000002,19.0,750.0,19.049661414313903,557.48,553.5,524.0,600.0,76.0,546.0,568.75,774.8800000000001
492.1138701809671,491.8163265306122,23.0,913.0,17.110294632880816,17.110294632880816,13.452728029987504,23.0,913.0,17.110294632880816,491.8163265306122,492.0,450.0,535.0,85.0,482.0,503.0,659.1836734693877
503.951465917106,503.52,18.0,1097.0,20.84921101624711,20.84921101624711,16.443199999999997,18.0,1097.0,20.849211016247114,503.52,499.5,465.0,552.0,87.0,492.0,513.5,822.1599999999999
522.4477319819288,521.5510204081633,19.0,1063.0,30.596826048871304,30.596826048871304,24.939608496459808,19.0,1063.0,30.596826048871304,521.5510204081633,525.0,464.0,579.0,115.0,502.0,545.0,1222.0408163265306
516.3395694893121,516.1020408163265,22.0,812.0,15.659964419850612,15.659964419850612,11.712619741774256,22.0,812.0,15.659964419850612,516.1020408163265,513.0,492.0,564.0,72.0,506.0,523.0,573.9183673469386
499.9424366864649,498.4,9.0,1005.0,39.24130476933712,39.24130476933712,30.368,9.0,1005.0,39.24130476933712,498.4,493.5,417.0,606.0,189.0,475.25,521.0,1518.4
522.7449282393852,522.62,30.0,722.0,11.427843191083785,11.427843191083785,9.2296,30.0,722.0,11.427843191083785,522.62,521.5,489.0,546.0,57.0,515.0,531.0,461.48
515.2545390387163,513.48,8.0,935.0,42.726216776120026,42.726216776120026,35.1008,8.0,935.0,42.726216776120026,513.48,517.5,400.0,582.0,182.0,478.0,548.0,1755.04
503.5576034576382,503.22,23.0,962.0,18.436149272556893,18.436149272556893,14.153599999999996,23.0,962.0,18.436149272556893,503.22,505.0,451.0,546.0,95.0,493.0,515.0,707.6799999999998
553.9180264262935,553.42,15.0,887.0,23.48368795568533,23.48368795568533,18.94,15.0,887.0,23.48368795568533,553.42,553.5,501.0,600.0,99.0,542.25,573.0,947.0
527.814960618834,527.6530612244898,17.0,511.0,13.072093691756017,13.072093691756017,10.558100791336944,17.0,511.0,13.072093691756018,527.6530612244898,528.0,495.0,551.0,56.0,519.0,536.0,517.3469387755102
509.6166402306738,509.28,17.0,930.0,18.52030237334153,18.52030237334153,14.9488,17.0,930.0,18.520302373341533,509.28,511.5,468.0,558.0,90.0,495.25,519.5,747.44
502.8489634075027,502.2,16.0,1184.0,25.53898979991182,25.53898979991182,18.6,16.0,1184.0,25.538989799911818,502.2,501.0,456.0,598.0,142.0,486.0,512.0,930.0
511.6416910299629,511.5,24.0,695.0,12.040348832155985,12.040348832155985,9.24,24.0,695.0,12.040348832155985,511.5,511.0,486.0,548.0,62.0,502.25,517.75,462.0
509.9131298564492,508.92,19.0,1378.0,31.80933196406363,31.80933196406363,24.4432,19.0,1378.0,31.809331964063627,508.92,510.0,438.0,580.0,142.0,491.25,529.75,1222.16
520.2611651853326,519.92,21.0,915.0,18.83808907506279,18.83808907506279,15.196799999999998,21.0,915.0,18.83808907506279,519.92,518.5,478.0,562.0,84.0,505.25,533.25,759.8399999999999
542.9595012521652,542.26,13.0,1069.0,27.55199448315857,27.55199448315857,22.2688,13.0,1069.0,27.551994483158563,542.26,545.0,482.0,592.0,110.0,526.25,564.5,1113.44
471.6674676082717,471.6,19.0,368.0,7.977468270071652,7.977468270071652,5.991999999999998,19.0,368.0,7.977468270071653,471.6,472.0,452.0,492.0,40.0,468.25,476.5,299.5999999999999
496.79738324592654,496.68,23.0,583.0,10.798962913169024,10.798962913169024,9.16,23.0,583.0,10.798962913169024,496.68,496.0,477.0,519.0,42.0,489.0,503.75,458.0
530.2028298833632,528.469387755102,12.0,1198.0,42.83861601492438,42.83861601492438,33.35027072053311,12.0,1198.0,42.83861601492438,528.469387755102,516.0,430.0,655.0,225.0,505.0,558.0,1634.1632653061224
564.4788747154317,564.44,17.0,271.0,6.624681124401385,6.624681124401385,5.6,17.0,271.0,6.624681124401385,564.44,564.5,551.0,577.0,26.0,560.25,569.0,280.0
573.204134667572,572.94,31.0,1078.0,17.399321825864362,17.399321825864362,14.584799999999996,31.0,1078.0,17.399321825864362,572.94,575.0,526.0,606.0,80.0,560.0,585.75,729.2399999999998
444.9521322569429,444.6,25.0,910.0,17.69858751426226,17.69858751426226,13.047999999999996,25.0,910.0,17.69858751426226,444.6,446.0,398.0,489.0,91.0,436.75,456.0,652.3999999999999
510.6247937576083,510.48,18.0,598.0,12.159342087465095,12.159342087465095,8.838400000000002,18.0,598.0,12.159342087465095,510.48,509.5,491.0,548.0,57.0,505.0,515.75,441.9200000000001
519.984845933033,519.76,20.0,708.0,15.289944408008814,15.289944408008814,12.48,20.0,708.0,15.289944408008814,519.76,519.5,489.0,553.0,64.0,509.0,529.75,624.0
511.6911568514742,511.48,17.0,618.0,14.698625786106671,14.698625786106671,11.676800000000004,17.0,618.0,14.698625786106671,511.48,508.5,490.0,553.0,63.0,501.0,519.0,583.8400000000001
527.3582273938656,527.3,21.0,409.0,7.836453279386027,7.836453279386027,6.071999999999998,21.0,409.0,7.836453279386026,527.3,527.0,508.0,547.0,39.0,522.25,532.75,303.5999999999999
506.7334210410835,505.12,18.0,1879.0,40.40477199539679,40.40477199539679,30.7888,18.0,1879.0,40.40477199539679,505.12,495.0,438.0,630.0,192.0,480.0,532.25,1539.44
504.61240571353375,504.16,29.0,1114.0,21.362921148569548,21.362921148569548,15.0,29.0,1114.0,21.362921148569548,504.16,504.0,456.0,583.0,127.0,495.0,515.0,750.0
506.1623257414562,505.26,22.0,1425.0,30.209806354890794,30.209806354890794,24.2896,22.0,1425.0,30.20980635489079,505.26,507.0,435.0,573.0,138.0,483.75,524.25,1214.48
523.681907268143,523.42,31.0,1129.0,16.56030192961469,16.56030192961469,13.38,31.0,1129.0,16.56030192961469,523.42,523.0,490.0,557.0,67.0,513.5,533.75,669.0
514.8744118714776,514.46,23.0,997.0,20.65353238552669,20.65353238552669,16.78,23.0,997.0,20.65353238552669,514.46,515.5,474.0,556.0,82.0,500.75,529.75,839.0
511.1498214809431,506.62,14.0,2227.0,67.89930485653002,67.89930485653002,48.184000000000005,14.0,2227.0,67.89930485653001,506.62,500.5,275.0,667.0,392.0,479.25,543.75,2409.2000000000003
522.9382372709038,521.84,13.0,1066.0,33.87350587110818,33.87350587110818,28.44,13.0,1066.0,33.87350587110817,521.84,521.5,447.0,583.0,136.0,495.0,546.25,1422.0
494.7979583707305,494.7058823529412,27.0,559.0,9.54513348471676,9.54513348471676,7.683967704728952,27.0,559.0,9.54513348471676,494.7058823529412,495.0,476.0,517.0,41.0,488.5,501.0,391.8823529411765
528.0209844314902,527.24,12.0,1000.0,28.70788045119319,28.70788045119319,22.0592,12.0,1000.0,28.70788045119319,527.24,525.5,461.0,615.0,154.0,511.0,544.75,1102.96
601.7715181030089,601.4,27.0,1230.0,21.14237451186597,21.14237451186597,16.607999999999997,27.0,1230.0,21.14237451186597,601.4,600.0,559.0,661.0,102.0,587.0,612.75,830.3999999999999
514.3803845404683,514.22,24.0,728.0,12.84412706259168,12.84412706259168,10.157600000000002,24.0,728.0,12.84412706259168,514.22,513.5,488.0,552.0,64.0,506.25,521.0,507.8800000000001
465.2005588990624,464.72,29.0,1319.0,21.139574262505853,21.139574262505853,17.371199999999998,29.0,1319.0,21.139574262505857,464.72,468.0,410.0,507.0,97.0,450.25,480.0,868.56
520.7115708336046,520.22,18.0,1067.0,22.620601229852404,22.620601229852404,18.22,18.0,1067.0,22.620601229852404,520.22,520.5,475.0,585.0,110.0,502.0,532.75,911.0
527.783194124254,527.34,15.0,889.0,21.62462485223732,21.62462485223732,17.528000000000006,15.0,889.0,21.62462485223732,527.34,524.0,485.0,581.0,96.0,510.25,546.75,876.4000000000003
502.9554453428256,502.7,26.0,902.0,16.027788368954713,16.027788368954713,13.368000000000002,26.0,902.0,16.027788368954717,502.7,502.0,472.0,548.0,76.0,492.25,514.0,668.4000000000001
478.616318150562,478.22,16.0,840.0,19.47335615655401,19.47335615655401,15.7312,16.0,840.0,19.47335615655401,478.22,479.5,420.0,508.0,88.0,467.25,496.75,786.56
563.0691964581263,562.52,19.0,1246.0,24.86301671157384,24.86301671157384,20.0608,19.0,1246.0,24.86301671157384,562.52,560.5,506.0,619.0,113.0,548.25,581.5,1003.04
532.923221486923,525.28,6.0,1348.0,89.93376229203358,89.93376229203358,67.51520000000001,6.0,1348.0,89.93376229203358,525.28,536.5,345.0,719.0,374.0,488.25,566.0,3375.76
469.3683628026073,463.5,6.0,1078.0,73.98925597679707,73.98925597679707,51.92,6.0,1078.0,73.98925597679707,463.5,492.0,221.0,523.0,302.0,466.25,501.75,2596.0
513.911432058093,509.52,11.0,1711.0,67.03976133609069,67.03976133609069,49.24799999999999,11.0,1711.0,67.03976133609069,509.52,488.5,415.0,722.0,307.0,473.0,523.25,2462.4
539.4265844394397,539.16,21.0,678.0,16.95683932812952,16.95683932812952,13.6,21.0,678.0,16.95683932812952,539.16,539.5,501.0,566.0,65.0,530.25,552.75,680.0
436.8320043220277,436.16,25.0,1431.0,24.22094960979028,24.22094960979028,19.1936,25.0,1431.0,24.22094960979028,436.16,437.0,378.0,498.0,120.0,419.0,450.75,959.68
508.1471440439275,508.04,22.0,522.0,10.43448129999762,10.43448129999762,7.7216,22.0,522.0,10.43448129999762,508.04,508.0,487.0,547.0,60.0,501.0,514.0,386.08
523.0082026125403,522.78,15.0,612.0,15.448352662986434,15.448352662986434,12.957600000000005,15.0,612.0,15.448352662986432,522.78,524.0,492.0,561.0,69.0,509.25,533.75,647.8800000000001
370.97719606466376,369.92,10.0,973.0,27.98702556542942,27.98702556542942,22.4864,10.0,973.0,27.98702556542942,369.92,372.0,299.0,423.0,124.0,349.5,385.75,1124.32
527.3869167888032,527.08,28.0,1021.0,17.989819343172957,17.989819343172957,14.963200000000002,28.0,1021.0,17.98981934317296,527.08,526.0,480.0,564.0,84.0,515.25,540.75,748.1600000000001
521.1722555931004,520.8,23.0,963.0,19.69466932954194,19.69466932954194,16.408,23.0,963.0,19.69466932954194,520.8,522.5,482.0,558.0,76.0,505.0,533.5,820.4000000000001
493.0605642312108,492.96,25.0,572.0,9.957831089147875,9.957831089147875,7.555199999999997,25.0,572.0,9.957831089147875,492.96,491.0,470.0,522.0,52.0,487.25,497.75,377.7599999999999
494.44417278394536,494.16,20.0,834.0,16.76109781607398,16.76109781607398,12.92,20.0,834.0,16.76109781607398,494.16,495.0,456.0,528.0,72.0,485.0,501.75,646.0
477.41275642781056,477.14,27.0,875.0,16.135687156114546,16.135687156114546,12.3744,27.0,875.0,16.135687156114546,477.14,478.5,439.0,533.0,94.0,467.0,485.75,618.72
530.5372748450386,528.84,6.0,1055.0,42.403471555994095,42.403471555994095,35.8464,6.0,1055.0,42.40347155599409,528.84,534.0,429.0,601.0,172.0,496.5,557.0,1792.3199999999997
516.8490495299377,515.82,27.0,1970.0,32.598582791280975,32.598582791280975,26.35120000000001,27.0,1970.0,32.598582791280975,515.82,506.0,467.0,621.0,154.0,491.25,533.0,1317.5600000000004
481.5090861032635,481.2,19.0,869.0,17.24992753607968,17.24992753607968,14.536,19.0,869.0,17.24992753607968,481.2,479.0,443.0,511.0,68.0,468.5,494.75,726.8
519.3891219500077,518.98,15.0,848.0,20.61115232101301,20.61115232101301,16.0184,15.0,848.0,20.61115232101301,518.98,516.0,463.0,575.0,112.0,506.25,532.5,800.9200000000001
526.301092531642,523.4,12.0,1603.0,55.18405566828158,55.18405566828158,44.47200000000001,12.0,1603.0,55.18405566828158,523.4,534.0,366.0,624.0,258.0,488.0,557.75,2223.6000000000004
464.8985480725876,464.42,29.0,1337.0,21.088470783819297,21.088470783819297,17.18,29.0,1337.0,21.088470783819297,464.42,465.0,410.0,507.0,97.0,451.75,480.0,859.0
523.4124186528248,522.6,30.0,1822.0,29.15132930073687,29.15132930073687,23.552000000000007,30.0,1822.0,29.151329300736872,522.6,520.0,470.0,595.0,125.0,502.0,540.5,1177.6000000000004
513.32890041376,513.12,29.0,892.0,14.643278321468864,14.643278321468864,10.8896,29.0,892.0,14.643278321468864,513.12,512.5,484.0,563.0,79.0,503.5,520.0,544.48
495.07924618186127,494.18,33.0,1928.0,29.825955139777165,29.825955139777165,23.696000000000005,33.0,1928.0,29.825955139777165,494.18,490.5,428.0,560.0,132.0,473.5,512.75,1184.8000000000002
492.3243239979109,489.28,16.0,1831.0,54.66554307788408,54.66554307788408,36.9264,16.0,1831.0,54.66554307788408,489.28,493.5,275.0,580.0,305.0,479.0,517.5,1846.32
513.7821522785703,513.5,20.0,794.0,17.02498164463034,17.02498164463034,14.2,20.0,794.0,17.02498164463034,513.5,513.0,475.0,546.0,71.0,502.25,527.0,710.0
513.8779232463679,513.44,21.0,982.0,21.210525688912096,21.210525688912096,16.964799999999997,21.0,982.0,21.210525688912096,513.44,514.0,461.0,556.0,95.0,500.75,528.5,848.2399999999998
496.45713437769206,493.5686274509804,16.0,1922.0,53.476128044812015,53.476128044812015,42.395232602845056,16.0,1922.0,53.476128044812,493.5686274509804,501.0,338.0,604.0,266.0,461.0,530.0,2162.156862745098
515.3141760130416,514.46,29.0,1846.0,29.65819279726936,29.65819279726936,23.038400000000003,29.0,1846.0,29.65819279726936,514.46,512.5,445.0,584.0,139.0,500.25,531.0,1151.92
492.7142985544463,492.38,18.0,759.0,18.147054857469296,18.147054857469296,13.6848,18.0,759.0,18.147054857469296,492.38,493.5,446.0,537.0,91.0,483.75,503.75,684.24
514.4973469319351,513.92,22.0,1255.0,24.367059732351787,24.367059732351787,18.430399999999995,22.0,1255.0,24.367059732351787,513.92,511.0,442.0,575.0,133.0,502.25,528.25,921.5199999999998
492.87949845778735,491.32,10.0,1149.0,39.17725870961367,39.17725870961367,32.90559999999999,10.0,1149.0,39.17725870961367,491.32,488.5,411.0,574.0,163.0,462.0,520.75,1645.2799999999995
494.54524565503607,494.4,23.0,590.0,11.984990613262903,11.984990613262903,8.52,23.0,590.0,11.984990613262909,494.4,494.5,462.0,530.0,68.0,489.25,501.0,426.0
515.7126913311325,512.78,18.0,1695.0,54.920411506105815,54.920411506105815,44.1624,18.0,1695.0,54.920411506105815,512.78,504.5,414.0,650.0,236.0,475.25,541.0,2208.12
525.1837202351193,523.9,11.0,1024.0,36.697820098747016,36.697820098747016,31.148000000000003,11.0,1024.0,36.697820098747016,523.9,525.0,464.0,597.0,133.0,491.5,559.0,1557.4
493.7416530940042,493.62,30.0,648.0,10.959726273954107,10.959726273954107,8.4504,30.0,648.0,10.959726273954107,493.62,494.0,466.0,511.0,45.0,488.25,500.75,422.52
520.1939830486316,520.06,19.0,564.0,11.805778246265684,11.805778246265684,9.11199999999999,19.0,564.0,11.805778246265682,520.06,518.5,495.0,550.0,55.0,513.0,526.75,455.59999999999945
536.5321052835516,536.1,12.0,873.0,21.52881789602021,21.52881789602021,16.760000000000005,12.0,873.0,21.52881789602021,536.1,531.0,494.0,602.0,108.0,523.5,549.5,838.0000000000002
522.4695780617279,522.14,22.0,885.0,18.554794528638684,18.554794528638684,14.643200000000002,22.0,885.0,18.554794528638684,522.14,525.0,484.0,573.0,89.0,506.5,532.0,732.1600000000001
532.6353349149866,532.08,19.0,1174.0,24.31611811124465,24.31611811124465,20.006400000000003,19.0,1174.0,24.31611811124465,532.08,532.0,486.0,579.0,93.0,515.75,554.25,1000.3200000000002
513.3737151710939,512.734693877551,27.0,1359.0,25.60673979376275,25.60673979376275,20.19991670137443,27.0,1359.0,25.60673979376275,512.734693877551,515.0,449.0,560.0,111.0,498.0,529.0,989.7959183673472
508.0160824225942,506.02,14.0,1409.0,44.98999444320926,44.98999444320926,37.0992,14.0,1409.0,44.98999444320926,506.02,507.0,417.0,597.0,180.0,477.25,542.75,1854.96
532.6061959834865,523.84,10.0,2275.0,96.23416441160592,96.23416441160592,74.05279999999999,10.0,2275.0,96.23416441160592,523.84,535.0,317.0,736.0,419.0,460.75,562.75,3702.64
483.9458234141504,483.04,9.0,706.0,29.5959186375419,29.5959186375419,25.249600000000008,9.0,706.0,29.5959186375419,483.04,476.5,438.0,544.0,106.0,459.5,507.75,1262.4800000000005
516.192541596641,515.66,24.0,1255.0,23.441510190258647,23.441510190258647,19.8328,24.0,1255.0,23.441510190258647,515.66,513.5,472.0,565.0,93.0,498.5,535.0,991.64
554.2890762048265,553.06,11.0,1185.0,36.89195576274047,36.89195576274047,27.292800000000007,11.0,1185.0,36.89195576274047,553.06,557.0,422.0,619.0,197.0,537.25,580.0,1364.6400000000003
514.8281849316332,511.86,19.0,2435.0,55.20326439622932,55.20326439622932,43.8824,19.0,2435.0,55.20326439622932,511.86,524.5,374.0,627.0,253.0,475.75,544.75,2194.12
512.2412322334078,511.44,23.0,1568.0,28.6392458001254,28.6392458001254,22.4128,23.0,1568.0,28.6392458001254,511.44,508.5,444.0,612.0,168.0,493.25,528.75,1120.64
516.1241323557734,515.8,15.0,717.0,18.28879438344693,18.28879438344693,15.144000000000004,15.0,717.0,18.28879438344693,515.8,517.5,479.0,553.0,74.0,503.25,528.5,757.2000000000003
496.1769845528912,496.08,25.0,596.0,9.80987257817348,9.80987257817348,8.209599999999998,25.0,596.0,9.80987257817348,496.08,493.5,477.0,519.0,42.0,490.0,502.0,410.4799999999999
543.3340386456755,540.5714285714286,8.0,1239.0,54.72118568950518,54.72118568950518,45.60932944606415,8.0,1239.0,54.72118568950518,540.5714285714286,538.0,460.0,655.0,195.0,490.0,587.0,2234.857142857143
493.4877303439266,492.98,10.0,668.0,22.379892761137167,22.379892761137167,16.7016,10.0,668.0,22.37989276113717,492.98,494.5,444.0,552.0,108.0,482.25,504.0,835.0799999999999
519.3333418913136,519.2,28.0,677.0,11.76775254668452,11.76775254668452,10.071999999999996,28.0,677.0,11.76775254668452,519.2,521.0,494.0,543.0,49.0,508.25,527.75,503.5999999999999
511.3711959037192,511.14,27.0,895.0,15.3753178828927,15.3753178828927,11.9112,27.0,895.0,15.375317882892698,511.14,511.0,483.0,553.0,70.0,502.0,519.0,595.56
511.7625230514638,509.88,20.0,2051.0,43.855052160498,43.855052160498,36.9952,20.0,2051.0,43.855052160498,509.88,505.0,420.0,604.0,184.0,483.5,540.75,1849.76
515.234917295014,515.02,23.0,775.0,14.8801747301569,14.8801747301569,11.661599999999998,23.0,775.0,14.8801747301569,515.02,512.5,484.0,555.0,71.0,506.25,522.5,583.0799999999999
519.5989414923783,519.46,15.0,506.0,12.015340194934142,12.015340194934142,9.94,15.0,506.0,12.015340194934142,519.46,519.0,498.0,548.0,50.0,509.25,527.75,497.0
558.7527473337927,558.1836734693877,14.0,926.0,25.21149192890284,25.21149192890284,19.248646397334443,14.0,926.0,25.211491928902834,558.1836734693877,556.0,507.0,632.0,125.0,545.0,569.0,943.1836734693876
485.4721619207429,484.46,17.0,1068.0,31.332545380163417,31.332545380163417,26.1616,17.0,1068.0,31.332545380163424,484.46,485.5,426.0,547.0,121.0,466.0,510.25,1308.08
515.2056288512384,514.68,26.0,1395.0,23.266662846227003,23.266662846227003,19.0128,26.0,1395.0,23.266662846227003,514.68,515.5,467.0,564.0,97.0,499.0,532.75,950.64
522.3507633764882,521.88,23.0,1097.0,22.171729747586227,22.171729747586227,17.456,23.0,1097.0,22.171729747586227,521.88,519.0,481.0,591.0,110.0,508.0,538.75,872.8
527.1618347338889,526.56,29.0,1243.0,25.18266070136355,25.18266070136355,17.955200000000005,29.0,1243.0,25.182660701363545,526.56,528.5,461.0,602.0,141.0,516.0,536.5,897.7600000000002
564.8759686869322,564.02,15.0,1167.0,31.085359898190017,31.085359898190017,25.024,15.0,1167.0,31.085359898190013,564.02,560.0,509.0,641.0,132.0,545.5,586.5,1251.1999999999998
519.1360900573183,518.6,16.0,818.0,23.58643678048891,23.58643678048891,21.12,16.0,818.0,23.58643678048891,518.6,520.0,482.0,562.0,80.0,496.25,538.75,1056.0
492.8478061227421,492.72,32.0,737.0,11.223261558032052,11.223261558032052,8.937600000000002,32.0,737.0,11.22326155803205,492.72,492.0,467.0,521.0,54.0,484.25,501.75,446.8800000000001
515.7830163935218,515.36,25.0,1050.0,20.885171773294086,20.885171773294086,16.788800000000002,25.0,1050.0,20.885171773294086,515.36,514.5,469.0,573.0,104.0,503.0,533.0,839.44
518.6432685382122,517.68,34.0,2172.0,31.595214827565268,31.595214827565268,26.28,34.0,2172.0,31.595214827565265,517.68,517.5,461.0,591.0,130.0,491.75,540.5,1314.0
509.7265933811969,509.6,21.0,536.0,11.35957745693034,11.35957745693034,9.231999999999998,21.0,536.0,11.359577456930342,509.6,510.5,484.0,538.0,54.0,502.25,518.0,461.5999999999999
494.9474113479128,494.66,21.0,834.0,16.864886599085093,16.864886599085093,13.4464,21.0,834.0,16.864886599085096,494.66,494.0,456.0,528.0,72.0,485.0,507.25,672.3199999999999
528.241497801905,525.96,12.0,1344.0,49.04241429619875,49.04241429619875,38.5648,12.0,1344.0,49.04241429619875,525.96,534.0,417.0,624.0,207.0,495.0,549.5,1928.24
555.1293182673745,555.04,19.0,404.0,9.957831089147875,9.957831089147875,7.796800000000003,19.0,404.0,9.957831089147875,555.04,556.5,524.0,572.0,48.0,548.5,563.0,389.84000000000015
574.2460099991988,573.76,19.0,1153.0,23.62080438935135,23.62080438935135,19.0304,19.0,1153.0,23.62080438935135,573.76,571.5,521.0,632.0,111.0,558.25,588.0,951.52
496.1649927191559,495.46,22.0,1539.0,26.44027987748995,26.44027987748995,21.0664,22.0,1539.0,26.44027987748995,495.46,497.0,434.0,557.0,123.0,476.25,511.5,1053.3200000000002
569.6485934328285,568.72,16.0,1229.0,32.51279132895236,32.51279132895236,27.0288,16.0,1229.0,32.51279132895236,568.72,565.5,509.0,641.0,132.0,547.5,589.0,1351.44
507.47340817031983,507.3,22.0,614.0,13.26536844569347,13.26536844569347,10.124,22.0,614.0,13.26536844569347,507.3,506.0,474.0,534.0,60.0,501.0,515.25,506.2000000000001
480.4663359695453,480.38,17.0,468.0,9.107996486604506,9.107996486604506,7.5552,17.0,468.0,9.107996486604504,480.38,479.0,456.0,502.0,46.0,474.0,488.0,377.76
500.5380105446538,500.1,25.0,1067.0,20.935376758014176,20.935376758014176,15.932,25.0,1067.0,20.93537675801417,500.1,501.0,449.0,552.0,103.0,484.25,512.0,796.5999999999999
499.3770319107598,498.78,12.0,993.0,24.41171030468779,24.41171030468779,18.1136,12.0,993.0,24.41171030468779,498.78,496.0,443.0,574.0,131.0,485.25,511.0,905.6799999999998
499.2987282178876,497.62,11.0,1451.0,40.90911389898344,40.90911389898344,31.98,11.0,1451.0,40.90911389898344,497.62,498.0,420.0,650.0,230.0,467.0,523.0,1599.0
499.62405866811497,498.6,14.0,1038.0,31.972488173428104,31.972488173428104,26.456,14.0,1038.0,31.972488173428104,498.6,499.5,420.0,560.0,140.0,472.25,522.75,1322.7999999999995
510.2344951098465,510.0,19.0,646.0,15.467385040788246,15.467385040788246,12.12,19.0,646.0,15.467385040788246,510.0,509.0,467.0,548.0,81.0,500.0,519.75,606.0
495.7316814568139,493.78,9.0,1392.0,43.94555267601034,43.94555267601034,36.8064,9.0,1392.0,43.94555267601034,493.78,502.0,387.0,593.0,206.0,461.75,525.5,1840.32
506.4448834769683,505.46,25.0,1555.0,31.569105150447328,31.569105150447328,23.296800000000005,25.0,1555.0,31.569105150447328,505.46,504.0,419.0,600.0,181.0,491.0,524.5,1164.84
499.447114317422,499.3,22.0,638.0,12.12146855789347,12.12146855789347,9.328,22.0,638.0,12.121468557893468,499.3,500.0,471.0,531.0,60.0,492.0,506.0,466.4
490.9805902477205,489.94,16.0,995.0,31.94896555445888,31.94896555445888,25.9824,16.0,995.0,31.94896555445888,489.94,493.5,426.0,550.0,124.0,471.0,512.5,1299.12
527.1592928138515,526.32,15.0,1106.0,29.735124011848345,29.735124011848345,22.091200000000008,15.0,1106.0,29.735124011848345,526.32,522.5,476.0,620.0,144.0,509.25,543.5,1104.5600000000004
589.2983964003296,589.0,27.0,1090.0,18.75099997333476,18.75099997333476,14.52,27.0,1090.0,18.75099997333476,589.0,588.5,533.0,636.0,103.0,578.5,603.75,726.0
522.5690193649065,522.22,20.0,1013.0,19.095852952931956,19.095852952931956,15.22,20.0,1013.0,19.095852952931956,522.22,522.5,473.0,560.0,87.0,509.0,536.5,761.0
507.07673975444783,506.94,28.0,619.0,11.775245220376515,11.775245220376515,9.2624,28.0,619.0,11.775245220376515,506.94,507.0,480.0,538.0,58.0,498.0,512.0,463.12
524.3524768702824,524.2,22.0,640.0,12.644366334458995,12.644366334458995,10.216000000000005,22.0,640.0,12.644366334458995,524.2,523.5,495.0,555.0,60.0,514.0,532.75,510.8000000000002
517.035395306743,516.92,25.0,662.0,10.923076489707467,10.923076489707467,9.16,25.0,662.0,10.923076489707467,516.92,516.5,499.0,547.0,48.0,507.25,526.0,458.0
551.0339372488777,550.36,9.0,908.0,27.24463983979234,27.24463983979234,22.72,9.0,908.0,27.24463983979234,550.36,550.0,498.0,615.0,117.0,527.25,568.25,1136.0
536.4703160474025,536.2,19.0,834.0,17.028211884986632,17.028211884986632,13.023999999999996,19.0,834.0,17.028211884986632,536.2,538.0,478.0,566.0,88.0,527.0,549.0,651.1999999999998
509.76804529118925,509.46,28.0,1039.0,17.719153478651286,17.719153478651286,13.7152,28.0,1039.0,17.719153478651286,509.46,507.0,482.0,555.0,73.0,497.0,516.75,685.76
493.8022681195378,492.72,31.0,2055.0,32.675397472716384,32.675397472716384,24.406400000000005,31.0,2055.0,32.675397472716384,492.72,487.5,423.0,612.0,189.0,473.5,511.0,1220.3200000000002
545.8474878571852,545.2,20.0,1224.0,26.578939030743868,26.578939030743868,22.888,20.0,1224.0,26.57893903074387,545.2,543.0,493.0,594.0,101.0,522.25,569.0,1144.4
473.2406364631,472.66,18.0,1010.0,23.435537117804664,23.435537117804664,18.327999999999992,18.0,1010.0,23.435537117804664,472.66,475.5,408.0,511.0,103.0,460.5,489.5,916.3999999999996
491.9894714320623,490.84,13.0,1139.0,33.6115218340378,33.6115218340378,27.387199999999996,13.0,1139.0,33.6115218340378,490.84,488.5,423.0,557.0,134.0,472.25,513.75,1369.3599999999997
516.6308436121759,516.4897959183673,26.0,655.0,12.07142425862914,12.07142425862914,9.86755518533944,26.0,655.0,12.071424258629142,516.4897959183673,517.0,494.0,543.0,49.0,508.0,525.0,483.5102040816327
496.6924199139745,496.28,21.0,982.0,20.23664003731845,20.23664003731845,15.895999999999994,21.0,982.0,20.23664003731845,496.28,493.0,466.0,561.0,95.0,482.25,509.5,794.7999999999997
512.38309886256,512.08,25.0,936.0,17.62139608544113,17.62139608544113,14.756799999999998,25.0,936.0,17.62139608544113,512.08,514.0,480.0,559.0,79.0,499.0,524.75,737.8399999999999
242.38230133407015,232.9,8.0,1051.0,67.1324809611562,67.1324809611562,55.80799999999999,8.0,1051.0,67.1324809611562,232.9,222.0,97.0,358.0,261.0,191.5,298.75,2790.4
565.7700592997123,565.24,17.0,897.0,24.484738103561572,24.484738103561572,18.9984,17.0,897.0,24.48473810356157,565.24,563.5,503.0,615.0,112.0,551.25,579.75,949.92
506.7599963272072,506.265306122449,18.0,1094.0,22.386015596663118,22.386015596663118,17.342773844231573,18.0,1094.0,22.38601559666311,506.265306122449,506.0,460.0,564.0,104.0,492.0,518.0,849.795918367347
523.2569923087507,522.96,9.0,671.0,17.62720624489315,17.62720624489315,13.921599999999998,9.0,671.0,17.62720624489315,522.96,523.0,492.0,563.0,71.0,512.0,532.75,696.0799999999999
491.5154321076806,488.3,15.0,2012.0,56.12958221829199,56.12958221829199,45.70399999999999,15.0,2012.0,56.12958221829199,488.3,494.0,338.0,604.0,266.0,443.25,528.75,2285.2
513.0325525734211,512.72,19.0,786.0,17.905351155450706,17.905351155450706,14.577600000000002,19.0,786.0,17.90535115545071,512.72,510.5,465.0,548.0,83.0,502.0,528.0,728.8800000000001
520.1409542084702,519.9183673469388,23.0,724.0,15.215240392172149,15.215240392172149,11.61765930862141,23.0,724.0,15.215240392172149,519.9183673469388,518.0,487.0,565.0,78.0,510.0,528.0,569.2653061224491
542.0274347300144,541.5,23.0,1156.0,23.90585702291386,23.90585702291386,20.06,23.0,1156.0,23.90585702291386,541.5,541.5,493.0,588.0,95.0,522.25,559.0,1003.0
525.7410579363191,525.06,20.0,1338.0,26.75175508261093,26.75175508261093,23.215200000000003,20.0,1338.0,26.751755082610934,525.06,531.5,475.0,566.0,91.0,503.25,547.5,1160.7600000000002
531.0881847678406,526.98,8.0,1376.0,65.92980812955548,65.92980812955548,54.1816,8.0,1376.0,65.92980812955548,526.98,531.0,403.0,662.0,259.0,474.25,583.25,2709.08
556.9070658556955,553.24,8.0,1465.0,63.80425064210064,63.80425064210064,43.856,8.0,1465.0,63.80425064210064,553.24,540.0,449.0,761.0,312.0,519.0,559.75,2192.8
524.3930014788527,523.82,14.0,977.0,24.507704910905066,24.507704910905066,18.761599999999994,14.0,977.0,24.507704910905066,523.82,528.0,444.0,589.0,145.0,511.0,537.0,938.0799999999996
494.94567378652783,494.78,30.0,759.0,12.805139593147745,12.805139593147745,10.593599999999997,30.0,759.0,12.805139593147745,494.78,492.0,467.0,531.0,64.0,486.25,503.5,529.6799999999998
511.4664602884533,505.5,8.0,1704.0,77.89537855354449,77.89537855354449,57.8,8.0,1704.0,77.89537855354449,505.5,495.5,367.0,689.0,322.0,462.5,532.75,2890.0
521.658834871988,521.5,26.0,681.0,12.87206277175496,12.87206277175496,10.6,26.0,681.0,12.87206277175496,521.5,521.0,501.0,553.0,52.0,511.25,528.75,530.0
504.2960836651421,504.06,14.0,682.0,15.429076446761162,15.429076446761162,12.9096,14.0,682.0,15.429076446761162,504.06,500.5,474.0,541.0,67.0,492.0,515.75,645.48
521.2543153053889,520.8367346938776,22.0,1159.0,20.86041749124893,20.86041749124893,17.397750937109535,22.0,1159.0,20.86041749124893,520.8367346938776,524.0,483.0,580.0,97.0,504.0,535.0,852.4897959183672
494.5941770785418,494.48,23.0,555.0,10.626833959369083,10.626833959369083,8.816000000000004,23.0,555.0,10.626833959369083,494.48,491.5,475.0,519.0,44.0,487.0,500.5,440.8000000000002
508.5192425071052,507.94,26.0,1430.0,24.264715122992893,24.264715122992893,19.4976,26.0,1430.0,24.264715122992893,507.94,507.0,454.0,563.0,109.0,491.0,524.5,974.88
516.0996221661086,515.94,21.0,606.0,12.834967861276477,12.834967861276477,10.262399999999998,21.0,606.0,12.834967861276477,515.94,516.0,485.0,545.0,60.0,507.25,525.75,513.1199999999999
523.6278067482666,523.24,22.0,1150.0,20.14900493820973,20.14900493820973,15.64,22.0,1150.0,20.14900493820973,523.24,521.5,473.0,567.0,94.0,511.25,532.0,782.0
516.2199143775839,516.0,18.0,635.0,15.066519173319364,15.066519173319364,11.2,18.0,635.0,15.066519173319364,516.0,516.0,472.0,548.0,76.0,507.25,523.75,560.0
515.6005818460643,515.0,29.0,1637.0,24.878906728391424,24.878906728391424,19.68,29.0,1637.0,24.878906728391424,515.0,514.0,448.0,582.0,134.0,499.25,533.25,984.0
523.8028445894505,523.62,25.0,792.0,13.838916142530818,13.838916142530818,11.5744,25.0,792.0,13.838916142530817,523.62,520.5,489.0,552.0,63.0,514.0,533.75,578.72
546.2231778311865,545.56,17.0,1096.0,26.90811030154292,26.90811030154292,22.04,17.0,1096.0,26.90811030154292,545.56,547.0,485.0,614.0,129.0,524.75,565.75,1102.0
509.15149022663184,508.68,20.0,879.0,21.906565225977342,21.906565225977342,18.3456,20.0,879.0,21.906565225977342,508.68,512.5,464.0,547.0,83.0,492.0,522.0,917.28
525.4739384593684,521.3,5.0,1339.0,66.09969742744667,66.09969742744667,54.71199999999999,5.0,1339.0,66.09969742744667,521.3,518.0,403.0,662.0,259.0,471.0,573.5,2735.5999999999995
501.1268502086074,500.4,31.0,1578.0,26.980733866965146,26.980733866965146,20.24,31.0,1578.0,26.980733866965146,500.4,500.0,449.0,603.0,154.0,483.5,516.25,1012.0
532.0097743462991,531.88,17.0,523.0,11.750131914153132,11.750131914153132,9.9952,17.0,523.0,11.750131914153132,531.88,531.0,508.0,552.0,44.0,523.0,542.0,499.76
515.7059045618927,515.22,11.0,853.0,22.38150129012797,22.38150129012797,18.7712,11.0,853.0,22.381501290127968,515.22,517.0,468.0,562.0,94.0,500.0,531.75,938.56
541.0904730264616,540.46,16.0,1007.0,26.112992934552715,26.112992934552715,21.364799999999995,16.0,1007.0,26.11299293455272,540.46,544.5,482.0,595.0,113.0,520.25,559.75,1068.2399999999998
541.3779271451691,539.54,13.0,1210.0,44.57183415566382,44.57183415566382,36.74,13.0,1210.0,44.57183415566382,539.54,539.0,430.0,655.0,225.0,510.5,573.0,1837.0
520.0856275653077,519.74,23.0,1121.0,18.957647533383454,18.957647533383454,14.4096,23.0,1121.0,18.957647533383454,519.74,517.0,482.0,579.0,97.0,507.25,528.75,720.48
521.9534149202769,521.1632653061224,31.0,1749.0,28.709201354252272,28.709201354252272,24.493127863390253,31.0,1749.0,28.70920135425227,521.1632653061224,520.0,474.0,593.0,119.0,496.0,543.0,1200.1632653061224
527.7214606210364,526.74,16.0,1150.0,32.170054398461936,32.170054398461936,26.94,16.0,1150.0,32.170054398461936,526.74,527.5,477.0,600.0,123.0,501.25,546.0,1347.0
510.1230635836808,509.78,20.0,949.0,18.7053895976534,18.7053895976534,15.526400000000002,20.0,949.0,18.7053895976534,509.78,511.5,471.0,558.0,87.0,495.25,524.0,776.3200000000002
553.9024101770997,553.76,12.0,380.0,12.559554132213451,12.559554132213451,10.4192,12.0,380.0,12.559554132213451,553.76,554.0,528.0,583.0,55.0,545.5,564.0,520.96
506.994437839312,506.32,19.0,1383.0,26.14225697984013,26.14225697984013,21.8528,19.0,1383.0,26.14225697984013,506.32,504.5,456.0,560.0,104.0,487.0,527.75,1092.64
498.7749793243442,498.64,20.0,657.0,11.60303408596217,11.60303408596217,9.3168,20.0,657.0,11.60303408596217,498.64,497.0,476.0,524.0,48.0,491.25,505.75,465.8399999999999
496.2766567147804,496.12,29.0,763.0,12.46858452271147,12.46858452271147,9.7248,29.0,763.0,12.46858452271147,496.12,496.0,470.0,529.0,59.0,489.0,504.5,486.24
522.1137807030187,521.24,28.0,2014.0,30.19374769716406,30.19374769716406,24.0512,28.0,2014.0,30.19374769716406,521.24,523.0,461.0,591.0,130.0,502.75,541.0,1202.56
491.68624141824426,490.92,24.0,1611.0,27.43927112734593,27.43927112734593,21.7696,24.0,1611.0,27.43927112734593,490.92,491.5,428.0,552.0,124.0,473.0,512.0,1088.48
490.1697123841655,489.6530612244898,26.0,1271.0,22.49947937756689,22.49947937756689,17.89087880049979,26.0,1271.0,22.49947937756689,489.6530612244898,489.0,416.0,534.0,118.0,474.0,504.0,876.6530612244899
505.1528481558824,504.72,19.0,1119.0,20.90745321649674,20.90745321649674,16.606400000000004,19.0,1119.0,20.90745321649674,504.72,501.0,465.0,552.0,87.0,492.25,517.0,830.3200000000002
493.82476649111067,493.46,19.0,842.0,18.977049296452808,18.977049296452808,14.241599999999998,19.0,842.0,18.977049296452805,493.46,494.5,446.0,537.0,91.0,486.25,505.0,712.0799999999999
503.8636409063974,502.9607843137255,13.0,927.0,30.14992653346086,30.14992653346086,25.52864282968089,13.0,927.0,30.149926533460864,502.9607843137255,499.0,455.0,565.0,110.0,477.0,521.5,1301.9607843137255
511.01135016748896,510.24,21.0,1294.0,28.06674901017216,28.06674901017216,22.5792,21.0,1294.0,28.066749010172163,510.24,509.0,444.0,573.0,129.0,489.0,530.75,1128.96
498.6175488287592,498.5,17.0,563.0,10.82635672791175,10.82635672791175,8.24,17.0,563.0,10.82635672791175,498.5,498.0,466.0,520.0,54.0,493.0,506.75,412.0
511.66277957264,510.48,32.0,2137.0,34.77024014872489,34.77024014872489,27.316800000000004,32.0,2137.0,34.77024014872489,510.48,500.0,450.0,621.0,171.0,486.75,527.5,1365.84
498.6005014036789,498.18,18.0,659.0,20.473094538930845,20.473094538930845,15.8056,18.0,659.0,20.473094538930845,498.18,500.0,454.0,546.0,92.0,487.25,511.0,790.28
517.6034002979502,517.48,24.0,651.0,11.30175207655875,11.30175207655875,9.24,24.0,651.0,11.30175207655875,517.48,517.5,491.0,547.0,56.0,508.0,526.75,462.0
509.65504019876033,509.5,25.0,679.0,12.570202862324855,12.570202862324855,10.0,25.0,679.0,12.570202862324855,509.5,507.0,477.0,544.0,67.0,501.5,517.0,500.0
544.1338622067184,543.9,17.0,655.0,15.951488958714794,15.951488958714794,13.184,17.0,655.0,15.951488958714796,543.9,545.0,507.0,575.0,68.0,533.75,557.0,659.2
521.2646928384848,520.8,24.0,1235.0,22.00545386943882,22.00545386943882,17.52,24.0,1235.0,22.00545386943882,520.8,520.5,480.0,588.0,108.0,504.25,532.75,876.0
496.01756017302455,495.94,30.0,548.0,8.771339692430114,8.771339692430114,6.9848,30.0,548.0,8.771339692430114,495.94,496.0,478.0,517.0,39.0,490.0,501.75,349.24
542.2575402887451,542.16,18.0,490.0,10.28466820077342,10.28466820077342,8.507200000000003,18.0,490.0,10.28466820077342,542.16,544.5,522.0,563.0,41.0,534.5,548.0,425.3600000000001
501.06087454519934,500.92,22.0,637.0,11.880808053327014,11.880808053327014,9.4704,22.0,637.0,11.880808053327014,500.92,499.0,471.0,532.0,61.0,493.25,507.0,473.5200000000001
517.7805387174278,517.5882352941177,26.0,808.0,14.110455684736449,14.110455684736449,10.712802768166082,26.0,808.0,14.110455684736449,517.5882352941177,520.0,471.0,548.0,77.0,510.0,525.0,546.3529411764702
470.6383749759469,470.56,17.0,336.0,8.588736810497805,8.588736810497805,6.715199999999999,17.0,336.0,8.588736810497805,470.56,471.0,454.0,492.0,38.0,464.75,475.0,335.76
500.2089563372491,499.32,23.0,1584.0,29.80834782405761,29.80834782405761,24.68,23.0,1584.0,29.80834782405761,499.32,497.0,456.0,586.0,130.0,475.25,516.0,1234.0
504.38778732241326,504.24,26.0,705.0,12.209111351773313,12.209111351773313,10.311999999999998,26.0,705.0,12.209111351773316,504.24,507.0,466.0,522.0,56.0,494.25,513.75,515.5999999999999
489.8695369843956,487.0204081632653,13.0,1336.0,52.75685071905436,52.75685071905436,43.814244064972925,13.0,1336.0,52.75685071905436,487.0204081632653,496.0,353.0,563.0,210.0,454.0,528.0,2146.8979591836733
507.5591394113597,506.88,12.0,674.0,26.24777323888638,26.24777323888638,20.0352,12.0,674.0,26.24777323888638,506.88,506.0,454.0,578.0,124.0,495.5,522.75,1001.76
525.0005523806618,524.1,32.0,1901.0,30.737111119947496,30.737111119947496,23.472,32.0,1901.0,30.737111119947496,524.1,521.0,479.0,640.0,161.0,506.25,544.5,1173.6
489.7433205261712,489.4,27.0,1023.0,18.334666618185345,18.334666618185345,14.744000000000002,27.0,1023.0,18.334666618185345,489.4,490.5,450.0,535.0,85.0,479.25,502.75,737.2
500.54382425517946,499.56,17.0,1450.0,31.3676011196266,31.3676011196266,25.32,17.0,1450.0,31.3676011196266,499.56,499.5,417.0,575.0,158.0,481.5,522.5,1266.0
505.1679522693418,504.22,22.0,1814.0,30.93301795816244,30.93301795816244,25.0688,22.0,1814.0,30.93301795816244,504.22,503.0,436.0,585.0,149.0,481.0,528.0,1253.44
586.3158193328916,586.04,22.0,937.0,17.982168945930855,17.982168945930855,14.686399999999994,22.0,937.0,17.982168945930855,586.04,584.0,550.0,625.0,75.0,576.25,598.0,734.3199999999997
499.6095275312512,498.12,25.0,1872.0,38.55055901021411,38.55055901021411,29.694399999999995,25.0,1872.0,38.55055901021411,498.12,494.0,431.0,619.0,188.0,470.5,515.0,1484.7199999999998
515.6341920392789,515.54,25.0,508.0,9.855374168442312,9.855374168442312,8.58,25.0,508.0,9.855374168442312,515.54,515.5,495.0,534.0,39.0,507.0,524.0,429.0
530.0598079462354,529.68,18.0,907.0,20.062342834275363,20.062342834275363,16.414399999999997,18.0,907.0,20.062342834275363,529.68,527.0,495.0,579.0,84.0,514.25,540.75,820.7199999999998
535.4979174635912,535.1960784313726,29.0,1053.0,17.97713101479934,17.97713101479934,14.207612456747407,29.0,1053.0,17.97713101479934,535.1960784313726,533.0,503.0,587.0,84.0,522.0,543.5,724.5882352941178
534.2740120949175,532.76,12.0,1487.0,40.19331287664653,40.19331287664653,31.8176,12.0,1487.0,40.19331287664654,532.76,542.5,430.0,606.0,176.0,511.0,557.0,1590.88
515.3337559291066,513.52,7.0,1118.0,43.19825922418634,43.19825922418634,32.2976,7.0,1118.0,43.19825922418634,513.52,519.0,369.0,601.0,232.0,495.0,545.75,1614.88
484.28006739227806,483.9591836734694,21.0,863.0,17.626463388283792,17.626463388283792,13.388588088296544,21.0,863.0,17.626463388283792,483.9591836734694,485.0,443.0,527.0,84.0,474.0,494.0,656.0408163265306
491.6149712935927,491.28,30.0,1148.0,18.145015844578367,18.145015844578367,14.526400000000002,30.0,1148.0,18.145015844578367,491.28,494.0,453.0,537.0,84.0,478.25,504.5,726.3200000000002
538.9438560740813,537.72,20.0,1662.0,36.29988429733627,36.29988429733627,29.9712,20.0,1662.0,36.29988429733626,537.72,541.5,433.0,619.0,186.0,517.5,564.0,1498.56
508.9109941826763,508.08,11.0,945.0,29.07083762123135,29.07083762123135,24.1904,11.0,945.0,29.07083762123135,508.08,509.5,455.0,565.0,110.0,483.0,533.5,1209.52
500.506403555439,500.38,15.0,457.0,11.247915362412716,11.247915362412716,9.4752,15.0,457.0,11.247915362412716,500.38,498.5,476.0,527.0,51.0,491.25,509.0,473.76
512.0736470469848,511.42,18.0,1169.0,25.86510390468208,25.86510390468208,20.9,18.0,1169.0,25.86510390468208,511.42,512.5,460.0,567.0,107.0,497.0,530.75,1045.0
502.6719805201002,501.96,22.0,1327.0,26.744689192435946,26.744689192435946,20.8816,22.0,1327.0,26.744689192435946,501.96,504.0,431.0,564.0,133.0,483.5,517.75,1044.0800000000002
492.29558194239365,492.18,30.0,659.0,10.667127073397037,10.667127073397037,8.8928,30.0,659.0,10.667127073397037,492.18,494.0,467.0,513.0,46.0,485.0,498.75,444.64
505.7645301916693,505.64,25.0,641.0,11.222762583250168,11.222762583250168,9.127999999999997,25.0,641.0,11.222762583250168,505.64,504.0,479.0,532.0,53.0,499.25,515.75,456.3999999999999
516.6804815357359,516.36,25.0,954.0,18.195340062774317,18.195340062774317,14.6544,25.0,954.0,18.195340062774317,516.36,515.5,473.0,550.0,77.0,504.25,529.0,732.72
514.9371417949961,514.78,22.0,613.0,12.720518857342258,12.720518857342258,10.082399999999998,22.0,613.0,12.720518857342258,514.78,513.5,485.0,545.0,60.0,507.0,521.75,504.1199999999999
504.74124063722,502.72,9.0,1306.0,45.125620217344384,45.125620217344384,37.6576,9.0,1306.0,45.125620217344384,502.72,493.5,417.0,597.0,180.0,469.25,534.75,1882.88
521.6393198369924,521.46,29.0,792.0,13.67656389594989,13.67656389594989,10.601599999999998,29.0,792.0,13.67656389594989,521.46,522.5,478.0,555.0,77.0,514.0,530.0,530.0799999999999
524.0845351658452,523.88,12.0,594.0,14.640546437889537,14.640546437889537,11.8944,12.0,594.0,14.640546437889537,523.88,525.0,485.0,554.0,69.0,510.25,534.25,594.72
526.8138760511154,525.38,12.0,1107.0,38.842188403847686,38.842188403847686,33.435199999999995,12.0,1107.0,38.84218840384769,525.38,525.0,464.0,605.0,141.0,491.5,560.5,1671.7599999999998
519.7558850075677,517.7,13.0,1227.0,46.18322206169682,46.18322206169682,32.783999999999985,13.0,1227.0,46.18322206169682,517.7,527.5,371.0,588.0,217.0,508.0,544.75,1639.1999999999994
514.0854209175748,513.5,23.0,1239.0,24.52692398161661,24.52692398161661,20.76,23.0,1239.0,24.52692398161661,513.5,511.0,468.0,563.0,95.0,498.0,531.75,1038.0
525.1376391004552,524.9,24.0,764.0,15.796518603793684,15.796518603793684,11.66,24.0,764.0,15.796518603793686,524.9,524.0,498.0,578.0,80.0,515.25,531.75,583.0
550.1809702270699,549.82,23.0,1009.0,19.92655514633676,19.92655514633676,15.62,23.0,1009.0,19.92655514633676,549.82,549.5,495.0,592.0,97.0,535.0,565.75,781.0
515.8195614747467,515.5,18.0,868.0,18.15406290613757,18.15406290613757,14.52,18.0,868.0,18.15406290613757,515.5,513.0,473.0,559.0,86.0,506.25,528.5,726.0
522.8884393443788,522.76,16.0,516.0,11.588891232555426,11.588891232555426,9.04,16.0,516.0,11.588891232555426,522.76,522.5,499.0,550.0,51.0,514.0,528.0,452.0
509.3817821634378,506.56,22.0,1729.0,53.54219270818109,53.54219270818109,41.12479999999999,22.0,1729.0,53.54219270818109,506.56,499.5,414.0,650.0,236.0,470.5,529.25,2056.24
503.7148201115389,502.98,22.0,1457.0,27.198154349146563,27.198154349146563,21.1808,22.0,1457.0,27.198154349146566,502.98,504.0,436.0,566.0,130.0,485.0,516.5,1059.04
499.3623734323602,498.74,28.0,1391.0,24.92373166281486,24.92373166281486,18.5088,28.0,1391.0,24.92373166281486,498.74,494.5,455.0,603.0,148.0,484.25,511.0,925.44
514.801884223436,514.42,28.0,1116.0,19.825327235634724,19.825327235634724,15.723200000000002,28.0,1116.0,19.825327235634727,514.42,516.5,470.0,564.0,94.0,501.0,527.5,786.1600000000001
518.4689784670372,518.1632653061224,26.0,908.0,17.802025726024013,17.802025726024013,14.125780924614745,26.0,908.0,17.802025726024013,518.1632653061224,515.0,492.0,574.0,82.0,504.0,531.0,692.1632653061224
526.3903684529191,525.94,23.0,1026.0,21.77008038570368,21.77008038570368,16.39199999999999,23.0,1026.0,21.77008038570368,525.94,529.0,459.0,575.0,116.0,510.5,538.0,819.5999999999995
486.7577220753668,486.2,21.0,1115.0,23.2946345753695,23.2946345753695,18.984,21.0,1115.0,23.294634575369496,486.2,488.5,439.0,531.0,92.0,469.75,500.75,949.2
521.5378090555946,521.4117647058823,28.0,688.0,11.465509182211743,11.465509182211743,9.079584775086502,28.0,688.0,11.465509182211743,521.4117647058823,521.0,494.0,546.0,52.0,514.5,528.5,463.0588235294116
542.3146319250477,541.64,15.0,1044.0,27.04201175948269,27.04201175948269,21.8432,15.0,1044.0,27.04201175948269,541.64,545.0,482.0,592.0,110.0,526.25,564.0,1092.16
524.995238073642,524.92,20.0,400.0,8.887834381895289,8.887834381895289,7.063999999999992,20.0,400.0,8.887834381895287,524.92,523.5,501.0,548.0,47.0,519.25,529.0,353.1999999999996
494.01321844663227,493.86,26.0,716.0,12.302861455775236,12.302861455775236,9.9,26.0,716.0,12.302861455775238,493.86,493.5,468.0,527.0,59.0,485.0,500.75,495.0
507.6009259250814,507.42,31.0,766.0,13.551516520301334,13.551516520301334,10.06,31.0,766.0,13.551516520301334,507.42,507.5,478.0,545.0,67.0,499.25,513.75,503.0
485.7823998458569,485.06,20.0,1151.0,26.48275665409475,26.48275665409475,20.22,20.0,1151.0,26.48275665409475,485.06,485.0,428.0,556.0,128.0,465.75,496.75,1011.0
517.6045401655592,517.18,24.0,1195.0,20.95966602787363,20.95966602787363,16.845600000000005,24.0,1195.0,20.95966602787363,517.18,520.0,462.0,552.0,90.0,501.5,528.75,842.2800000000002
512.6580926894649,512.44,28.0,827.0,14.952136971015214,14.952136971015214,11.017600000000002,28.0,827.0,14.952136971015214,512.44,511.5,484.0,564.0,80.0,502.25,520.0,550.8800000000001
523.9715450289261,523.7,26.0,959.0,16.866831356244717,16.866831356244717,13.06,26.0,959.0,16.866831356244717,523.7,524.0,472.0,554.0,82.0,513.25,532.75,653.0
499.0334056954504,498.46,19.0,1142.0,23.91586084589054,23.91586084589054,19.7984,19.0,1142.0,23.91586084589054,498.46,496.5,440.0,550.0,110.0,482.25,515.25,989.9199999999998
526.6715485005811,526.32,32.0,1175.0,19.24,19.24,14.96,32.0,1175.0,19.24,526.32,527.0,490.0,587.0,97.0,511.25,534.75,748.0
492.80487010580566,492.48,33.0,1171.0,17.891048040849924,17.891048040849924,14.183999999999996,33.0,1171.0,17.891048040849924,492.48,495.0,453.0,537.0,84.0,479.25,504.5,709.1999999999998
536.1098208389769,535.58,23.0,1198.0,23.828629838914363,23.828629838914363,19.363200000000003,23.0,1198.0,23.828629838914363,535.58,535.0,481.0,585.0,104.0,516.75,553.25,968.16
517.4562396956868,517.36,23.0,512.0,9.97949898542006,9.97949898542006,8.436799999999998,23.0,512.0,9.97949898542006,517.36,519.0,495.0,535.0,40.0,508.25,525.0,421.8399999999999
532.6589903493604,530.72,10.0,1145.0,45.40794644112416,45.40794644112416,38.177600000000005,10.0,1145.0,45.40794644112416,530.72,526.5,464.0,655.0,191.0,493.5,566.25,1908.88
515.9243940657942,515.6666666666666,25.0,898.0,16.30549849117627,16.30549849117627,12.549019607843135,25.0,898.0,16.30549849117627,515.6666666666666,515.0,483.0,553.0,70.0,503.5,523.5,639.9999999999999
495.8674217973994,495.78,29.0,565.0,9.310832401026236,9.310832401026236,7.411199999999999,29.0,565.0,9.310832401026238,495.78,494.5,479.0,518.0,39.0,489.25,502.75,370.56
500.428816116738,498.76,10.0,1117.0,40.83457358660673,40.83457358660673,35.08,10.0,1117.0,40.83457358660673,498.76,499.5,411.0,574.0,163.0,465.5,533.25,1754.0
511.2282660416969,511.06,20.0,723.0,13.115502277839,13.115502277839,10.512,20.0,723.0,13.115502277839,511.06,510.0,484.0,532.0,48.0,503.75,519.75,525.5999999999999
507.0659128752395,502.52,18.0,2062.0,67.74577182378248,67.74577182378248,47.0416,18.0,2062.0,67.74577182378248,502.52,497.0,275.0,667.0,392.0,479.25,542.75,2352.08
525.9682499923356,525.4,21.0,1405.0,24.442585787923505,24.442585787923505,20.336,21.0,1405.0,24.442585787923505,525.4,524.5,475.0,571.0,96.0,511.0,545.0,1016.8
469.2841143699624,468.66,17.0,1116.0,24.194718431922286,24.194718431922286,20.5528,17.0,1116.0,24.194718431922283,468.66,465.0,430.0,519.0,89.0,447.25,487.0,1027.64
506.0582179947284,505.76,28.0,941.0,17.370734008671022,17.370734008671022,13.8112,28.0,941.0,17.370734008671022,505.76,503.5,476.0,547.0,71.0,492.25,514.0,690.56
521.3069537230441,520.98,25.0,909.0,18.46021668345201,18.46021668345201,14.7808,25.0,909.0,18.46021668345201,520.98,522.0,471.0,556.0,85.0,507.0,535.25,739.04
495.5532056115032,495.265306122449,22.0,806.0,16.88952762138823,16.88952762138823,13.50603915035402,22.0,806.0,16.88952762138823,495.265306122449,494.0,456.0,528.0,72.0,485.0,510.0,661.795918367347
528.2881221454822,527.38,15.0,1203.0,30.962486980215267,30.962486980215267,26.035200000000003,15.0,1203.0,30.962486980215267,527.38,527.0,445.0,577.0,132.0,506.5,557.75,1301.7600000000002
546.5157913583848,546.1224489795918,25.0,1163.0,20.731158303740383,20.731158303740383,16.482299042065808,25.0,1163.0,20.731158303740383,546.1224489795918,547.0,507.0,591.0,84.0,532.0,559.0,807.6326530612246
512.5340183831703,505.44,16.0,3315.0,84.97956460232072,84.97956460232072,62.832,16.0,3315.0,84.97956460232072,505.44,521.5,188.0,679.0,491.0,484.5,554.0,3141.6
523.2765616765192,523.0,18.0,841.0,17.010584939971935,17.010584939971935,13.92,18.0,841.0,17.010584939971935,523.0,522.0,492.0,575.0,83.0,509.0,535.5,696.0
532.5975215864227,532.28,15.0,784.0,18.388083097484632,18.388083097484632,14.926400000000005,15.0,784.0,18.388083097484632,532.28,536.0,478.0,565.0,87.0,520.25,546.75,746.3200000000002
505.3873168175078,504.38,25.0,1688.0,31.892876947682225,31.892876947682225,24.42,25.0,1688.0,31.892876947682225,504.38,504.5,419.0,600.0,181.0,485.5,525.75,1221.0
523.6873494748561,523.6,32.0,576.0,9.564517760974674,9.564517760974674,7.903999999999996,32.0,576.0,9.564517760974674,523.6,525.0,499.0,542.0,43.0,515.25,531.75,395.1999999999998
518.4936836645168,517.66,29.0,1836.0,29.39088974495328,29.39088974495328,22.913599999999995,29.0,1836.0,29.39088974495328,517.66,520.5,436.0,593.0,157.0,499.25,534.0,1145.6799999999998
517.9733583882477,515.12,19.0,2452.0,54.293513424717695,54.293513424717695,43.64,19.0,2452.0,54.293513424717695,515.12,516.0,397.0,679.0,282.0,481.25,551.5,2182.0
552.8685377194112,552.66,31.0,903.0,15.183688616406751,15.183688616406751,11.380800000000004,31.0,903.0,15.183688616406751,552.66,554.0,507.0,591.0,84.0,545.25,561.75,569.0400000000002
505.0543139108902,504.7,13.0,676.0,18.91480901304584,18.91480901304584,14.807999999999998,13.0,676.0,18.914809013045836,504.7,504.0,450.0,559.0,109.0,491.25,517.75,740.3999999999999
467.4746838065137,466.82,13.0,966.0,24.731914604413465,24.731914604413465,20.9112,13.0,966.0,24.731914604413465,466.82,463.0,425.0,519.0,94.0,446.25,486.75,1045.56
531.5378343897592,530.5918367346939,18.0,1332.0,31.698141558442487,31.698141558442487,26.62057476051645,18.0,1332.0,31.698141558442487,530.5918367346939,532.0,477.0,600.0,123.0,508.0,553.0,1304.408163265306
526.4180657994176,526.02,25.0,1006.0,20.46801407073974,20.46801407073974,16.063999999999997,25.0,1006.0,20.46801407073974,526.02,523.0,494.0,579.0,85.0,512.25,536.75,803.1999999999998
523.0954597394247,522.7,22.0,1077.0,20.3364205306637,20.3364205306637,15.78,22.0,1077.0,20.3364205306637,522.7,522.5,480.0,588.0,108.0,508.0,533.0,789.0
492.23742238883057,491.48,17.0,953.0,27.29632942356902,27.29632942356902,20.36,17.0,953.0,27.29632942356902,491.48,491.5,420.0,560.0,140.0,476.75,504.0,1018.0
517.8831142255943,517.48,14.0,678.0,20.4296255472292,20.4296255472292,17.2784,14.0,678.0,20.4296255472292,517.48,516.0,476.0,558.0,82.0,500.0,534.75,863.9200000000001
513.2304745433576,512.08,12.0,1225.0,34.34521218452435,34.34521218452435,28.04,12.0,1225.0,34.34521218452435,512.08,512.5,445.0,577.0,132.0,487.5,537.5,1402.0
566.9655015959966,566.28,16.0,1096.0,27.871878300537983,27.871878300537983,22.2224,16.0,1096.0,27.871878300537983,566.28,564.0,507.0,632.0,125.0,549.0,584.75,1111.12
502.6578183545355,502.0196078431373,20.0,1271.0,25.321842230846084,25.321842230846084,19.66705113417916,20.0,1271.0,25.321842230846084,502.0196078431373,502.0,438.0,559.0,121.0,484.0,522.5,1003.0196078431372
498.7364634754511,496.62,12.0,1433.0,45.89810017854769,45.89810017854769,37.3896,12.0,1433.0,45.89810017854769,496.62,492.0,404.0,597.0,193.0,464.75,523.25,1869.48
532.0693375867472,531.94,24.0,599.0,11.731001662262264,11.731001662262264,9.332800000000006,24.0,599.0,11.731001662262264,531.94,530.0,506.0,562.0,56.0,524.25,541.0,466.6400000000003
514.2741070118708,514.1020408163265,22.0,739.0,13.30220926557964,13.30220926557964,10.8554768846314,22.0,739.0,13.30220926557964,514.1020408163265,512.0,486.0,547.0,61.0,503.0,525.0,531.9183673469386
578.4069847434417,577.96,21.0,1173.0,22.73495986361093,22.73495986361093,18.4032,21.0,1173.0,22.73495986361093,577.96,580.5,530.0,632.0,102.0,564.0,593.25,920.16
491.1599128593456,490.82,34.0,1197.0,18.269854952899877,18.269854952899877,14.7288,34.0,1197.0,18.269854952899877,490.82,493.0,453.0,537.0,84.0,479.0,503.0,736.44
512.3156579037316,512.1176470588235,24.0,772.0,14.242503441024311,14.242503441024311,10.500576701268743,24.0,772.0,14.242503441024311,512.1176470588235,511.0,483.0,548.0,65.0,505.5,517.0,535.529411764706
487.0756614736565,483.98,23.0,2277.0,54.82754417261455,54.82754417261455,40.6568,23.0,2277.0,54.82754417261455,483.98,474.0,370.0,643.0,273.0,454.25,508.75,2032.84
521.3763899525946,521.02,24.0,990.0,19.274324890900846,19.274324890900846,14.54,24.0,990.0,19.27432489090085,521.02,521.0,474.0,570.0,96.0,511.25,530.0,727.0
523.2945251003492,522.96,29.0,1106.0,18.70824417202213,18.70824417202213,14.007999999999992,29.0,1106.0,18.70824417202213,522.96,526.0,458.0,565.0,107.0,514.5,533.0,700.3999999999996
515.1473769709014,514.7,29.0,1289.0,21.464622055838763,21.464622055838763,17.1,29.0,1289.0,21.464622055838767,514.7,514.0,461.0,564.0,103.0,504.25,528.75,855.0
531.349320127541,531.02,23.0,887.0,18.70453420965088,18.70453420965088,14.303199999999997,23.0,887.0,18.70453420965088,531.02,528.5,489.0,581.0,92.0,518.5,541.25,715.1599999999999
542.3322597817688,542.24,18.0,459.0,10.003119513431797,10.003119513431797,8.1696,18.0,459.0,10.003119513431797,542.24,541.5,521.0,568.0,47.0,535.0,548.75,408.48
483.5423662927583,483.06,16.0,942.0,21.592971078570915,21.592971078570915,17.8224,16.0,942.0,21.592971078570915,483.06,480.5,424.0,537.0,113.0,469.0,498.0,891.1199999999999
487.66023007827897,486.66,16.0,1363.0,31.217693700848564,31.217693700848564,24.99280000000001,16.0,1363.0,31.217693700848564,486.66,474.5,431.0,579.0,148.0,468.25,506.75,1249.6400000000003
465.0618668521426,465.02,14.0,243.0,6.240160254352448,6.240160254352448,4.823999999999996,14.0,243.0,6.240160254352447,465.02,465.0,455.0,483.0,28.0,460.0,468.0,241.19999999999985
518.6357103015565,518.32,14.0,803.0,18.09357897155784,18.09357897155784,14.7872,14.0,803.0,18.09357897155784,518.32,520.5,479.0,556.0,77.0,506.25,530.0,739.3599999999999
503.4045490457948,499.86,10.0,1318.0,59.63321557655599,59.63321557655599,47.9344,10.0,1318.0,59.63321557655599,499.86,495.0,353.0,601.0,248.0,461.25,538.25,2396.7200000000003
497.8819628984282,497.7551020408163,23.0,623.0,11.238655254449403,11.238655254449403,9.443565181174511,23.0,623.0,11.238655254449403,497.7551020408163,499.0,477.0,518.0,41.0,489.0,508.0,462.734693877551
500.054477032253,499.88,25.0,767.0,13.208542690244066,13.208542690244066,10.6848,25.0,767.0,13.208542690244066,499.88,500.0,474.0,541.0,67.0,490.25,508.75,534.24
506.587011282366,506.4,29.0,827.0,13.763720427268202,13.763720427268202,10.656,29.0,827.0,13.763720427268202,506.4,504.5,486.0,547.0,61.0,497.0,511.75,532.8
509.113464760067,508.84,17.0,699.0,16.68455573277275,16.68455573277275,13.2128,17.0,699.0,16.684555732772747,508.84,510.0,478.0,559.0,81.0,496.0,518.75,660.6400000000001
502.7555270705634,502.6,27.0,728.0,12.504399225872469,12.504399225872469,10.791999999999998,27.0,728.0,12.504399225872469,502.6,506.5,466.0,520.0,54.0,493.25,512.0,539.5999999999999
525.1832632519814,524.66,21.0,1227.0,23.438097192391705,23.438097192391705,19.3,21.0,1227.0,23.438097192391705,524.66,526.0,478.0,579.0,101.0,508.25,541.5,965.0
522.1816925170777,522.08,25.0,586.0,10.30502789904035,10.30502789904035,8.046400000000004,25.0,586.0,10.30502789904035,522.08,521.5,500.0,547.0,47.0,516.0,528.75,402.32000000000016
523.4384777602809,523.16,33.0,1163.0,17.072035613833517,17.072035613833517,13.88,33.0,1163.0,17.072035613833517,523.16,523.5,490.0,557.0,67.0,510.0,533.75,694.0
551.9474069148256,551.82,15.0,392.0,11.858650850750264,11.858650850750264,10.067199999999998,15.0,392.0,11.858650850750264,551.82,552.0,528.0,576.0,48.0,543.25,562.75,503.3599999999999
519.9932691872078,519.64,16.0,866.0,19.16430014375688,19.16430014375688,14.4544,16.0,866.0,19.16430014375688,519.64,520.0,485.0,569.0,84.0,510.25,528.75,722.72
519.126997949442,518.84,22.0,880.0,17.25961760874209,17.25961760874209,14.139199999999995,22.0,880.0,17.25961760874209,518.84,520.0,484.0,558.0,74.0,505.0,528.5,706.9599999999998
589.4393946793851,562.8,10.0,2399.0,175.19977168934895,175.19977168934895,111.392,10.0,2399.0,175.19977168934895,562.8,540.5,31.0,978.0,947.0,500.0,595.25,5569.6
556.4564852708611,556.42,25.0,347.0,6.372095416736947,6.372095416736947,5.409600000000005,25.0,347.0,6.372095416736946,556.42,558.0,543.0,573.0,30.0,551.0,560.75,270.48000000000025
510.4666688433242,509.54,24.0,1509.0,30.744241737274965,30.744241737274965,22.5248,24.0,1509.0,30.744241737274965,509.54,507.0,431.0,616.0,185.0,494.25,528.75,1126.24
468.0299563062176,467.64,25.0,1098.0,19.10158108639177,19.10158108639177,14.92,25.0,1098.0,19.10158108639177,467.64,468.0,418.0,504.0,86.0,458.0,480.0,746.0
471.1662339344788,470.66,27.0,1192.0,21.835393287046603,21.835393287046603,17.713599999999996,27.0,1192.0,21.835393287046607,470.66,471.0,425.0,508.0,83.0,455.5,483.75,885.6799999999998
516.9313494072496,516.42,24.0,1219.0,22.9870311262677,22.9870311262677,17.156799999999997,24.0,1219.0,22.9870311262677,516.42,512.5,442.0,575.0,133.0,505.25,529.25,857.8399999999999
545.3347779116971,544.86,15.0,897.0,22.750832951784425,22.750832951784425,18.3744,15.0,897.0,22.750832951784425,544.86,543.5,500.0,604.0,104.0,525.0,559.75,918.72
467.9742300597331,467.56,26.0,1140.0,19.685690234279317,19.685690234279317,15.84,26.0,1140.0,19.685690234279317,467.56,467.5,420.0,501.0,81.0,453.25,484.0,792.0
500.2435206976698,499.58,21.0,1496.0,25.75662244938183,25.75662244938183,19.843200000000003,21.0,1496.0,25.75662244938183,499.58,499.0,442.0,564.0,122.0,483.5,512.0,992.16
505.2752715104906,504.82,20.0,1134.0,21.444523776479624,21.444523776479624,17.2712,20.0,1134.0,21.444523776479624,504.82,500.0,465.0,552.0,87.0,491.25,517.0,863.56
483.7317357346557,480.6666666666667,3.0,1081.0,54.36862801670004,54.36862801670004,46.00000000000001,3.0,1081.0,54.36862801670004,480.6666666666667,492.0,369.0,562.0,193.0,435.5,522.0,2346.0000000000005
508.5846045644717,508.38,18.0,707.0,14.424825822171996,14.424825822171996,12.0752,18.0,707.0,14.424825822171996,508.38,507.0,481.0,547.0,66.0,497.25,519.75,603.76
477.5194236887124,475.8,5.0,710.0,40.486540973513655,40.486540973513655,32.36,5.0,710.0,40.486540973513655,475.8,463.5,425.0,572.0,147.0,447.25,487.75,1618.0
494.2719938673125,493.8235294117647,27.0,1245.0,21.050551557538483,21.050551557538483,16.152249134948097,27.0,1245.0,21.050551557538487,493.8235294117647,491.0,435.0,544.0,109.0,481.5,508.5,823.7647058823529
512.2268510521246,511.734693877551,31.0,1337.0,22.44883116834051,22.44883116834051,17.13619325281133,31.0,1337.0,22.44883116834051,511.734693877551,509.0,448.0,582.0,134.0,499.0,526.0,839.6734693877552
506.9014697157624,506.7,19.0,738.0,14.290206436577463,14.290206436577463,12.188000000000002,19.0,738.0,14.290206436577463,506.7,511.0,468.0,532.0,64.0,494.0,517.0,609.4000000000001
494.0554624735972,493.68,14.0,585.0,19.257663409666293,19.257663409666293,14.723200000000002,14.0,585.0,19.257663409666293,493.68,489.0,456.0,546.0,90.0,482.25,501.0,736.1600000000001
521.8013223440507,521.38,28.0,1296.0,20.9646273518038,20.9646273518038,16.2048,28.0,1296.0,20.9646273518038,521.38,523.0,463.0,575.0,112.0,507.25,532.0,810.24
496.5312477578828,495.84,26.0,1538.0,26.19111299658722,26.19111299658722,20.4672,26.0,1538.0,26.191112996587226,495.84,493.5,454.0,571.0,117.0,475.25,507.75,1023.36
513.9869842710027,513.7,24.0,910.0,17.173526137634052,17.173526137634052,13.608000000000002,24.0,910.0,17.173526137634052,513.7,513.0,480.0,563.0,83.0,502.0,525.5,680.4000000000001
509.8734352758535,509.12,13.0,1235.0,27.70822260629505,27.70822260629505,19.7648,13.0,1235.0,27.70822260629505,509.12,508.0,435.0,589.0,154.0,495.25,520.75,988.24
518.6950163631805,518.32,22.0,1034.0,19.720486809407117,19.720486809407117,15.532800000000002,22.0,1034.0,19.72048680940712,518.32,515.5,480.0,575.0,95.0,504.25,529.5,776.6400000000001
517.5373223256464,517.12,14.0,869.0,20.77945138833073,20.77945138833073,16.48,14.0,869.0,20.77945138833073,517.12,518.5,444.0,549.0,105.0,506.0,531.75,824.0
524.1191849188502,523.28,23.0,1651.0,29.647286553747204,29.647286553747204,22.96,23.0,1651.0,29.647286553747204,523.28,523.0,457.0,584.0,127.0,507.25,540.75,1148.0
513.2011301624345,512.96,21.0,775.0,15.730174824203322,15.730174824203322,12.078400000000002,21.0,775.0,15.730174824203322,512.96,511.5,462.0,551.0,89.0,503.0,524.0,603.9200000000001
522.3209932598918,522.22,23.0,562.0,10.270910378345242,10.270910378345242,8.1088,23.0,562.0,10.270910378345242,522.22,522.0,501.0,550.0,49.0,517.0,528.0,405.44000000000005
493.6085493586998,493.48,27.0,626.0,11.264528396697308,11.264528396697308,8.6,27.0,626.0,11.264528396697308,493.48,494.0,462.0,525.0,63.0,488.25,501.0,430.0
506.97550236673175,506.8,22.0,630.0,13.338665600426452,13.338665600426452,10.176000000000002,22.0,630.0,13.338665600426456,506.8,504.5,487.0,546.0,59.0,497.25,512.5,508.80000000000007
486.7989523406968,485.98,35.0,1897.0,28.225158989809074,28.225158989809074,22.4168,35.0,1897.0,28.225158989809074,485.98,482.0,431.0,553.0,122.0,466.0,503.25,1120.84
515.8920817380317,515.44,26.0,1253.0,21.59273952049624,21.59273952049624,16.467199999999995,26.0,1253.0,21.592739520496234,515.44,519.0,462.0,571.0,109.0,503.0,528.5,823.3599999999997
517.7341788987859,517.4,23.0,1033.0,18.59892470010027,18.59892470010027,14.487999999999998,23.0,1033.0,18.598924700100277,517.4,515.5,480.0,570.0,90.0,505.25,525.75,724.3999999999999
568.8537597660755,568.6,19.0,957.0,16.98940846527624,16.98940846527624,14.151999999999996,19.0,957.0,16.98940846527624,568.6,570.5,533.0,606.0,73.0,554.25,582.0,707.5999999999999
521.477382059855,521.34,27.0,674.0,11.969310757098755,11.969310757098755,9.2336,27.0,674.0,11.969310757098755,521.34,521.0,494.0,546.0,52.0,514.25,527.75,461.68000000000006
521.6608476778758,521.52,33.0,799.0,12.12145205823131,12.12145205823131,9.5808,33.0,799.0,12.12145205823131,521.52,520.5,489.0,546.0,57.0,515.0,529.5,479.04
461.5375607683518,461.24,26.0,930.0,16.57052805434999,16.57052805434999,13.8304,26.0,930.0,16.57052805434999,461.24,463.0,429.0,500.0,71.0,448.0,474.0,691.52
530.8862966775466,530.46,19.0,935.0,21.270834492327754,21.270834492327754,17.693600000000007,19.0,935.0,21.27083449232775,530.46,525.0,498.0,581.0,83.0,515.5,547.0,884.6800000000003
560.674183461304,560.06,18.0,1170.0,26.23616587842057,26.23616587842057,21.3048,18.0,1170.0,26.23616587842057,560.06,558.5,506.0,619.0,113.0,542.0,581.5,1065.2399999999998
515.8370285274217,515.28,21.0,1207.0,23.96584235949156,23.96584235949156,20.52,21.0,1207.0,23.96584235949156,515.28,516.0,468.0,563.0,95.0,499.0,535.25,1026.0
519.3291056738492,518.8,25.0,1360.0,23.4367233204644,23.4367233204644,18.288,25.0,1360.0,23.4367233204644,518.8,519.0,461.0,580.0,119.0,506.25,532.25,914.4
518.0164476153243,516.84,20.0,1732.0,34.89203920667292,34.89203920667292,26.387200000000004,20.0,1732.0,34.89203920667292,516.84,515.5,438.0,626.0,188.0,493.25,534.5,1319.36
513.1487503638687,512.6,33.0,1514.0,23.725092202139063,23.725092202139063,18.664,33.0,1514.0,23.725092202139063,512.6,509.0,448.0,582.0,134.0,497.5,526.75,933.2
493.28300193702194,491.76,10.0,1141.0,38.73270452731128,38.73270452731128,32.8208,10.0,1141.0,38.73270452731128,491.76,488.5,411.0,574.0,163.0,463.5,520.75,1641.04
557.0127287594064,556.54,17.0,898.0,22.94359169790118,22.94359169790118,18.5584,17.0,898.0,22.94359169790118,556.54,558.5,501.0,600.0,99.0,544.25,575.25,927.92
517.1299643223161,516.52,30.0,1525.0,25.10955196732909,25.10955196732909,19.8416,30.0,1525.0,25.10955196732909,516.52,515.0,461.0,587.0,126.0,496.75,530.75,992.08
521.899128184748,521.46,22.0,1225.0,21.404868605062727,21.404868605062727,16.2784,22.0,1225.0,21.404868605062727,521.46,519.0,469.0,567.0,98.0,509.5,531.75,813.9200000000001
484.1342375829249,483.64,24.0,1269.0,21.870308639797475,21.870308639797475,17.403200000000002,24.0,1269.0,21.870308639797475,483.64,485.0,441.0,538.0,97.0,468.25,495.75,870.1600000000001
510.7824781646293,507.94,21.0,1635.0,53.81167531307681,53.81167531307681,41.8552,21.0,1635.0,53.81167531307681,507.94,499.5,414.0,650.0,236.0,470.5,531.5,2092.76
506.93895095958055,506.82,28.0,638.0,10.981238545810758,10.981238545810758,8.2744,28.0,638.0,10.98123854581076,506.82,507.0,486.0,546.0,60.0,498.5,512.0,413.72
519.5740370726775,518.98,22.0,1343.0,24.83826886077208,24.83826886077208,19.82,22.0,1343.0,24.83826886077208,518.98,519.5,454.0,587.0,133.0,504.0,532.5,991.0
503.3891139069259,502.16,14.0,1200.0,35.1558586867111,35.1558586867111,27.528,14.0,1200.0,35.1558586867111,502.16,508.0,400.0,565.0,165.0,478.0,525.0,1376.4
488.8466426191347,488.0,16.0,1176.0,28.758303148829903,28.758303148829903,22.92,16.0,1176.0,28.758303148829903,488.0,488.5,428.0,556.0,128.0,465.0,507.0,1146.0
491.1040419300171,491.02,19.0,425.0,9.085130709021197,9.085130709021197,7.0223999999999975,19.0,425.0,9.085130709021197,491.02,491.0,470.0,516.0,46.0,484.25,496.75,351.1199999999999
515.4956643852594,513.62,8.0,1132.0,43.934901843522994,43.934901843522994,33.4504,8.0,1132.0,43.934901843522994,513.62,519.0,369.0,601.0,232.0,495.0,543.5,1672.52
532.3604042375804,531.64,17.0,1050.0,27.685924221524555,27.685924221524555,22.2368,17.0,1050.0,27.685924221524555,531.64,528.5,488.0,614.0,126.0,512.0,549.75,1111.84
494.4467413180109,494.3,23.0,602.0,12.045331045679069,12.045331045679069,8.687999999999999,23.0,602.0,12.04533104567907,494.3,495.0,462.0,530.0,68.0,489.0,501.0,434.4
497.9734531076933,497.0,26.0,1764.0,31.121696611849423,31.121696611849423,25.4,26.0,1764.0,31.121696611849423,497.0,495.5,428.0,560.0,132.0,473.0,518.0,1270.0
490.1692360807643,489.52,22.0,1319.0,25.220023790631124,25.220023790631124,19.2608,22.0,1319.0,25.220023790631128,489.52,489.0,435.0,564.0,129.0,473.5,505.25,963.04
522.5773052860218,522.24,23.0,1194.0,18.77291666204269,18.77291666204269,15.2992,23.0,1194.0,18.77291666204269,522.24,521.5,491.0,566.0,75.0,506.25,534.75,764.96
500.6821147195094,500.42,27.0,948.0,16.198876504251768,16.198876504251768,12.8432,27.0,948.0,16.198876504251768,500.42,501.5,455.0,532.0,77.0,491.0,510.75,642.1600000000001
490.02163217556017,489.68,31.0,1108.0,18.294742414147297,18.294742414147297,14.7856,31.0,1108.0,18.294742414147297,489.68,491.0,451.0,537.0,86.0,479.25,502.75,739.28
507.4208509708682,506.96,19.0,1149.0,21.62124880759666,21.62124880759666,18.003200000000003,19.0,1149.0,21.62124880759666,506.96,508.0,462.0,554.0,92.0,491.25,519.75,900.1600000000001
496.9166529710994,496.72,20.0,711.0,13.97861223441011,13.97861223441011,12.2224,20.0,711.0,13.97861223441011,496.72,499.5,472.0,524.0,52.0,484.5,509.0,611.1199999999999
499.9724592415066,498.22,11.0,982.0,41.82453347020144,41.82453347020144,34.30479999999999,11.0,982.0,41.82453347020143,498.22,509.0,396.0,562.0,166.0,476.0,524.25,1715.2399999999998
510.1530750666902,509.76,22.0,989.0,20.022547290492287,20.022547290492287,16.6688,22.0,989.0,20.022547290492287,509.76,512.0,459.0,548.0,89.0,492.25,523.75,833.44
520.6161541865562,520.3,24.0,909.0,18.14083790788066,18.14083790788066,14.151999999999996,24.0,909.0,18.14083790788066,520.3,519.5,485.0,574.0,89.0,508.25,531.75,707.5999999999999
526.3530944147665,520.02,9.0,1804.0,81.40503424236121,81.40503424236121,66.22319999999999,9.0,1804.0,81.4050342423612,520.02,503.5,367.0,689.0,322.0,465.25,569.25,3311.16
494.85183641166776,494.62,11.0,544.0,15.145811302138954,15.145811302138954,12.3856,11.0,544.0,15.145811302138952,494.62,496.0,449.0,521.0,72.0,486.0,505.0,619.28
548.0447062056161,547.76,27.0,1038.0,17.663023523734548,17.663023523734548,14.3488,27.0,1038.0,17.663023523734548,547.76,549.0,516.0,588.0,72.0,532.0,562.0,717.44
547.5293782072338,528.74,10.0,2594.0,142.20559904588848,142.20559904588848,93.6184,10.0,2594.0,142.20559904588848,528.74,516.5,271.0,1022.0,751.0,473.25,573.25,4680.92
499.7654649933306,498.8,10.0,655.0,31.049637679045468,31.049637679045468,22.6,10.0,655.0,31.049637679045468,498.8,501.0,425.0,578.0,153.0,483.25,514.0,1130.0
524.9279760119477,524.82,18.0,525.0,10.646482987353147,10.646482987353147,8.445600000000004,18.0,525.0,10.646482987353147,524.82,524.0,502.0,550.0,48.0,516.5,531.0,422.2800000000002
504.0138093346253,503.52,30.0,1191.0,22.30537155036876,22.30537155036876,16.1616,30.0,1191.0,22.30537155036876,503.52,502.5,456.0,583.0,127.0,493.0,515.0,808.0799999999999
517.9214112539605,516.0392156862745,10.0,1216.0,44.114806008740125,44.114806008740125,37.64167627835448,10.0,1216.0,44.11480600874012,516.0392156862745,530.0,400.0,582.0,182.0,476.5,551.0,1919.725490196079
484.95911167850016,484.22,21.0,1432.0,26.764371840190837,26.764371840190837,21.3888,21.0,1432.0,26.764371840190837,484.22,483.0,437.0,552.0,115.0,464.0,498.75,1069.44
506.5570648998985,506.42,21.0,586.0,11.783191418287323,11.783191418287323,8.876800000000001,21.0,586.0,11.783191418287322,506.42,505.5,479.0,532.0,53.0,500.5,512.0,443.84
497.55028460878776,496.48979591836735,8.0,669.0,32.4679574846287,32.4679574846287,25.9316951270304,8.0,669.0,32.4679574846287,496.48979591836735,511.0,416.0,539.0,123.0,477.0,518.0,1270.6530612244896
520.0216149353794,519.64,27.0,1207.0,19.918594327913805,19.918594327913805,16.6144,27.0,1207.0,19.918594327913805,519.64,520.5,479.0,560.0,81.0,505.25,534.0,830.72
525.0551209158901,524.56,22.0,1253.0,22.796631330089102,22.796631330089102,18.577600000000004,22.0,1253.0,22.796631330089102,524.56,525.0,481.0,575.0,94.0,509.5,540.25,928.88
557.447701582848,557.34,16.0,396.0,10.9573902002256,10.9573902002256,8.886399999999998,16.0,396.0,10.9573902002256,557.34,558.0,529.0,583.0,54.0,549.75,565.0,444.32
461.22081479482256,460.84,23.0,941.0,18.738580522547597,18.738580522547597,15.492800000000004,23.0,941.0,18.73858052254759,460.84,462.0,427.0,501.0,74.0,447.25,474.0,774.6400000000001
513.6410809115641,513.08,25.0,1314.0,24.00153328435498,24.00153328435498,18.246400000000005,25.0,1314.0,24.00153328435498,513.08,512.5,470.0,586.0,116.0,495.25,527.0,912.3200000000002
520.804781084045,520.06,30.0,1755.0,27.842708201609987,27.842708201609987,21.495200000000004,30.0,1755.0,27.842708201609984,520.06,523.0,436.0,571.0,135.0,506.25,535.75,1074.7600000000002
488.9683216813162,488.4117647058824,21.0,1043.0,23.32311524494424,23.32311524494424,17.808535178777394,21.0,1043.0,23.32311524494424,488.4117647058824,487.0,437.0,540.0,103.0,477.5,504.0,908.2352941176472
490.2704559730272,489.08,15.0,1278.0,34.14489127234117,34.14489127234117,27.683200000000003,15.0,1278.0,34.14489127234117,489.08,488.5,423.0,557.0,134.0,461.5,513.0,1384.16
507.42747265003305,506.64,31.0,1694.0,28.25863407880855,28.25863407880855,21.9536,31.0,1694.0,28.25863407880855,506.64,500.0,450.0,574.0,124.0,491.25,521.5,1097.6799999999998
521.527717384225,521.32,21.0,720.0,14.717934637713268,14.717934637713268,12.24,21.0,720.0,14.717934637713268,521.32,522.0,492.0,551.0,59.0,511.5,530.75,612.0
474.8237481810853,474.6122448979592,24.0,797.0,14.170703216647745,14.170703216647745,11.742607246980423,24.0,797.0,14.170703216647745,474.6122448979592,476.0,439.0,501.0,62.0,466.0,485.0,575.3877551020408
518.490385638924,518.0,26.0,1379.0,22.54506597905626,22.54506597905626,18.08,26.0,1379.0,22.54506597905626,518.0,521.5,469.0,568.0,99.0,503.25,530.75,904.0
519.6218047772823,519.42,22.0,770.0,14.48045579393135,14.48045579393135,12.243200000000002,22.0,770.0,14.480455793931348,519.42,520.5,492.0,551.0,59.0,506.5,530.0,612.1600000000001
483.8826923955846,483.14,25.0,1542.0,26.79926118384609,26.79926118384609,22.0656,25.0,1542.0,26.79926118384609,483.14,481.5,418.0,546.0,128.0,464.25,502.75,1103.2799999999995
492.8155638776032,492.38,28.0,1277.0,20.715105599537743,20.715105599537743,15.6904,28.0,1277.0,20.715105599537743,492.38,490.5,435.0,544.0,109.0,480.75,507.0,784.52
510.7432231562158,510.4,25.0,990.0,18.7211110781385,18.7211110781385,15.247999999999998,25.0,990.0,18.7211110781385,510.4,505.0,478.0,563.0,85.0,498.25,523.5,762.3999999999999
475.7505228583569,475.48,25.0,850.0,16.041496189570346,16.041496189570346,12.596800000000004,25.0,850.0,16.04149618957035,475.48,472.0,442.0,516.0,74.0,467.0,485.75,629.8400000000001
514.2240756712972,514.0,25.0,893.0,15.17893276880822,15.17893276880822,11.48,25.0,893.0,15.17893276880822,514.0,513.5,484.0,563.0,79.0,502.25,521.0,574.0
483.8411463507013,481.3921568627451,9.0,822.0,48.61940161082818,48.61940161082818,28.145328719723192,9.0,822.0,48.61940161082818,481.3921568627451,494.0,270.0,523.0,253.0,484.5,504.5,1435.411764705883
523.9089927201682,523.6938775510204,15.0,663.0,15.011837616963067,15.011837616963067,12.381507705122864,15.0,663.0,15.01183761696307,523.6938775510204,523.0,485.0,554.0,69.0,510.0,535.0,606.6938775510204
499.5920535797182,499.3,30.0,977.0,17.080105386091738,17.080105386091738,13.048000000000002,30.0,977.0,17.080105386091738,499.3,501.0,462.0,547.0,85.0,488.75,507.75,652.4000000000001
503.518539877133,503.32,25.0,776.0,14.138514773483104,14.138514773483104,11.292800000000002,25.0,776.0,14.138514773483104,503.32,502.0,481.0,547.0,66.0,491.5,511.75,564.6400000000001
521.6281050710362,521.44,13.0,573.0,14.007369488951165,14.007369488951165,11.475200000000005,13.0,573.0,14.007369488951165,521.44,518.5,491.0,551.0,60.0,513.0,532.75,573.7600000000002
527.5229175793489,527.4081632653061,20.0,506.0,11.002631164624807,11.002631164624807,8.368179925031239,20.0,506.0,11.002631164624804,527.4081632653061,526.0,501.0,563.0,62.0,521.0,533.0,410.0408163265307
402.7486809413533,401.98,20.0,1190.0,24.87126052294093,24.87126052294093,19.6976,20.0,1190.0,24.871260522940933,401.98,398.0,364.0,485.0,121.0,381.25,414.75,984.88
517.7152499202626,516.88,19.0,1603.0,29.39635351535969,29.39635351535969,20.995200000000004,19.0,1603.0,29.39635351535969,516.88,515.5,421.0,580.0,159.0,503.75,531.75,1049.7600000000002
537.5969865986974,537.0,25.0,1305.0,25.32824510304652,25.32824510304652,20.68,25.0,1305.0,25.32824510304652,537.0,533.0,487.0,585.0,98.0,520.25,555.5,1034.0
532.0579291768895,531.68,21.0,1061.0,20.050376555067487,20.050376555067487,16.027199999999997,21.0,1061.0,20.050376555067487,531.68,530.5,494.0,577.0,83.0,515.5,545.0,801.3599999999999
524.9550456943908,524.16,19.0,1262.0,28.88069251247276,28.88069251247276,22.4,19.0,1262.0,28.88069251247276,524.16,525.0,460.0,583.0,123.0,506.5,543.0,1120.0
496.4102738662849,496.24,30.0,759.0,13.00086150991541,13.00086150991541,10.5792,30.0,759.0,13.00086150991541,496.24,492.0,474.0,531.0,57.0,488.0,502.75,528.96
507.9837202115832,507.02,15.0,1099.0,31.275862897768302,31.275862897768302,25.5808,15.0,1099.0,31.275862897768302,507.02,503.5,449.0,577.0,128.0,483.5,524.0,1279.04
525.3725535274945,524.72,25.0,1470.0,26.17711978044949,26.17711978044949,22.24,25.0,1470.0,26.17711978044949,524.72,524.5,475.0,571.0,96.0,505.25,546.0,1112.0
496.9443429600542,496.84,23.0,584.0,10.183044731316857,10.183044731316857,8.4736,23.0,584.0,10.183044731316857,496.84,494.5,477.0,519.0,42.0,490.0,502.75,423.68
497.16880063669583,497.0612244897959,13.0,444.0,10.341926089240758,10.341926089240758,8.437317784256559,13.0,444.0,10.341926089240758,497.0612244897959,496.0,476.0,518.0,42.0,490.0,506.0,413.4285714285713
507.5327969698116,506.62,24.0,1353.0,30.42557476860544,30.42557476860544,22.4848,24.0,1353.0,30.42557476860544,506.62,506.0,438.0,580.0,142.0,492.25,518.0,1124.2399999999998
501.0812798135567,500.8979591836735,24.0,715.0,13.552987317297388,13.552987317297388,10.291545189504376,24.0,715.0,13.552987317297386,500.8979591836735,499.0,479.0,544.0,65.0,494.0,509.0,504.2857142857145
525.8269487198236,525.22,21.0,1453.0,25.257307853371863,25.257307853371863,20.9888,21.0,1453.0,25.257307853371863,525.22,523.0,475.0,575.0,100.0,507.25,544.75,1049.44
502.2979195656697,502.04,24.0,862.0,16.094669925164666,16.094669925164666,13.6032,24.0,862.0,16.094669925164666,502.04,499.5,475.0,548.0,73.0,489.0,514.0,680.1600000000001
496.9789130335411,496.84,20.0,564.0,11.74965531409326,11.74965531409326,9.8464,20.0,564.0,11.74965531409326,496.84,498.5,472.0,517.0,45.0,488.25,504.0,492.3200000000001
533.660941047778,533.1020408163265,18.0,1133.0,24.417495315198117,24.417495315198117,20.26738858808829,18.0,1133.0,24.41749531519811,533.1020408163265,532.0,486.0,579.0,93.0,519.0,557.0,993.1020408163264
542.1328066073847,541.9,13.0,427.0,15.886157496386597,15.886157496386597,12.828,13.0,427.0,15.886157496386597,541.9,542.5,505.0,569.0,64.0,531.0,554.75,641.4000000000001
525.3019512623192,525.06,19.0,498.0,15.941656124756925,15.941656124756925,12.377600000000005,19.0,498.0,15.941656124756925,525.06,527.0,482.0,556.0,74.0,515.75,534.0,618.8800000000001
516.0218987601204,515.52,28.0,1406.0,22.75367223109272,22.75367223109272,17.7408,28.0,1406.0,22.75367223109272,515.52,514.5,464.0,590.0,126.0,498.25,529.75,887.04
531.8068929870799,530.9387755102041,14.0,1362.0,30.37413518598585,30.37413518598585,23.075385256143274,14.0,1362.0,30.37413518598584,530.9387755102041,528.0,462.0,625.0,163.0,513.0,552.0,1130.6938775510205
511.7031365938653,511.22,22.0,1161.0,22.23087042830307,22.23087042830307,17.3576,22.0,1161.0,22.23087042830307,511.22,508.0,475.0,585.0,110.0,496.0,522.0,867.8800000000001
526.2216453168759,526.06,27.0,741.0,13.04210105772839,13.04210105772839,11.262399999999998,27.0,741.0,13.04210105772839,526.06,524.5,504.0,552.0,48.0,515.0,536.5,563.1199999999999
496.31286503575546,494.5,13.0,1294.0,42.381717756598775,42.381717756598775,34.06,13.0,1294.0,42.381717756598775,494.5,494.0,404.0,597.0,193.0,465.25,516.75,1703.0
502.6463497740498,501.8627450980392,10.0,887.0,28.05598017958,28.05598017958,24.30757400999616,10.0,887.0,28.05598017958,501.8627450980392,504.0,447.0,552.0,105.0,480.5,524.5,1239.6862745098042
490.83928123164713,490.16,30.0,1596.0,25.81422863461157,25.81422863461157,20.32,30.0,1596.0,25.81422863461157,490.16,490.0,434.0,549.0,115.0,471.0,506.75,1016.0
518.7480891531071,518.42,21.0,1000.0,18.44677749635421,18.44677749635421,13.956799999999998,21.0,1000.0,18.44677749635421,518.42,517.5,480.0,570.0,90.0,507.0,525.75,697.8399999999999
648.4600373191859,625.94,4.0,2206.0,169.4093751833115,169.4093751833115,134.34959999999998,4.0,2206.0,169.4093751833115,625.94,671.0,249.0,958.0,709.0,511.0,726.75,6717.48
521.7190814988464,521.4,15.0,811.0,18.243903091169937,18.243903091169937,14.376,15.0,811.0,18.243903091169937,521.4,521.0,479.0,568.0,89.0,509.75,533.0,718.8
514.2281400312511,514.02,27.0,791.0,14.629408737197824,14.629408737197824,11.063199999999997,27.0,791.0,14.629408737197824,514.02,513.0,484.0,563.0,79.0,505.0,521.75,553.1599999999999
493.51360670198346,492.92,13.0,637.0,24.198214810187963,24.198214810187963,18.711999999999996,13.0,637.0,24.198214810187963,492.92,501.0,425.0,526.0,101.0,488.0,508.75,935.5999999999996
507.5642422393445,506.78,24.0,1470.0,28.204460640118608,28.204460640118608,21.296,24.0,1470.0,28.20446064011861,506.78,503.5,456.0,600.0,144.0,491.5,524.5,1064.7999999999995
502.3146424304193,502.2,14.0,426.0,10.731262740237051,10.731262740237051,9.095999999999998,14.0,426.0,10.731262740237051,502.2,501.0,481.0,527.0,46.0,495.0,510.75,454.8
521.0815675112678,520.8,15.0,724.0,17.127755252805315,17.127755252805315,14.343999999999996,15.0,724.0,17.127755252805315,520.8,519.5,484.0,555.0,71.0,508.0,535.0,717.1999999999998
536.404567467504,534.62,11.0,1054.0,43.71859558586026,43.71859558586026,33.864000000000004,11.0,1054.0,43.71859558586026,534.62,528.0,457.0,648.0,191.0,507.25,555.5,1693.2000000000005
477.5890283496889,476.92,20.0,1393.0,25.27040957325385,25.27040957325385,21.387200000000004,20.0,1393.0,25.27040957325385,476.92,473.0,431.0,538.0,107.0,459.25,497.0,1069.36
483.9101362856538,482.78,17.0,1447.0,33.0528606931382,33.0528606931382,26.384799999999995,17.0,1447.0,33.0528606931382,482.78,474.0,431.0,579.0,148.0,460.25,505.25,1319.2399999999998
503.205584229746,502.66,17.0,1114.0,23.426147784046787,23.426147784046787,19.792800000000003,17.0,1114.0,23.426147784046787,502.66,502.0,468.0,554.0,86.0,484.0,519.5,989.64
502.1570869757789,502.02,26.0,661.0,11.732842792776182,11.732842792776182,9.2608,26.0,661.0,11.732842792776182,502.02,502.0,479.0,538.0,59.0,494.25,509.0,463.04
525.870911618312,524.8039215686274,28.0,2060.0,33.482228009265405,33.482228009265405,25.4632833525567,28.0,2060.0,33.482228009265405,524.8039215686274,521.0,467.0,640.0,173.0,502.0,545.0,1298.6274509803918
511.75285050500696,511.62,20.0,547.0,11.66,11.66,9.7952,20.0,547.0,11.659999999999998,511.62,512.0,492.0,534.0,42.0,502.0,521.5,489.76
488.41836574805416,487.62,18.0,1189.0,27.914791777837067,27.914791777837067,21.4848,18.0,1189.0,27.914791777837067,487.62,487.0,428.0,556.0,128.0,468.5,502.5,1074.2399999999998
521.7069100558282,521.06,20.0,1014.0,25.97260864834336,25.97260864834336,20.17280000000001,20.0,1014.0,25.97260864834335,521.06,525.0,464.0,576.0,112.0,508.25,537.25,1008.6400000000004
543.9379744051706,543.84,21.0,452.0,10.323487782721497,10.323487782721497,8.060800000000004,21.0,452.0,10.323487782721497,543.84,542.5,517.0,570.0,53.0,538.25,549.75,403.0400000000002
586.5894475695927,586.3,21.0,981.0,18.425254408012933,18.425254408012933,15.323999999999996,21.0,981.0,18.425254408012933,586.3,586.0,550.0,625.0,75.0,574.25,598.0,766.1999999999998
516.9515064297617,516.62,24.0,1000.0,18.51041868786333,18.51041868786333,15.3152,24.0,1000.0,18.51041868786333,516.62,518.0,473.0,547.0,74.0,506.25,530.0,765.76
500.197608009898,499.6862745098039,23.0,1175.0,22.61137159343522,22.61137159343522,18.969627066512874,23.0,1175.0,22.61137159343522,499.6862745098039,505.0,451.0,535.0,84.0,480.0,518.5,967.4509803921568
484.5190459438648,483.7647058823529,35.0,1844.0,27.026195161611167,27.026195161611167,20.45674740484429,35.0,1844.0,27.026195161611167,483.7647058823529,481.0,431.0,553.0,122.0,466.0,495.5,1043.2941176470588
494.79104680662925,494.62,28.0,761.0,13.009058382527153,13.009058382527153,10.4544,28.0,761.0,13.009058382527153,494.62,492.0,467.0,531.0,64.0,487.25,501.0,522.72
522.6316676207059,522.1,20.0,1114.0,23.56798676170708,23.56798676170708,19.052,20.0,1114.0,23.56798676170708,522.1,523.5,464.0,575.0,111.0,503.5,537.75,952.6
485.8508211459185,485.265306122449,22.0,1301.0,23.84539959927588,23.84539959927588,19.66680549770929,22.0,1301.0,23.84539959927588,485.265306122449,490.0,434.0,546.0,112.0,468.0,499.0,963.6734693877552
499.8816059828567,499.5,9.0,571.0,19.528696833122275,19.528696833122275,16.58,9.0,571.0,19.528696833122275,499.5,496.0,470.0,546.0,76.0,484.0,513.5,829.0
516.528392249642,516.34,19.0,676.0,13.94935123939461,13.94935123939461,10.94,19.0,676.0,13.949351239394613,516.34,517.0,489.0,552.0,63.0,507.25,524.75,547.0
501.7050129309055,501.56,23.0,666.0,12.061774330503784,12.061774330503784,9.72,23.0,666.0,12.061774330503784,501.56,501.5,480.0,536.0,56.0,492.0,509.0,486.0
521.8354529926077,521.72,24.0,614.0,10.976411071019523,10.976411071019523,8.444799999999995,24.0,614.0,10.976411071019523,521.72,523.0,487.0,543.0,56.0,515.25,528.75,422.2399999999998
513.5354845359286,513.265306122449,24.0,886.0,16.65591212091846,16.65591212091846,13.710120783007085,24.0,886.0,16.655912120918458,513.265306122449,510.0,480.0,563.0,83.0,502.0,526.0,671.7959183673471
551.1245594237296,550.52,22.0,929.0,25.807161796679612,25.807161796679612,19.0224,22.0,929.0,25.807161796679612,550.52,549.0,504.0,638.0,134.0,530.5,558.0,951.12
516.8276114914914,513.7,16.0,2088.0,56.77226435505281,56.77226435505281,44.164,16.0,2088.0,56.77226435505281,513.7,523.0,317.0,627.0,310.0,480.75,553.75,2208.2
506.52674164351873,506.38,19.0,627.0,12.19162007282051,12.19162007282051,9.9856,19.0,627.0,12.19162007282051,506.38,506.0,486.0,538.0,52.0,496.0,514.0,499.28
498.9213364850215,498.62,16.0,771.0,17.337693041463158,17.337693041463158,14.5344,16.0,771.0,17.337693041463158,498.62,495.5,466.0,548.0,82.0,485.0,513.0,726.72
520.4981460101467,519.52,24.0,1583.0,31.894977661067585,31.894977661067585,23.6,24.0,1583.0,31.89497766106757,519.52,520.0,465.0,637.0,172.0,497.5,534.75,1180.0
486.0720111259236,484.16,20.0,1826.0,43.07080681854009,43.07080681854009,32.1328,20.0,1826.0,43.07080681854009,484.16,481.5,379.0,592.0,213.0,463.25,510.75,1606.64
519.5089797106494,518.58,28.0,1992.0,31.054204224227032,31.054204224227032,25.076799999999995,28.0,1992.0,31.054204224227032,518.58,519.5,436.0,593.0,157.0,496.0,540.0,1253.8399999999997
536.956795282451,536.56,24.0,1089.0,20.638953461840064,20.638953461840064,17.257600000000004,24.0,1089.0,20.638953461840064,536.56,537.5,498.0,581.0,83.0,520.0,548.75,862.8800000000001
516.1510437846658,514.02,20.0,2117.0,46.854451229312254,46.854451229312254,39.7,20.0,2117.0,46.85445122931225,514.02,512.5,420.0,612.0,192.0,485.25,550.75,1985.0
519.8138705344443,519.62,24.0,681.0,14.195619042507444,14.195619042507444,10.424,24.0,681.0,14.195619042507444,519.62,518.0,487.0,565.0,78.0,511.0,527.5,521.2
507.91249447204615,507.6326530612245,11.0,694.0,16.857982881674104,16.857982881674104,13.665972511453562,11.0,694.0,16.857982881674104,507.6326530612245,507.0,473.0,541.0,68.0,494.0,518.0,669.6326530612246
491.6543704677098,490.82,29.0,1745.0,28.63123469220285,28.63123469220285,23.5688,29.0,1745.0,28.63123469220285,490.82,494.0,422.0,558.0,136.0,473.25,513.75,1178.44
599.4970725533195,599.1,24.0,1227.0,21.81581994791853,21.81581994791853,16.788,24.0,1227.0,21.81581994791853,599.1,598.0,554.0,646.0,92.0,584.25,610.75,839.4000000000001
520.249882268127,519.3,25.0,1789.0,31.42371715758656,31.42371715758656,25.46,25.0,1789.0,31.42371715758656,519.3,519.5,457.0,584.0,127.0,497.25,539.75,1273.0
487.3964095066766,486.74,22.0,1252.0,25.287000612963176,25.287000612963176,20.18,22.0,1252.0,25.287000612963176,486.74,486.0,437.0,552.0,115.0,469.5,503.5,1009.0
523.0698806087003,522.62,20.0,1079.0,21.689527426848198,21.689527426848198,17.5304,20.0,1079.0,21.68952742684819,522.62,525.0,483.0,580.0,97.0,505.5,535.75,876.52
557.5996233858126,557.5,18.0,350.0,10.539924098398432,10.539924098398432,8.44,18.0,350.0,10.539924098398432,557.5,558.0,535.0,583.0,48.0,552.25,565.0,422.0
508.024251389636,507.76,31.0,1021.0,16.383601557655144,16.383601557655144,12.76,31.0,1021.0,16.383601557655144,507.76,507.5,482.0,555.0,73.0,495.0,515.75,638.0
498.8720076332205,498.48,21.0,910.0,19.772951221302293,19.772951221302293,16.0992,21.0,910.0,19.772951221302296,498.48,497.5,449.0,548.0,99.0,485.0,513.75,804.96
519.1528922101812,518.7450980392157,15.0,930.0,20.57301024353472,20.57301024353472,15.759323337178008,15.0,930.0,20.57301024353472,518.7450980392157,516.0,463.0,575.0,112.0,506.5,531.0,803.7254901960785
514.7085388839008,514.28,21.0,1107.0,20.99908569438203,20.99908569438203,17.035200000000003,21.0,1107.0,20.999085694382032,514.28,519.5,446.0,548.0,102.0,501.0,531.0,851.7600000000002
490.6743930551094,490.36,22.0,993.0,17.56218665200891,17.56218665200891,14.582399999999998,22.0,993.0,17.56218665200891,490.36,494.0,451.0,525.0,74.0,478.25,505.0,729.1199999999999
519.2426785075294,519.1632653061224,20.0,443.0,9.080921779102828,9.080921779102828,7.255310287380261,20.0,443.0,9.080921779102828,519.1632653061224,521.0,494.0,540.0,46.0,514.0,525.0,355.5102040816328
505.1558175454381,503.48,20.0,1821.0,41.113131722115256,41.113131722115256,30.937600000000003,20.0,1821.0,41.113131722115256,503.48,494.0,431.0,630.0,199.0,480.0,528.25,1546.88
491.7563827750485,491.62,25.0,681.0,11.580828985871436,11.580828985871436,9.3648,25.0,681.0,11.580828985871436,491.62,491.0,472.0,521.0,49.0,483.25,500.5,468.24
497.95582133357976,497.7959183673469,16.0,593.0,12.618385665752282,12.618385665752282,10.50229071220325,16.0,593.0,12.61838566575228,497.7959183673469,499.0,472.0,518.0,46.0,488.0,508.0,514.6122448979593
521.1982156531237,520.86,20.0,995.0,18.77339606997093,18.77339606997093,15.22,20.0,995.0,18.77339606997093,520.86,520.0,486.0,571.0,85.0,507.5,532.75,761.0
494.2698048637,494.16,25.0,555.0,10.417984449978796,10.417984449978796,8.592000000000006,25.0,555.0,10.417984449978796,494.16,491.5,471.0,519.0,48.0,487.0,501.75,429.60000000000025
522.497004776104,522.36,33.0,724.0,11.96454763039539,11.96454763039539,9.4112,33.0,724.0,11.964547630395392,522.36,525.5,490.0,543.0,53.0,515.25,530.0,470.56
524.5915172779675,524.02,19.0,1198.0,24.48059639796384,24.48059639796384,18.7008,19.0,1198.0,24.48059639796384,524.02,521.5,481.0,589.0,108.0,511.0,536.25,935.04
499.7374110470418,498.64,28.0,1893.0,33.10030815566526,33.10030815566526,27.0512,28.0,1893.0,33.10030815566526,498.64,493.0,436.0,591.0,155.0,473.75,517.5,1352.56
598.6195285822206,598.18,25.0,1266.0,22.93529158306037,22.93529158306037,18.3072,25.0,1266.0,22.935291583060373,598.18,595.5,550.0,661.0,111.0,580.75,611.75,915.36
596.4322761219416,596.02,21.0,1080.0,22.17249647649087,22.17249647649087,17.703199999999995,21.0,1080.0,22.17249647649087,596.02,592.0,550.0,661.0,111.0,580.0,611.0,885.1599999999999
524.945501933296,524.82,16.0,554.0,11.478135737130833,11.478135737130833,8.947199999999999,16.0,554.0,11.478135737130836,524.82,526.0,495.0,553.0,58.0,519.0,531.0,447.3599999999999
494.79690783189017,494.5,21.0,853.0,17.138553031105047,17.138553031105047,13.54,21.0,853.0,17.138553031105047,494.5,494.5,466.0,546.0,80.0,482.0,504.25,677.0
508.262589612889,508.02,21.0,716.0,15.70157953837766,15.70157953837766,13.02,21.0,716.0,15.70157953837766,508.02,509.0,478.0,544.0,66.0,495.25,519.5,651.0
526.8827193977802,525.96,30.0,1915.0,31.168548249798224,31.168548249798224,24.873600000000007,30.0,1915.0,31.16854824979823,525.96,522.5,479.0,640.0,161.0,506.0,547.75,1243.6800000000003
534.7106507261661,534.6,25.0,604.0,10.877499712709715,10.877499712709715,8.752000000000002,25.0,604.0,10.877499712709715,534.6,531.5,506.0,562.0,56.0,527.25,542.75,437.60000000000014
479.32406574258295,478.2,12.0,1099.0,32.807316257200924,32.807316257200924,26.552,12.0,1099.0,32.807316257200924,478.2,483.0,404.0,545.0,141.0,455.5,498.0,1327.6
501.4410410477575,501.0,28.0,1250.0,21.02659380543657,21.02659380543657,16.980392156862745,28.0,1250.0,21.02659380543657,501.0,496.0,448.0,562.0,114.0,489.0,512.5,866.0
499.4018622312095,498.58,24.0,1638.0,28.63919691611481,28.63919691611481,22.8032,24.0,1638.0,28.639196916114813,498.58,497.5,419.0,565.0,146.0,477.0,518.0,1140.16
509.21665330191234,509.04,23.0,724.0,13.411875334941046,13.411875334941046,11.081599999999998,23.0,724.0,13.411875334941046,509.04,508.0,479.0,540.0,61.0,500.25,517.75,554.0799999999999
534.9913644162866,534.72,21.0,807.0,17.03765242044807,17.03765242044807,13.915200000000004,21.0,807.0,17.037652420448072,534.72,530.0,493.0,576.0,83.0,526.0,548.75,695.7600000000002
503.62468168269913,503.5,24.0,610.0,11.205802068571442,11.205802068571442,9.12,24.0,610.0,11.205802068571442,503.5,502.0,487.0,536.0,49.0,493.5,510.0,456.0
501.73132903040073,499.83673469387753,12.0,1495.0,43.5610511945535,43.5610511945535,35.275301957517705,12.0,1495.0,43.5610511945535,499.83673469387753,507.0,408.0,580.0,172.0,477.0,528.0,1728.4897959183677
506.2209003982352,505.8,18.0,949.0,20.638798414636447,20.638798414636447,15.728000000000002,18.0,949.0,20.63879841463645,505.8,503.5,456.0,559.0,103.0,494.25,515.75,786.4000000000001
506.49971372153806,506.4,22.0,523.0,10.04987562112089,10.04987562112089,8.327999999999998,22.0,523.0,10.04987562112089,506.4,505.0,486.0,525.0,39.0,501.25,514.0,416.3999999999999
506.7870164082738,506.56,18.0,733.0,15.167280573655912,15.167280573655912,12.4448,18.0,733.0,15.167280573655912,506.56,505.5,474.0,546.0,72.0,494.5,518.0,622.24
517.1362102966683,516.54,31.0,1473.0,24.825156595679317,24.825156595679317,19.4232,31.0,1473.0,24.82515659567931,516.54,515.0,461.0,587.0,126.0,502.5,530.75,971.16
497.545857183034,496.32,29.0,2066.0,34.9046930941958,34.9046930941958,27.7712,29.0,2066.0,34.9046930941958,496.32,493.5,431.0,576.0,145.0,470.5,515.0,1388.56
493.66879585406247,493.12,23.0,1307.0,23.27113233171089,23.27113233171089,17.7552,23.0,1307.0,23.27113233171089,493.12,494.5,417.0,545.0,128.0,481.0,506.75,887.76
509.5544328136102,509.24,21.0,806.0,17.898111632236514,17.898111632236514,14.7904,21.0,806.0,17.898111632236514,509.24,511.5,469.0,547.0,78.0,498.0,520.75,739.52
507.1236732790139,507.02,21.0,514.0,10.253760285865862,10.253760285865862,7.541599999999999,21.0,514.0,10.253760285865866,507.02,506.5,489.0,547.0,58.0,501.0,511.5,377.0799999999999
509.7315518014956,509.3529411764706,23.0,985.0,19.642714090463084,19.642714090463084,15.497116493656286,23.0,985.0,19.642714090463084,509.3529411764706,509.0,466.0,563.0,97.0,496.5,521.0,790.3529411764706
516.9425306550042,516.58,25.0,1079.0,19.356745594236653,19.356745594236653,15.196799999999998,25.0,1079.0,19.35674559423665,516.58,517.0,470.0,566.0,96.0,506.25,529.0,759.8399999999999
500.36384761491314,499.86,20.0,1110.0,22.4490623412204,22.4490623412204,18.002399999999998,20.0,1110.0,22.4490623412204,499.86,503.5,446.0,545.0,99.0,483.25,515.75,900.1199999999999
514.0236959518501,513.72,28.0,974.0,17.666963519518568,17.666963519518568,14.177600000000002,28.0,974.0,17.66696351951857,513.72,511.0,478.0,563.0,85.0,502.25,523.5,708.8800000000001
525.9699421069611,519.9,11.0,2022.0,79.67665906650454,79.67665906650454,60.232000000000006,11.0,2022.0,79.67665906650454,519.9,531.0,317.0,694.0,377.0,477.0,557.75,3011.6000000000004
551.7296620628621,550.46,11.0,1183.0,37.40866744485828,37.40866744485828,31.038400000000003,11.0,1183.0,37.40866744485828,550.46,548.5,482.0,641.0,159.0,525.0,578.0,1551.92
565.624416021798,550.7,5.0,2589.0,129.07552052964962,129.07552052964962,90.64,5.0,2589.0,129.07552052964962,550.7,530.0,367.0,1022.0,655.0,464.5,586.75,4532.0
513.7564987423517,513.14,17.0,1290.0,25.161089006638804,25.161089006638804,20.9168,17.0,1290.0,25.161089006638804,513.14,510.5,463.0,564.0,101.0,495.0,535.5,1045.84
489.2069909557712,488.56,17.0,1044.0,25.151667936739308,25.151667936739308,20.1152,17.0,1044.0,25.151667936739308,488.56,490.0,438.0,546.0,108.0,472.25,502.75,1005.76
496.4496550507413,496.3,23.0,635.0,12.188929403356148,12.188929403356148,9.38,23.0,635.0,12.188929403356145,496.3,496.5,476.0,527.0,51.0,487.5,502.0,469.0
508.65896237066346,508.34,10.0,745.0,18.01067461257351,18.01067461257351,15.007199999999996,10.0,745.0,18.010674612573514,508.34,506.5,473.0,544.0,71.0,493.25,524.0,750.3599999999999
536.4385892159512,536.04,20.0,1166.0,20.67555077863707,20.67555077863707,16.523199999999996,20.0,1166.0,20.67555077863707,536.04,535.0,490.0,581.0,91.0,523.0,552.0,826.1599999999999
500.9879639272784,500.3,13.0,1064.0,26.245952068842925,26.245952068842925,21.08,13.0,1064.0,26.24595206884292,500.3,497.0,448.0,561.0,113.0,481.25,515.75,1054.0
523.6541224892629,523.08,26.0,1402.0,24.514354978257128,24.514354978257128,20.913599999999995,26.0,1402.0,24.514354978257128,523.08,527.5,478.0,562.0,84.0,503.25,543.75,1045.6799999999998
536.8217395001808,536.54,19.0,818.0,17.38989361669588,17.38989361669588,13.275200000000003,19.0,818.0,17.389893616695876,536.54,538.0,478.0,566.0,88.0,527.0,549.0,663.7600000000002
503.5607411226574,502.9,24.0,1462.0,25.787787807409924,25.787787807409924,20.7,24.0,1462.0,25.787787807409924,502.9,504.0,454.0,567.0,113.0,483.0,516.25,1035.0
536.9509474803076,534.52,8.0,1138.0,51.03615973013643,51.03615973013643,41.36,8.0,1138.0,51.03615973013643,534.52,534.0,429.0,648.0,219.0,496.5,563.0,2068.0
516.2183840197868,515.22,16.0,827.0,32.09005453407644,32.09005453407644,23.8024,16.0,827.0,32.09005453407644,515.22,518.0,428.0,571.0,143.0,503.25,531.75,1190.12
486.0807751804221,485.4,32.0,1722.0,25.716920499935448,25.716920499935448,21.136000000000003,32.0,1722.0,25.716920499935448,485.4,485.0,443.0,544.0,101.0,464.0,505.75,1056.8000000000002
447.2804489355643,447.0,24.0,855.0,15.836666315863324,15.836666315863324,11.64,24.0,855.0,15.836666315863324,447.0,447.5,398.0,481.0,83.0,441.25,457.0,582.0
481.29145016299634,480.58,19.0,1238.0,26.15957950732389,26.15957950732389,22.466399999999997,19.0,1238.0,26.159579507323887,480.58,477.5,433.0,534.0,101.0,461.0,503.0,1123.3199999999997
532.2038143418365,531.82,21.0,894.0,20.208602128796542,20.208602128796542,15.74400000000001,21.0,894.0,20.20860212879654,531.82,528.0,489.0,583.0,94.0,518.0,541.5,787.2000000000005
533.2147972440375,509.3,5.0,2465.0,157.89721340163035,157.89721340163035,119.876,5.0,2465.0,157.89721340163035,509.3,519.0,1.0,706.0,705.0,440.0,644.0,5993.8
489.281943259712,488.94,33.0,1136.0,18.28924273992775,18.28924273992775,14.742399999999998,33.0,1136.0,18.28924273992775,488.94,491.0,451.0,537.0,86.0,479.0,501.25,737.1199999999999
503.54856766750913,502.8,16.0,1097.0,27.446675572826667,27.446675572826667,21.744,16.0,1097.0,27.446675572826667,502.8,497.5,462.0,579.0,117.0,481.25,516.0,1087.2
494.8202299825665,493.98,24.0,1359.0,28.82394143763132,28.82394143763132,22.5784,24.0,1359.0,28.823941437631323,493.98,490.5,431.0,579.0,148.0,473.0,509.0,1128.92
491.4533752046068,490.7,28.0,1452.0,27.201654361453823,27.201654361453823,20.26,28.0,1452.0,27.201654361453823,490.7,491.0,417.0,575.0,158.0,476.75,504.5,1013.0
487.6718773929864,485.38,19.0,1652.0,47.22409977966758,47.22409977966758,32.90560000000001,19.0,1652.0,47.22409977966758,485.38,481.5,379.0,656.0,277.0,464.0,502.25,1645.2800000000002
497.24824416636267,497.1224489795918,23.0,620.0,11.184232073044775,11.184232073044775,8.701374427321948,23.0,620.0,11.184232073044775,497.1224489795918,497.0,470.0,518.0,48.0,491.0,504.0,426.3673469387754
502.8005966583572,501.52,25.0,1801.0,35.862649093450976,35.862649093450976,27.203199999999995,25.0,1801.0,35.86264909345097,501.52,493.5,438.0,630.0,192.0,478.5,515.5,1360.16
464.83967128462695,464.8,21.0,303.0,6.07289058027559,6.07289058027559,4.615999999999999,21.0,303.0,6.072890580275591,464.8,465.0,452.0,479.0,27.0,460.25,468.0,230.79999999999995
514.2301235828178,513.38,20.0,1542.0,29.55665068981937,29.55665068981937,22.865600000000004,20.0,1542.0,29.55665068981937,513.38,510.5,444.0,612.0,168.0,494.25,530.0,1143.2800000000002
533.8313216738036,533.48,24.0,1066.0,19.3641317905038,19.3641317905038,15.4992,24.0,1066.0,19.3641317905038,533.48,531.5,496.0,577.0,81.0,520.5,545.75,774.96
571.4719590671094,571.24,26.0,947.0,16.2807370840512,16.2807370840512,12.4496,26.0,947.0,16.2807370840512,571.24,571.0,531.0,614.0,83.0,560.5,579.0,622.48
493.0963394713045,492.84,23.0,918.0,15.897622463752246,15.897622463752246,12.500799999999996,23.0,918.0,15.897622463752244,492.84,491.5,467.0,535.0,68.0,482.25,501.5,625.0399999999997
510.9620533855719,509.34,12.0,1416.0,40.68149948072219,40.68149948072219,34.1392,12.0,1416.0,40.6814994807222,509.34,514.0,418.0,591.0,173.0,474.75,540.5,1706.96
516.0667980019641,515.66,23.0,979.0,20.486688360982114,20.486688360982114,16.4864,23.0,979.0,20.486688360982114,515.66,515.0,475.0,573.0,98.0,502.25,531.75,824.3199999999999
490.2342297310542,488.36,12.0,1295.0,42.82651515124713,42.82651515124713,33.7712,12.0,1295.0,42.82651515124713,488.36,492.5,387.0,593.0,206.0,465.75,517.75,1688.56
531.59118095908,530.8571428571429,12.0,1073.0,27.92628781310556,27.92628781310556,23.737609329446062,12.0,1073.0,27.92628781310556,530.8571428571429,531.0,445.0,577.0,132.0,513.0,558.0,1163.142857142857
470.847845782001,470.265306122449,20.0,1184.0,23.414434332487527,23.414434332487527,20.08829654310704,20.0,1184.0,23.414434332487527,470.265306122449,467.0,430.0,519.0,89.0,448.0,487.0,984.3265306122448
520.6680167568096,520.4897959183673,13.0,630.0,13.621894814074055,13.621894814074055,11.172844648063307,13.0,630.0,13.621894814074055,520.4897959183673,520.0,490.0,547.0,57.0,511.0,531.0,547.469387755102
505.2982683524653,501.86,19.0,1841.0,58.84624372039392,58.84624372039392,45.41440000000001,19.0,1841.0,58.84624372039392,501.86,499.5,367.0,650.0,283.0,464.5,529.25,2270.7200000000003
483.0409202254452,482.4489795918368,26.0,1389.0,23.906331860835525,23.906331860835525,19.423573511037063,26.0,1389.0,23.906331860835525,482.4489795918368,483.0,434.0,547.0,113.0,462.0,499.0,951.7551020408164
565.4713078485945,565.24,34.0,1056.0,16.17227256757689,16.17227256757689,13.16,34.0,1056.0,16.17227256757689,565.24,564.5,530.0,602.0,72.0,554.5,574.0,658.0
491.4241955785246,491.06,27.0,1049.0,18.916035525447715,18.916035525447715,15.502400000000002,27.0,1049.0,18.916035525447715,491.06,489.5,448.0,539.0,91.0,479.25,507.0,775.1200000000001
492.4740602305872,491.94,29.0,1393.0,22.928942409103826,22.928942409103826,18.0552,29.0,1393.0,22.928942409103826,491.94,489.5,456.0,561.0,105.0,476.25,506.0,902.76
520.6986460516293,520.56,26.0,697.0,12.015256967705684,12.015256967705684,9.6,26.0,697.0,12.015256967705684,520.56,520.0,494.0,546.0,52.0,513.25,528.0,480.0
492.066682473016,491.58,21.0,1042.0,21.879753197876795,21.879753197876795,16.803199999999997,21.0,1042.0,21.8797531978768,491.58,490.5,450.0,552.0,102.0,479.25,502.75,840.1599999999999
522.4796838155528,522.1,22.0,1041.0,19.915069670980312,19.915069670980312,15.896,22.0,1041.0,19.91506967098032,522.1,523.0,485.0,588.0,103.0,508.0,532.75,794.8
502.90085037323456,502.2857142857143,22.0,1310.0,24.866172415799035,24.866172415799035,20.50728862973761,22.0,1310.0,24.86617241579904,502.2857142857143,502.0,456.0,560.0,104.0,479.0,523.0,1004.8571428571428
519.5878665061456,518.6938775510204,23.0,1682.0,30.46657859844473,30.46657859844473,24.937109537692628,23.0,1682.0,30.466578598444727,518.6938775510204,520.0,459.0,584.0,125.0,497.0,539.0,1221.9183673469388
511.2597774126183,511.08,21.0,747.0,13.55704982656625,13.55704982656625,10.936,21.0,747.0,13.557049826566251,511.08,509.5,484.0,540.0,56.0,501.5,522.0,546.8
466.35019030767,465.74,14.0,882.0,23.84853035304272,23.84853035304272,19.2096,14.0,882.0,23.84853035304272,465.74,463.5,425.0,519.0,94.0,447.0,484.75,960.48
509.5973704798721,509.28,26.0,1085.0,17.982257922741514,17.982257922741514,14.1712,26.0,1085.0,17.982257922741514,509.28,508.0,477.0,567.0,90.0,500.0,520.75,708.56
494.3050879770509,494.2,21.0,533.0,10.192153844992726,10.192153844992726,8.04,21.0,533.0,10.192153844992726,494.2,494.5,470.0,522.0,52.0,488.0,501.0,402.0
507.5211522685533,506.88,18.0,1260.0,25.5026586849293,25.5026586849293,20.3104,18.0,1260.0,25.5026586849293,506.88,503.0,460.0,586.0,126.0,488.25,522.25,1015.52
495.022807555369,494.14,32.0,1897.0,29.550641278997656,29.550641278997656,23.368,32.0,1897.0,29.550641278997656,494.14,490.5,428.0,560.0,132.0,475.0,511.25,1168.4
478.9818159387682,478.38,19.0,1063.0,24.00324144777117,24.00324144777117,18.0544,19.0,1063.0,24.00324144777117,478.38,481.0,408.0,527.0,119.0,468.0,492.0,902.72
494.581414440741,494.2857142857143,20.0,669.0,17.09994629422286,17.09994629422286,12.606413994169095,20.0,669.0,17.09994629422286,494.2857142857143,495.0,446.0,537.0,91.0,487.0,504.0,617.7142857142858
500.4472799406547,500.32,19.0,527.0,11.286168526120813,11.286168526120813,9.2928,19.0,527.0,11.286168526120813,500.32,500.0,472.0,521.0,49.0,492.0,507.75,464.64
522.7843915038015,522.36,23.0,1290.0,21.060636267691443,21.060636267691443,16.571199999999997,23.0,1290.0,21.06063626769144,522.36,525.5,469.0,567.0,98.0,511.25,535.0,828.56
522.2849132535276,522.1428571428571,32.0,760.0,12.18061356988126,12.18061356988126,9.65597667638484,32.0,760.0,12.18061356988126,522.1428571428571,522.0,489.0,546.0,57.0,515.0,530.0,473.1428571428571
514.7617836218526,514.1020408163265,21.0,1173.0,26.053512355134583,26.053512355134583,20.830487296959603,21.0,1173.0,26.053512355134583,514.1020408163265,516.0,460.0,567.0,107.0,502.0,533.0,1020.6938775510204
511.853729106275,511.52,20.0,990.0,18.48051947321828,18.48051947321828,14.761599999999998,20.0,990.0,18.48051947321828,511.52,509.5,479.0,564.0,85.0,498.25,524.0,738.0799999999999
511.7580617103068,511.2941176470589,22.0,1102.0,21.786210891427796,21.786210891427796,17.77854671280277,22.0,1102.0,21.786210891427796,511.2941176470589,513.0,459.0,560.0,101.0,492.5,524.0,906.7058823529412
519.8353585511475,519.32,22.0,1265.0,23.1416853318854,23.1416853318854,18.3072,22.0,1265.0,23.1416853318854,519.32,520.0,469.0,569.0,100.0,504.25,533.75,915.36
514.4600276017565,513.48,17.0,1319.0,31.739716444858168,31.739716444858168,25.9008,17.0,1319.0,31.739716444858168,513.48,515.5,457.0,590.0,133.0,487.25,536.0,1295.04
462.0869182307589,461.8,24.0,939.0,16.281277591147447,16.281277591147447,12.984000000000002,24.0,939.0,16.281277591147447,461.8,464.0,429.0,500.0,71.0,449.5,471.5,649.2
492.5439763386118,492.3137254901961,24.0,900.0,15.058695873641929,15.058695873641929,11.717031910803536,24.0,900.0,15.058695873641929,492.3137254901961,491.0,467.0,535.0,68.0,482.5,499.5,597.5686274509803
531.2342232951488,529.64,12.0,1621.0,41.12505805467027,41.12505805467027,33.19200000000001,12.0,1621.0,41.12505805467027,529.64,536.5,430.0,606.0,176.0,505.0,556.25,1659.6000000000004
501.0448482920466,500.22,23.0,1608.0,28.73832980533141,28.73832980533141,22.0112,23.0,1608.0,28.738329805331414,500.22,501.0,434.0,591.0,157.0,477.5,515.0,1100.56
499.1157581162911,498.78,26.0,1020.0,18.30441476802796,18.30441476802796,14.237600000000002,26.0,1020.0,18.30441476802796,498.78,501.5,451.0,546.0,95.0,489.25,509.75,711.8800000000001
528.112109310135,527.88,21.0,826.0,15.655848747353176,15.655848747353176,12.0352,21.0,826.0,15.655848747353176,527.88,527.0,493.0,563.0,70.0,517.0,537.5,601.76
509.30014726092514,508.92,26.0,1176.0,19.674186133103447,19.674186133103447,15.76,26.0,1176.0,19.674186133103447,508.92,507.0,475.0,562.0,87.0,494.25,520.75,788.0
520.6514573109347,520.5,23.0,662.0,12.557467897629682,12.557467897629682,9.8,23.0,662.0,12.557467897629682,520.5,522.5,488.0,543.0,55.0,514.25,527.75,490.0
491.84080757903774,491.34,27.0,1387.0,22.18973636616713,22.18973636616713,17.8736,27.0,1387.0,22.18973636616713,491.34,490.5,416.0,531.0,115.0,476.75,507.0,893.6800000000001
522.8665795401347,522.58,21.0,1034.0,17.3090612108225,17.3090612108225,14.356799999999998,21.0,1034.0,17.3090612108225,522.58,523.0,491.0,566.0,75.0,508.25,533.75,717.8399999999999
522.4440677446426,522.2352941176471,9.0,548.0,14.768259864428806,14.768259864428806,12.327566320645904,9.0,548.0,14.768259864428806,522.2352941176471,522.0,492.0,551.0,59.0,512.5,534.0,628.7058823529412
500.3604101045565,499.9,25.0,1257.0,21.45996272130965,21.45996272130965,17.443999999999996,25.0,1257.0,21.45996272130965,499.9,494.5,448.0,562.0,114.0,484.75,516.75,872.1999999999998
522.3128372919816,521.82,19.0,1088.0,22.6845233584486,22.6845233584486,17.34,19.0,1088.0,22.6845233584486,521.82,522.0,459.0,575.0,116.0,509.0,532.75,867.0
541.8758529405052,541.44,23.0,1009.0,21.729390235347147,21.729390235347147,18.364799999999995,23.0,1009.0,21.72939023534715,541.44,544.0,493.0,588.0,95.0,523.25,559.0,918.2399999999998
498.0188550647456,497.86,24.0,683.0,12.577774047898936,12.577774047898936,9.6424,24.0,683.0,12.577774047898936,497.86,499.5,465.0,533.0,68.0,491.25,505.75,482.1199999999999
525.2069687275674,525.04,27.0,779.0,13.242295873450344,13.242295873450344,11.483199999999997,27.0,779.0,13.242295873450344,525.04,522.5,504.0,552.0,48.0,514.25,534.0,574.1599999999999
488.8951012231561,488.3,27.0,1550.0,24.114933132812123,24.114933132812123,18.72,27.0,1550.0,24.114933132812123,488.3,486.0,443.0,548.0,105.0,474.75,502.75,936.0
530.4515623504186,529.9,15.0,900.0,24.183672177731815,24.183672177731815,20.224,15.0,900.0,24.183672177731815,529.9,531.5,473.0,579.0,106.0,513.0,546.0,1011.2
514.6781129987946,514.16,23.0,1327.0,23.087970893952548,23.087970893952548,18.04,23.0,1327.0,23.087970893952548,514.16,515.0,462.0,571.0,109.0,500.0,528.5,902.0
519.730814941735,519.24,25.0,1299.0,22.58190425982716,22.58190425982716,19.9296,25.0,1299.0,22.58190425982716,519.24,513.5,479.0,564.0,85.0,503.25,537.25,996.48
523.3297621958835,523.12,21.0,680.0,14.815721379669638,14.815721379669638,12.1952,21.0,680.0,14.815721379669638,523.12,524.5,490.0,561.0,71.0,512.0,533.0,609.76
498.9143213017642,498.66,17.0,610.0,15.928100953974395,15.928100953974395,12.8464,17.0,610.0,15.928100953974392,498.66,496.5,464.0,539.0,75.0,488.0,510.75,642.3199999999999
566.5521335234737,566.28,15.0,839.0,17.55794976641635,17.55794976641635,14.56,15.0,839.0,17.55794976641635,566.28,567.0,528.0,600.0,72.0,553.0,578.5,728.0
524.3291523461193,524.22,15.0,497.0,10.698205456991372,10.698205456991372,8.326400000000003,15.0,497.0,10.698205456991372,524.22,524.0,502.0,550.0,48.0,516.25,530.75,416.32000000000016
489.1898404505147,488.54,29.0,1626.0,25.206515030840738,25.206515030840738,19.7832,29.0,1626.0,25.206515030840738,488.54,484.0,445.0,554.0,109.0,470.0,500.0,989.16
505.42035970071487,504.98,21.0,1072.0,21.09359144384853,21.09359144384853,17.143199999999997,21.0,1072.0,21.09359144384853,504.98,508.5,452.0,550.0,98.0,490.0,519.0,857.1599999999999
506.7001282810179,504.62,10.0,1356.0,45.86584350036528,45.86584350036528,38.6752,10.0,1356.0,45.86584350036528,504.62,508.0,396.0,591.0,195.0,473.25,542.5,1933.76
518.7860830824204,518.4,21.0,963.0,20.010996976662607,20.010996976662607,16.607999999999997,21.0,963.0,20.010996976662607,518.4,517.0,478.0,562.0,84.0,503.5,534.75,830.3999999999999
497.0708802575343,492.7,13.0,1641.0,65.77362693359703,65.77362693359703,49.69199999999999,13.0,1641.0,65.77362693359703,492.7,483.0,367.0,667.0,300.0,451.25,527.5,2484.5999999999995
567.1439186747892,566.5510204081633,8.0,848.0,25.92615984415913,25.92615984415913,21.25614327363599,8.0,848.0,25.92615984415913,566.5510204081633,566.0,508.0,620.0,112.0,549.0,587.0,1041.5510204081634
525.6867617018441,525.3061224489796,32.0,1268.0,20.001228616989703,20.001228616989703,16.846314035818406,32.0,1268.0,20.001228616989703,525.3061224489796,528.0,487.0,566.0,79.0,509.0,538.0,825.4693877551018
550.4665475757814,550.22,30.0,986.0,16.47336031294162,16.47336031294162,12.38,30.0,986.0,16.47336031294162,550.22,552.0,507.0,591.0,84.0,543.5,559.75,619.0
494.87693419677584,494.74,25.0,637.0,11.640979340244533,11.640979340244533,8.9296,25.0,637.0,11.640979340244533,494.74,494.0,466.0,520.0,54.0,488.5,504.5,446.48
522.7855583315209,522.34,26.0,1264.0,21.579258560015447,21.579258560015447,17.300800000000002,26.0,1264.0,21.579258560015447,522.34,519.0,480.0,575.0,95.0,507.25,536.25,865.0400000000002
526.5201040796068,525.82,17.0,1143.0,27.14309488617685,27.14309488617685,20.74,17.0,1143.0,27.14309488617685,525.82,525.0,460.0,583.0,123.0,508.75,542.75,1037.0
512.0062304308416,511.62,26.0,1193.0,19.88355099070586,19.88355099070586,15.6296,26.0,1193.0,19.88355099070586,511.62,510.5,475.0,562.0,87.0,496.0,524.25,781.48
524.7865280283022,524.26,12.0,957.0,23.50217862241712,23.50217862241712,17.3088,12.0,957.0,23.502178622417112,524.26,526.0,444.0,589.0,145.0,512.0,537.0,865.44
527.1310842665229,526.78,20.0,997.0,19.235685586950105,19.235685586950105,16.015200000000004,20.0,997.0,19.235685586950105,526.78,532.0,486.0,561.0,75.0,513.0,543.0,800.7600000000002
544.407788335178,543.76,14.0,1135.0,26.54999811676076,26.54999811676076,21.5088,14.0,1135.0,26.54999811676076,543.76,546.0,485.0,592.0,107.0,526.75,565.0,1075.44
519.0223501931299,518.88,22.0,634.0,12.15506478798036,12.15506478798036,9.6656,22.0,634.0,12.15506478798036,518.88,518.0,491.0,551.0,60.0,509.5,527.5,483.28
505.43879946042927,504.98,21.0,933.0,21.530898727178112,21.530898727178112,17.9,21.0,933.0,21.530898727178112,504.98,503.0,467.0,556.0,89.0,487.0,517.75,895.0
505.46813945094505,505.08,21.0,1019.0,19.804888285471343,19.804888285471343,15.449599999999997,21.0,1019.0,19.80488828547134,505.08,503.5,456.0,559.0,103.0,493.25,515.75,772.4799999999998
493.0022515161569,492.18,25.0,1623.0,28.461686527681383,28.461686527681383,23.165600000000005,25.0,1623.0,28.461686527681383,492.18,495.0,422.0,564.0,142.0,470.5,510.75,1158.2800000000002
508.55248249416735,507.15686274509807,16.0,1765.0,37.65028580940895,37.65028580940895,29.146482122260668,16.0,1765.0,37.65028580940895,507.15686274509807,505.0,431.0,616.0,185.0,485.0,528.5,1486.470588235294
506.0854473307842,505.96,20.0,647.0,11.267581816876238,11.267581816876238,9.204800000000002,20.0,647.0,11.267581816876236,505.96,506.0,486.0,538.0,52.0,496.25,514.0,460.2400000000001
502.98320051468914,502.62,21.0,897.0,19.111138113676013,19.111138113676013,15.5,21.0,897.0,19.111138113676013,502.62,503.5,455.0,544.0,89.0,487.25,515.0,775.0
491.1304918247288,490.8,21.0,875.0,18.01443865348016,18.01443865348016,14.264,21.0,875.0,18.01443865348016,490.8,494.0,440.0,528.0,88.0,480.25,501.0,713.2
466.9540020173293,466.76,26.0,663.0,13.45891526089677,13.45891526089677,10.308800000000002,26.0,663.0,13.45891526089677,466.76,468.5,429.0,496.0,67.0,460.25,475.75,515.44
520.6793062913101,520.3,27.0,1177.0,19.870832896484234,19.870832896484234,15.18,27.0,1177.0,19.87083289648423,520.3,520.5,463.0,575.0,112.0,508.0,531.75,759.0
480.4058908881114,480.02,15.0,830.0,19.25148305975412,19.25148305975412,15.42,15.0,830.0,19.25148305975413,480.02,480.5,420.0,508.0,88.0,468.75,497.0,771.0
522.8695822095601,521.92,24.0,1610.0,31.49783484622396,31.49783484622396,23.236799999999995,24.0,1610.0,31.497834846223952,521.92,521.0,465.0,637.0,172.0,500.25,539.75,1161.8399999999997
523.3930454257106,523.0,24.0,1114.0,20.28003944769339,20.28003944769339,16.56,24.0,1114.0,20.28003944769339,523.0,524.0,482.0,564.0,82.0,505.5,538.75,828.0
519.8186799259911,519.5,27.0,1011.0,18.199175805513832,18.199175805513832,13.84,27.0,1011.0,18.199175805513832,519.5,519.0,471.0,566.0,95.0,510.0,527.75,692.0
487.9159763729817,487.16,17.0,1068.0,27.150219151970028,27.150219151970028,21.2064,17.0,1068.0,27.150219151970028,487.16,485.5,428.0,556.0,128.0,470.5,498.75,1060.3200000000002
499.0255704871244,498.4,27.0,1518.0,24.97919133999337,24.97919133999337,20.608,27.0,1518.0,24.97919133999337,498.4,493.0,451.0,563.0,112.0,481.0,514.75,1030.4
498.2322350069293,497.0,22.0,1690.0,35.01942318200001,35.01942318200001,25.68,22.0,1690.0,35.01942318200001,497.0,493.0,431.0,619.0,188.0,476.25,506.0,1284.0
488.14178268204,487.4,14.0,1128.0,26.900557615038394,26.900557615038394,22.424,14.0,1128.0,26.90055761503839,487.4,491.0,438.0,546.0,108.0,466.25,503.0,1121.1999999999998
501.3007680026034,501.18,22.0,611.0,11.003072298226527,11.003072298226527,8.776000000000002,22.0,611.0,11.003072298226527,501.18,499.0,483.0,532.0,49.0,494.25,507.0,438.80000000000007
512.0773574373309,511.74,26.0,1054.0,18.584735672050865,18.584735672050865,15.6096,26.0,1054.0,18.584735672050865,511.74,510.0,480.0,559.0,79.0,496.25,525.0,780.48
487.5042358790332,486.9,25.0,1522.0,24.26458324389685,24.26458324389685,17.959999999999994,25.0,1522.0,24.26458324389685,486.9,485.0,432.0,548.0,116.0,475.25,499.75,897.9999999999998
487.4273153559432,486.7755102040816,14.0,947.0,25.199016263696866,25.199016263696866,20.900458142440648,14.0,947.0,25.199016263696866,486.7755102040816,491.0,424.0,546.0,122.0,469.0,503.0,1024.1224489795918
533.432932876806,530.2857142857143,14.0,1816.0,57.85978829930867,57.85978829930867,43.40524781341107,14.0,1816.0,57.85978829930867,530.2857142857143,524.0,406.0,726.0,320.0,494.0,564.0,2126.8571428571427
523.4655098475926,522.74,20.0,1394.0,27.55054264438361,27.55054264438361,23.8112,20.0,1394.0,27.55054264438361,522.74,528.5,454.0,566.0,112.0,500.75,546.0,1190.56
533.2774699909982,532.82,16.0,910.0,22.084102879673424,22.084102879673424,18.5472,16.0,910.0,22.084102879673424,532.82,533.5,490.0,579.0,89.0,517.75,546.75,927.36
510.7326502192708,510.52,17.0,623.0,14.73667533740226,14.73667533740226,12.102399999999998,17.0,623.0,14.736675337402255,510.52,508.5,479.0,552.0,73.0,499.25,520.75,605.1199999999999
505.4045904025803,505.04,25.0,1055.0,19.193707302134207,19.193707302134207,16.038399999999996,25.0,1055.0,19.193707302134207,505.04,507.0,462.0,545.0,83.0,491.75,517.75,801.9199999999998
518.3463320985304,517.96,26.0,1006.0,20.00895799385865,20.00895799385865,16.2416,26.0,1006.0,20.00895799385865,517.96,519.0,479.0,574.0,95.0,502.0,532.0,812.0799999999999
507.5901693295488,507.46,20.0,592.0,11.494711827618822,11.494711827618822,8.831999999999995,20.0,592.0,11.494711827618818,507.46,505.0,483.0,542.0,59.0,500.0,512.0,441.5999999999998
516.2787425412748,515.94,22.0,916.0,18.69910158269643,18.69910158269643,15.7,22.0,916.0,18.69910158269643,515.94,515.5,479.0,555.0,76.0,500.5,529.75,785.0
486.9144483376931,485.76,13.0,1229.0,33.50973589869069,33.50973589869069,27.3696,13.0,1229.0,33.50973589869069,485.76,488.0,404.0,548.0,144.0,464.0,513.75,1368.48
506.295287719871,506.1428571428572,19.0,626.0,12.42282297274838,12.42282297274838,10.081632653061227,19.0,626.0,12.42282297274838,506.1428571428572,506.0,486.0,538.0,52.0,496.0,514.0,494.00000000000017
535.7461525760125,535.46,33.0,1033.0,17.507952478802313,17.507952478802313,13.9584,33.0,1033.0,17.50795247880231,535.46,535.0,507.0,587.0,80.0,521.0,543.75,697.9200000000001
499.10157282861775,498.46,21.0,1285.0,25.29838730037945,25.29838730037945,19.472,21.0,1285.0,25.29838730037945,498.46,493.5,435.0,581.0,146.0,483.25,511.75,973.6
489.24942514018346,488.16,14.0,1076.0,32.63149398970265,32.63149398970265,27.4336,14.0,1076.0,32.63149398970265,488.16,493.5,426.0,550.0,124.0,466.75,511.0,1371.68
520.3366986865332,519.2,28.0,2327.0,34.37499090908971,34.37499090908971,29.824000000000005,28.0,2327.0,34.37499090908971,519.2,514.0,459.0,591.0,132.0,488.5,547.5,1491.2000000000005
495.8662319618064,494.92,23.0,1531.0,30.61884387105431,30.61884387105431,23.9568,23.0,1531.0,30.61884387105431,494.92,492.5,417.0,575.0,158.0,477.0,513.25,1197.84
498.8354638555683,498.66,21.0,705.0,13.229678756492918,13.229678756492918,11.02,21.0,705.0,13.229678756492918,498.66,499.0,472.0,524.0,52.0,489.25,509.75,551.0
532.2228319577645,532.0408163265306,18.0,596.0,13.918068103791352,13.918068103791352,11.427738442315702,18.0,596.0,13.918068103791352,532.0408163265306,533.0,504.0,568.0,64.0,522.0,544.0,559.9591836734694
551.608828790838,550.82,15.0,1236.0,29.48944896060284,29.48944896060284,25.612800000000007,15.0,1236.0,29.48944896060284,550.82,546.5,493.0,616.0,123.0,523.0,574.75,1280.6400000000003
516.2184227630781,516.06,27.0,754.0,12.788135125967353,12.788135125967353,10.347199999999994,27.0,754.0,12.78813512596735,516.06,516.0,488.0,544.0,56.0,508.0,525.0,517.3599999999997
508.9361653568778,506.9591836734694,13.0,1334.0,44.81524849080717,44.81524849080717,37.755935027072056,13.0,1334.0,44.81524849080717,506.9591836734694,507.0,417.0,597.0,180.0,473.0,540.0,1850.0408163265304
496.2919906667848,495.66,20.0,1197.0,25.0380590302044,25.0380590302044,19.9136,20.0,1197.0,25.038059030204398,495.66,499.5,422.0,542.0,120.0,478.5,510.0,995.68
545.0052707066595,544.9019607843137,18.0,513.0,10.611231382334593,10.611231382334593,8.46828143021915,18.0,513.0,10.611231382334593,544.9019607843137,546.0,522.0,565.0,43.0,537.5,554.5,431.8823529411767
527.2745963916715,526.06,13.0,1430.0,35.76837150332679,35.76837150332679,29.8976,13.0,1430.0,35.76837150332679,526.06,530.0,450.0,600.0,150.0,499.25,550.25,1494.88
494.9322984004984,494.3,18.0,931.0,25.009798079952585,25.009798079952585,19.484,18.0,931.0,25.00979807995259,494.3,493.5,426.0,550.0,124.0,481.25,511.0,974.2
507.4726199510669,507.26,25.0,767.0,14.68851251829129,14.68851251829129,12.0008,25.0,767.0,14.688512518291294,507.26,505.5,478.0,547.0,69.0,497.0,516.75,600.04
501.9193560722679,501.76,19.0,629.0,12.64683359580571,12.64683359580571,10.1424,19.0,629.0,12.64683359580571,501.76,498.5,480.0,537.0,57.0,493.25,509.5,507.1199999999999
491.9245673881312,491.62,11.0,564.0,17.30767459828154,17.30767459828154,13.8256,11.0,564.0,17.307674598281537,491.62,494.5,444.0,524.0,80.0,479.0,503.5,691.28
535.9365260924096,535.4,22.0,1100.0,23.97498696558561,23.97498696558561,20.584,22.0,1100.0,23.97498696558561,535.4,538.5,480.0,588.0,108.0,518.25,553.75,1029.2
499.7840133497669,499.3,28.0,1330.0,21.99022510116711,21.99022510116711,18.7,28.0,1330.0,21.99022510116711,499.3,501.0,463.0,541.0,78.0,480.5,516.75,935.0
505.3131900118975,504.54,30.0,1680.0,27.942949021175277,27.942949021175277,22.88480000000001,30.0,1680.0,27.942949021175277,504.54,500.5,456.0,562.0,106.0,488.0,527.75,1144.2400000000002
523.4926821220083,523.1764705882352,25.0,1087.0,18.19254952257896,18.19254952257896,14.408304498269898,25.0,1087.0,18.19254952257896,523.1764705882352,524.0,474.0,577.0,103.0,511.5,535.5,734.8235294117648
530.4007918546125,529.9387755102041,21.0,1122.0,22.133553956505104,22.133553956505104,19.325281132861303,21.0,1122.0,22.133553956505104,529.9387755102041,529.0,480.0,570.0,90.0,510.0,549.0,946.938775510204
469.997085097344,469.54,27.0,1191.0,20.723136828192786,20.723136828192786,16.663200000000003,27.0,1191.0,20.723136828192786,469.54,469.0,420.0,504.0,84.0,454.25,485.5,833.1600000000001
499.2766567745782,497.9,8.0,1094.0,37.05091091997604,37.05091091997604,31.335999999999995,8.0,1094.0,37.05091091997604,497.9,496.5,429.0,574.0,145.0,467.25,529.0,1566.7999999999995
521.2532014290176,521.14,25.0,591.0,10.86279890267697,10.86279890267697,8.1456,25.0,591.0,10.862798902676971,521.14,520.5,497.0,549.0,52.0,516.0,527.0,407.28
519.6921396365352,519.56,27.0,650.0,11.71863473276644,11.71863473276644,9.995200000000004,27.0,650.0,11.71863473276644,519.56,521.0,494.0,543.0,49.0,509.25,528.0,499.7600000000002
523.3995032477582,522.8,29.0,1642.0,25.043961347997644,25.043961347997644,20.46400000000001,29.0,1642.0,25.043961347997644,522.8,525.5,452.0,566.0,114.0,505.5,540.0,1023.2000000000004
515.447630705584,514.98,30.0,1303.0,21.951300644836515,21.951300644836515,16.9392,30.0,1303.0,21.951300644836515,514.98,513.5,450.0,558.0,108.0,500.25,525.0,846.96
470.4714869149883,470.22,23.0,848.0,15.380884239860851,15.380884239860851,12.122399999999995,23.0,848.0,15.380884239860851,470.22,471.5,430.0,499.0,69.0,461.0,482.0,606.1199999999999
557.1664921726718,557.14,19.0,227.0,5.4332678932664455,5.4332678932664455,4.185599999999999,19.0,227.0,5.433267893266446,557.14,557.0,541.0,569.0,28.0,554.0,561.0,209.28
514.0978700597776,513.38,14.0,1084.0,27.158711309633237,27.158711309633237,20.6752,14.0,1084.0,27.158711309633237,513.38,511.5,435.0,587.0,152.0,496.0,527.0,1033.76
531.566740870796,530.8,16.0,1126.0,28.54049754296516,28.54049754296516,24.136000000000003,16.0,1126.0,28.540497542965152,530.8,532.0,445.0,577.0,132.0,511.5,557.75,1206.8000000000002
514.1182937807213,513.94,23.0,803.0,13.538700085310998,13.538700085310998,10.782399999999996,23.0,803.0,13.538700085310998,513.94,514.0,471.0,547.0,76.0,504.25,522.75,539.1199999999999
507.7629171178218,507.38,19.0,1021.0,19.715871778848637,19.715871778848637,16.145599999999998,19.0,1021.0,19.715871778848637,507.38,505.0,468.0,558.0,90.0,495.0,519.0,807.28
514.6789567987296,514.265306122449,27.0,1197.0,20.630644444912804,20.630644444912804,15.699291961682633,27.0,1197.0,20.630644444912804,514.265306122449,514.0,463.0,571.0,108.0,503.0,526.0,769.265306122449
483.1668241922245,483.06,23.0,520.0,10.159547234006052,10.159547234006052,7.9776,23.0,520.0,10.15954723400605,483.06,484.0,456.0,510.0,54.0,476.0,489.75,398.88
494.7906380583651,494.6326530612245,27.0,694.0,12.502561170352616,12.502561170352616,9.977509371095378,27.0,694.0,12.502561170352616,494.6326530612245,494.0,469.0,523.0,54.0,484.0,502.0,488.8979591836736
512.9353175596315,512.68,20.0,759.0,16.18201470769323,16.18201470769323,13.0,20.0,759.0,16.18201470769323,512.68,512.5,482.0,551.0,69.0,497.0,523.75,650.0
318.4516289799756,312.84,7.0,991.0,59.51952956803338,59.51952956803338,45.8512,7.0,991.0,59.51952956803338,312.84,331.0,159.0,419.0,260.0,299.25,350.5,2292.56
516.6655784934777,516.28,28.0,1177.0,19.956993761586435,19.956993761586435,15.273599999999997,28.0,1177.0,19.956993761586435,516.28,515.0,471.0,570.0,99.0,505.0,525.75,763.6799999999998
499.9193935025926,499.76,17.0,607.0,12.623089954523811,12.623089954523811,10.4304,17.0,607.0,12.623089954523811,499.76,499.0,472.0,522.0,50.0,492.0,510.25,521.52
513.5535609846357,513.3,24.0,951.0,16.135984630632244,16.135984630632244,12.495999999999997,24.0,951.0,16.135984630632244,513.3,511.5,483.0,553.0,70.0,502.0,518.75,624.7999999999997
529.7358964616236,529.36,18.0,1046.0,19.952704077392617,19.952704077392617,16.3856,18.0,1046.0,19.952704077392617,529.36,531.0,490.0,576.0,86.0,518.25,543.75,819.28
501.14762296153816,494.02,4.0,1305.0,84.2210163795237,84.2210163795237,68.304,4.0,1305.0,84.22101637952369,494.02,473.5,383.0,728.0,345.0,424.25,546.0,3415.2
533.9828274392352,533.42,16.0,1033.0,24.51047939147662,24.51047939147662,19.727199999999996,16.0,1033.0,24.51047939147662,533.42,527.5,477.0,603.0,126.0,519.25,550.5,986.3599999999996
508.3767500584581,508.28,25.0,556.0,9.917741678426596,9.917741678426596,7.342399999999998,25.0,556.0,9.917741678426596,508.28,507.5,489.0,547.0,58.0,502.0,514.75,367.1199999999999
502.0623268081365,501.14,26.0,1785.0,30.418422049803965,30.418422049803965,23.796799999999998,26.0,1785.0,30.418422049803965,501.14,499.0,434.0,591.0,157.0,476.25,518.75,1189.8399999999997
507.1673293894235,506.9,28.0,905.0,16.464810961562844,16.464810961562844,12.515999999999996,28.0,905.0,16.464810961562847,506.9,505.0,473.0,549.0,76.0,496.0,514.75,625.7999999999997
529.1663632545062,528.84,20.0,917.0,18.582098912663227,18.582098912663227,15.572799999999996,20.0,917.0,18.58209891266323,528.84,532.0,487.0,561.0,74.0,513.5,544.75,778.6399999999999
485.6045304566258,485.04,33.0,1534.0,23.408511272611936,23.408511272611936,18.523200000000003,33.0,1534.0,23.408511272611936,485.04,484.5,444.0,544.0,100.0,467.5,498.0,926.16
522.5091386760618,522.12,26.0,1110.0,20.16198402935584,20.16198402935584,16.52,26.0,1110.0,20.16198402935584,522.12,522.0,482.0,564.0,82.0,505.0,536.0,826.0
548.3659362141307,548.08,16.0,730.0,17.70631525755712,17.70631525755712,14.48,16.0,730.0,17.70631525755712,548.08,548.5,508.0,588.0,80.0,533.5,558.0,724.0
518.7760981386864,518.12,18.0,1311.0,26.082668575128583,26.082668575128583,22.2,18.0,1311.0,26.082668575128583,518.12,519.0,454.0,559.0,105.0,498.5,540.5,1110.0
519.6322160913428,519.24,16.0,913.0,20.18569790718171,20.18569790718171,16.08,16.0,913.0,20.18569790718171,519.24,519.0,474.0,577.0,103.0,505.0,532.75,804.0
500.9159809788464,500.74,25.0,738.0,13.276761653355084,13.276761653355084,10.7208,25.0,738.0,13.276761653355084,500.74,502.0,474.0,541.0,67.0,491.25,508.75,536.04
505.7447577582985,504.24,11.0,1282.0,38.98438661823474,38.98438661823474,33.041599999999995,11.0,1282.0,38.98438661823474,504.24,514.5,413.0,563.0,150.0,476.0,534.0,1652.08
511.1729257306181,510.16,20.0,1382.0,32.164178832981264,32.164178832981264,25.2064,20.0,1382.0,32.164178832981264,510.16,507.5,438.0,580.0,142.0,493.0,530.0,1260.3200000000002
505.97799823102736,504.7959183673469,7.0,855.0,34.566103245005166,34.566103245005166,30.50145772594752,7.0,855.0,34.566103245005166,504.7959183673469,498.0,455.0,572.0,117.0,471.0,538.0,1494.5714285714284
523.4575286627612,523.3137254901961,22.0,577.0,12.26902715365784,12.26902715365784,9.454825067281822,22.0,577.0,12.26902715365784,523.3137254901961,522.0,501.0,553.0,52.0,516.0,528.0,482.19607843137294
470.0981386902101,470.02,18.0,347.0,8.570857600030466,8.570857600030466,6.579200000000001,18.0,347.0,8.570857600030466,470.02,471.0,452.0,492.0,40.0,464.0,474.75,328.96000000000004
499.9069113345004,499.76,22.0,682.0,12.1186797960834,12.1186797960834,9.8608,22.0,682.0,12.1186797960834,499.76,497.5,480.0,537.0,57.0,492.0,507.75,493.04
505.5277770146101,504.5686274509804,27.0,1774.0,31.12609075304976,31.12609075304976,23.946174548250674,27.0,1774.0,31.12609075304976,504.5686274509804,500.0,449.0,603.0,154.0,485.5,521.0,1221.2549019607843
516.3975019304412,516.1,19.0,832.0,17.526266002774236,17.526266002774236,14.22,19.0,832.0,17.526266002774236,516.1,515.5,473.0,547.0,74.0,507.25,529.75,711.0
529.714205963933,529.02,21.0,1277.0,27.11050718817337,27.11050718817337,21.5016,21.0,1277.0,27.11050718817337,529.02,527.5,481.0,595.0,114.0,514.25,547.0,1075.08
520.4561845150848,520.24,20.0,697.0,14.999413321860292,14.999413321860292,11.577600000000002,20.0,697.0,14.999413321860292,520.24,518.0,487.0,565.0,78.0,511.0,529.5,578.8800000000001
551.6464040506752,549.8775510204082,12.0,1454.0,44.14106915151958,44.14106915151958,35.063723448563096,12.0,1454.0,44.14106915151958,549.8775510204082,553.0,446.0,660.0,214.0,517.0,580.0,1718.1224489795918
501.7304056961268,501.56,27.0,728.0,13.075412039396694,13.075412039396694,10.9152,27.0,728.0,13.075412039396694,501.56,503.0,466.0,526.0,60.0,493.0,511.0,545.76
498.9783362030861,498.1,24.0,1700.0,29.59341142889748,29.59341142889748,23.144000000000005,24.0,1700.0,29.59341142889748,498.1,497.0,434.0,591.0,157.0,476.0,516.5,1157.2000000000005
539.840995108745,518.38,8.0,2486.0,150.69995222295196,150.69995222295196,100.2336,8.0,2486.0,150.69995222295196,518.38,556.5,0.0,772.0,772.0,499.75,585.0,5011.68
476.8211404709317,476.4,19.0,992.0,20.035967658189108,20.035967658189108,15.871999999999998,19.0,992.0,20.035967658189108,476.4,473.5,418.0,518.0,100.0,461.75,487.75,793.5999999999999
499.9351757978228,498.94,27.0,1919.0,31.528659977867758,31.528659977867758,25.4152,27.0,1919.0,31.528659977867758,498.94,496.5,419.0,565.0,146.0,475.25,518.75,1270.76
525.0599775263775,524.98,19.0,416.0,9.16403841109366,9.16403841109366,6.856800000000003,19.0,416.0,9.16403841109366,524.98,523.5,501.0,554.0,53.0,520.0,529.0,342.84000000000015
507.6442061129035,507.36,23.0,872.0,16.984416386794102,16.984416386794102,13.4,23.0,872.0,16.984416386794102,507.36,507.0,465.0,546.0,81.0,497.25,518.0,670.0
524.5678221164543,523.68,32.0,1893.0,30.50668123542776,30.50668123542776,23.0944,32.0,1893.0,30.50668123542776,523.68,521.0,470.0,640.0,170.0,506.25,541.75,1154.7199999999998
557.2012024394778,557.02,30.0,879.0,14.209137904883605,14.209137904883605,11.377600000000005,30.0,879.0,14.209137904883605,557.02,560.0,526.0,593.0,67.0,549.25,565.75,568.8800000000001
497.1128644483061,496.44,23.0,1457.0,25.85587747495721,25.85587747495721,20.3776,23.0,1457.0,25.855877474957214,496.44,494.0,441.0,561.0,120.0,479.25,510.75,1018.88
505.9984782585813,505.26,31.0,1883.0,27.327502630134354,27.327502630134354,22.8616,31.0,1883.0,27.327502630134354,505.26,500.5,458.0,567.0,109.0,487.25,527.75,1143.08
509.5761572130313,509.14,22.0,994.0,21.07890889016792,21.07890889016792,16.9456,22.0,994.0,21.07890889016792,509.14,509.0,463.0,559.0,96.0,494.0,523.0,847.28
516.7986648589565,516.46,22.0,883.0,18.70637324550112,18.70637324550112,14.696800000000003,22.0,883.0,18.70637324550112,516.46,512.5,478.0,566.0,88.0,503.0,528.5,734.8400000000001
533.2299879039062,533.1,17.0,514.0,11.77327482054165,11.77327482054165,9.696,17.0,514.0,11.77327482054165,533.1,534.0,506.0,555.0,49.0,525.0,541.0,484.8
527.5419225047427,526.88,21.0,1231.0,26.418660072002137,26.418660072002137,21.0448,21.0,1231.0,26.418660072002137,526.88,527.0,471.0,590.0,119.0,512.25,546.0,1052.24
498.6606661849318,497.9,25.0,1708.0,27.53270782178898,27.53270782178898,21.104000000000006,25.0,1708.0,27.53270782178898,497.9,499.5,434.0,563.0,129.0,479.25,512.75,1055.2000000000005
501.23349848149616,501.1,26.0,676.0,11.567627241573788,11.567627241573788,8.840000000000005,26.0,676.0,11.567627241573788,501.1,499.0,480.0,531.0,51.0,493.5,504.0,442.0000000000002
520.4715679662286,517.469387755102,16.0,2319.0,55.8219114468892,55.8219114468892,44.76967930029155,16.0,2319.0,55.8219114468892,517.469387755102,527.0,374.0,627.0,253.0,484.0,553.0,2193.714285714286
495.1614080277258,494.38,22.0,1236.0,27.807114197629357,27.807114197629357,21.3552,22.0,1236.0,27.80711419762936,494.38,491.5,431.0,579.0,148.0,473.25,509.0,1067.7599999999998
504.15319100448033,503.48,29.0,1701.0,26.044761469439493,26.044761469439493,20.577600000000004,29.0,1701.0,26.044761469439493,503.48,500.0,451.0,558.0,107.0,488.25,521.5,1028.88
528.2937251188963,528.22,20.0,397.0,8.825621791126109,8.825621791126109,7.637600000000003,20.0,397.0,8.825621791126107,528.22,526.5,516.0,551.0,35.0,521.0,534.75,381.8800000000001
545.9336040215879,545.66,24.0,979.0,17.281909616706134,17.281909616706134,14.048000000000007,24.0,979.0,17.281909616706134,545.66,548.0,497.0,578.0,81.0,531.25,558.75,702.4000000000003
494.8419661150127,494.4489795918368,13.0,596.0,19.717454429080057,19.717454429080057,15.533527696793003,13.0,596.0,19.71745442908006,494.4489795918368,490.0,456.0,546.0,90.0,479.0,505.0,761.1428571428572
520.6853176343654,520.32,24.0,1109.0,19.50122047462671,19.50122047462671,15.2128,24.0,1109.0,19.50122047462671,520.32,519.5,487.0,566.0,79.0,506.25,530.75,760.6400000000001
510.9631493561938,510.78,16.0,685.0,13.679605257462658,13.679605257462658,9.6424,16.0,685.0,13.679605257462658,510.78,510.0,483.0,548.0,65.0,504.25,515.75,482.1199999999999
493.6758855767618,492.96,21.0,1025.0,26.576651406827008,26.576651406827008,20.72,21.0,1025.0,26.576651406827004,492.96,492.5,426.0,550.0,124.0,478.0,510.75,1036.0
533.2414837575936,533.0,10.0,472.0,16.04618334682737,16.04618334682737,12.92,10.0,472.0,16.04618334682737,533.0,537.5,491.0,562.0,71.0,524.0,543.0,646.0
531.6012979668127,531.46,21.0,599.0,12.255953655264856,12.255953655264856,9.841599999999998,21.0,599.0,12.255953655264856,531.46,532.0,508.0,563.0,55.0,522.25,539.75,492.0799999999999
522.1731130573462,521.84,22.0,983.0,18.64871041117857,18.64871041117857,14.8,22.0,983.0,18.64871041117857,521.84,521.5,487.0,566.0,79.0,508.0,533.5,740.0
518.50822558567,518.34,27.0,785.0,13.206983001427693,13.206983001427693,10.6336,27.0,785.0,13.206983001427693,518.34,518.0,494.0,546.0,52.0,509.25,526.75,531.6800000000001
428.7857321339327,427.6530612244898,21.0,1324.0,31.145839320131277,31.145839320131277,24.504789670970432,21.0,1324.0,31.145839320131277,427.6530612244898,432.0,349.0,498.0,149.0,407.0,450.0,1200.734693877551
497.8477277240502,497.44,22.0,1030.0,20.14463700343096,20.14463700343096,15.9504,22.0,1030.0,20.14463700343096,497.44,494.0,466.0,561.0,95.0,484.25,510.75,797.52
522.505081315005,522.12,21.0,1037.0,20.056560024091866,20.056560024091866,15.3248,21.0,1037.0,20.056560024091866,522.12,521.0,474.0,570.0,96.0,512.5,531.75,766.24
506.1844920579847,505.94,18.0,646.0,15.730746962557117,15.730746962557117,12.1752,18.0,646.0,15.730746962557118,505.94,504.0,467.0,548.0,81.0,497.0,516.5,608.76
493.3735298939334,493.24,29.0,704.0,11.47790921727472,11.47790921727472,9.4288,29.0,704.0,11.47790921727472,493.24,492.0,467.0,517.0,50.0,485.25,501.75,471.44000000000005
547.6445014788335,513.18,4.0,3414.0,191.20875398370237,191.20875398370237,144.1984,4.0,3414.0,191.20875398370237,513.18,552.0,0.0,866.0,866.0,409.5,604.75,7209.92
525.0614059326775,524.72,27.0,1107.0,18.931497563584344,18.931497563584344,15.8288,27.0,1107.0,18.931497563584347,524.72,523.0,485.0,563.0,78.0,511.0,538.0,791.44
521.6788283992364,521.48,12.0,691.0,14.401722119246712,14.401722119246712,11.678400000000002,12.0,691.0,14.401722119246712,521.48,520.0,490.0,552.0,62.0,512.0,531.0,583.9200000000001
498.9690771981767,498.66,15.0,686.0,17.559738039048305,17.559738039048305,14.0864,15.0,686.0,17.559738039048305,498.66,496.5,464.0,539.0,75.0,487.0,511.5,704.3199999999999
517.2564161032708,516.8,31.0,1319.0,21.724640388278008,21.724640388278008,17.088,31.0,1319.0,21.724640388278008,516.8,518.0,470.0,565.0,95.0,503.25,529.0,854.4000000000001
516.9494705501118,513.2448979591836,9.0,1253.0,61.77725973938917,61.77725973938917,49.83256976259893,9.0,1253.0,61.77725973938918,513.2448979591836,528.0,353.0,601.0,248.0,481.0,557.0,2441.7959183673474
511.10593813807327,510.8,28.0,1016.0,17.681628884240276,17.681628884240276,14.776,28.0,1016.0,17.681628884240276,510.8,508.5,482.0,555.0,73.0,496.25,526.75,738.8
500.5054245460283,500.04,25.0,1281.0,21.57958294314327,21.57958294314327,17.003200000000003,25.0,1281.0,21.57958294314327,500.04,496.5,450.0,553.0,103.0,487.25,511.0,850.1600000000001
513.4421291635505,512.86,28.0,1527.0,24.442593970362477,24.442593970362477,19.86,28.0,1527.0,24.442593970362477,512.86,513.0,464.0,563.0,99.0,497.25,527.75,993.0
542.8701126270201,542.0408163265306,13.0,1036.0,29.99520994661938,29.99520994661938,25.91753436068305,13.0,1036.0,29.99520994661938,542.0408163265306,545.0,485.0,614.0,129.0,520.0,566.0,1269.9591836734694
510.2136023274958,509.92,22.0,871.0,17.306461221174015,17.306461221174015,13.744000000000003,22.0,871.0,17.306461221174015,509.92,507.0,469.0,555.0,86.0,497.25,522.0,687.2000000000003
500.2762502164302,499.7551020408163,25.0,1408.0,22.82902789839081,22.82902789839081,17.65847563515202,25.0,1408.0,22.82902789839081,499.7551020408163,497.0,450.0,553.0,103.0,486.0,508.0,865.2653061224489
607.8999588748135,607.52,28.0,1365.0,21.48975569893711,21.48975569893711,17.582399999999996,28.0,1365.0,21.48975569893711,607.52,604.0,570.0,661.0,91.0,592.0,621.75,879.1199999999999
564.1078620264036,509.12,6.0,2619.0,242.9290134998288,242.9290134998288,164.41600000000005,6.0,2619.0,242.9290134998288,509.12,537.5,0.0,978.0,978.0,489.25,595.25,8220.800000000003
513.2409960242849,512.44,23.0,1460.0,28.662979607849564,28.662979607849564,21.2,23.0,1460.0,28.662979607849564,512.44,512.0,444.0,612.0,168.0,497.25,526.5,1060.0
528.4102005071439,527.94,15.0,944.0,22.286686608825462,22.286686608825462,15.787199999999991,15.0,944.0,22.28668660882546,527.94,530.5,444.0,589.0,145.0,515.25,539.0,789.3599999999997
494.44526491817066,494.2,17.0,781.0,15.571769327857384,15.571769327857384,12.391999999999998,17.0,781.0,15.571769327857384,494.2,493.0,453.0,530.0,77.0,482.0,504.5,619.5999999999999
511.60242376282775,511.28,27.0,1102.0,18.16044052329128,18.16044052329128,15.175999999999997,27.0,1102.0,18.16044052329128,511.28,507.5,482.0,555.0,73.0,497.0,527.75,758.7999999999997
513.8365888101002,513.6,13.0,524.0,15.59102305815754,15.59102305815754,12.527999999999995,13.0,524.0,15.591023058157536,513.6,514.5,473.0,539.0,66.0,504.25,526.0,626.3999999999999
506.5394357796834,506.04,19.0,892.0,22.488183563818577,22.488183563818577,19.2768,19.0,892.0,22.488183563818577,506.04,510.5,464.0,545.0,81.0,487.75,522.0,963.84
487.1126563742724,486.46,33.0,1651.0,25.20730846401496,25.20730846401496,19.672,33.0,1651.0,25.207308464014957,486.46,482.0,431.0,553.0,122.0,469.75,501.75,983.6
520.1736440843576,520.1,24.0,448.0,8.752713864853574,8.752713864853574,7.46,24.0,448.0,8.752713864853575,520.1,520.5,503.0,537.0,34.0,512.25,526.0,373.0
508.8477571926597,508.48,17.0,731.0,19.34243004381817,19.34243004381817,16.2592,17.0,731.0,19.342430043818176,508.48,507.0,465.0,547.0,82.0,492.5,522.0,812.96
508.7607099609796,508.42,23.0,1024.0,18.61621873528564,18.61621873528564,15.1696,23.0,1024.0,18.61621873528564,508.42,513.0,462.0,545.0,83.0,496.0,519.75,758.48
488.10181314967474,487.42,22.0,1330.0,25.789990306318455,25.789990306318455,20.5632,22.0,1330.0,25.789990306318455,487.42,489.0,437.0,552.0,115.0,469.5,503.5,1028.16
517.4730717631595,516.94,28.0,1426.0,23.48225713171543,23.48225713171543,18.544799999999995,28.0,1426.0,23.482257131715425,516.94,518.5,470.0,565.0,95.0,503.25,529.75,927.2399999999998
526.8759388147847,526.1764705882352,26.0,1635.0,27.139946596645004,27.139946596645004,21.035755478662058,26.0,1635.0,27.139946596645004,526.1764705882352,527.0,455.0,591.0,136.0,510.0,541.5,1072.8235294117649
515.7009404684076,515.34,24.0,1037.0,19.291044554404,19.291044554404,15.593600000000002,24.0,1037.0,19.291044554404,515.34,513.5,476.0,566.0,90.0,502.0,528.5,779.6800000000001
509.8772205149001,509.5,25.0,1038.0,19.60943650388761,19.60943650388761,14.84,25.0,1038.0,19.60943650388761,509.5,510.5,442.0,551.0,109.0,501.25,523.5,742.0
486.3227323496199,485.92,24.0,1087.0,19.78771335955724,19.78771335955724,15.7136,24.0,1087.0,19.78771335955724,485.92,483.0,445.0,536.0,91.0,471.75,495.5,785.6800000000001
523.4227619764945,523.3061224489796,19.0,551.0,11.049432678450891,11.049432678450891,8.623073719283637,19.0,551.0,11.049432678450891,523.3061224489796,522.0,495.0,550.0,55.0,516.0,530.0,422.5306122448982
530.2669704969375,529.38,17.0,1194.0,30.657390626079057,30.657390626079057,25.524799999999995,17.0,1194.0,30.657390626079057,529.38,531.0,477.0,600.0,123.0,508.25,547.5,1276.2399999999998
525.4170533966327,524.72,25.0,1573.0,27.05552808577205,27.05552808577205,21.3888,25.0,1573.0,27.05552808577205,524.72,523.0,455.0,591.0,136.0,506.5,540.0,1069.44
495.5558293472089,495.26,20.0,834.0,17.120525692863524,17.120525692863524,13.54,20.0,834.0,17.120525692863524,495.26,495.5,466.0,546.0,80.0,482.25,507.0,677.0
517.2516215537656,516.2,24.0,1669.0,32.96664981462326,32.96664981462326,24.176,24.0,1669.0,32.96664981462326,516.2,515.5,438.0,626.0,188.0,493.25,530.75,1208.8000000000002
528.481749921414,528.08,20.0,999.0,20.60275709704893,20.60275709704893,16.4832,20.0,999.0,20.60275709704893,528.08,528.0,487.0,577.0,90.0,513.25,543.0,824.1600000000001
510.14413649477535,510.04,21.0,513.0,10.307201366035304,10.307201366035304,8.2,21.0,513.0,10.307201366035304,510.04,510.5,484.0,538.0,54.0,503.0,517.0,410.0
497.5503592602461,496.76,22.0,1262.0,28.03323741561077,28.03323741561077,20.96,22.0,1262.0,28.03323741561077,496.76,497.0,442.0,598.0,156.0,479.25,509.25,1048.0
487.84470889823126,487.34,24.0,1325.0,22.18522932042849,22.18522932042849,16.993599999999997,24.0,1325.0,22.18522932042849,487.34,487.0,421.0,532.0,111.0,472.25,504.0,849.6799999999998
522.2620989503259,521.94,19.0,940.0,18.339476546510262,18.339476546510262,13.9,19.0,940.0,18.339476546510262,521.94,521.5,473.0,560.0,87.0,513.75,533.75,695.0
534.8840435084973,529.26,6.0,1705.0,77.36144000728011,77.36144000728011,63.25280000000001,6.0,1705.0,77.36144000728012,529.26,499.5,415.0,722.0,307.0,476.25,564.0,3162.6400000000003
520.8316618639846,520.38,20.0,1079.0,21.685838697177477,21.685838697177477,17.2848,20.0,1079.0,21.685838697177477,520.38,521.0,469.0,569.0,100.0,506.75,533.75,864.24
474.4655941161593,474.12,23.0,1015.0,18.105954821549734,18.105954821549734,13.7744,23.0,1015.0,18.10595482154973,474.12,472.5,418.0,518.0,100.0,461.75,484.75,688.72
520.6717795702167,520.5714285714286,23.0,506.0,10.222025039999036,10.222025039999036,7.329446064139943,23.0,506.0,10.22202503999904,520.5714285714286,521.0,495.0,551.0,56.0,515.0,524.0,359.1428571428572
511.7728988526063,511.42,25.0,1002.0,19.00219987264633,19.00219987264633,14.82,25.0,1002.0,19.00219987264633,511.42,511.5,466.0,550.0,84.0,499.0,522.0,741.0
519.6031370190137,519.3,24.0,1001.0,17.746267213135273,17.746267213135273,12.928000000000004,24.0,1001.0,17.746267213135273,519.3,520.0,471.0,570.0,99.0,510.0,526.75,646.4000000000001
525.8233733869197,525.42,20.0,997.0,20.59231895634875,20.59231895634875,17.186400000000003,20.0,997.0,20.592318956348752,525.42,527.0,486.0,571.0,85.0,508.25,537.75,859.3200000000002
517.7306249392632,517.44,22.0,876.0,17.344924329612972,17.344924329612972,13.235200000000004,22.0,876.0,17.344924329612972,517.44,516.5,478.0,562.0,84.0,506.5,526.25,661.7600000000002
520.331067686718,520.18,13.0,550.0,12.53744790617293,12.53744790617293,10.187199999999995,13.0,550.0,12.53744790617293,520.18,520.0,495.0,547.0,52.0,512.0,527.75,509.3599999999999
529.388194050453,527.9,11.0,1323.0,39.666736694616056,39.666736694616056,32.864000000000004,11.0,1323.0,39.666736694616056,527.9,530.0,450.0,613.0,163.0,494.0,552.5,1643.2000000000005
502.0,501.36,16.0,1069.0,25.3406866521016,25.3406866521016,20.7376,16.0,1069.0,25.3406866521016,501.36,497.5,452.0,561.0,109.0,481.25,515.75,1036.88
516.3545487356531,515.62,22.0,1462.0,27.5324463133954,27.5324463133954,22.0904,22.0,1462.0,27.5324463133954,515.62,519.0,464.0,592.0,128.0,498.0,531.5,1104.52
550.1797342687206,538.3,10.0,1367.0,113.71389536903573,113.71389536903573,90.856,10.0,1367.0,113.71389536903573,538.3,524.0,353.0,785.0,432.0,442.0,608.75,4542.8
495.8746212501705,495.76,26.0,642.0,10.661256961540698,10.661256961540698,8.3504,26.0,642.0,10.661256961540698,495.76,495.0,470.0,518.0,48.0,489.25,503.0,417.52
489.8643689839056,489.54,17.0,843.0,17.823815528668376,17.823815528668376,14.7952,17.0,843.0,17.823815528668376,489.54,493.0,448.0,531.0,83.0,478.0,501.0,739.76
535.818775333601,535.4,13.0,898.0,21.180179413782124,21.180179413782124,16.703999999999997,13.0,898.0,21.180179413782124,535.4,531.0,494.0,602.0,108.0,523.5,549.5,835.1999999999998
506.1822201539679,505.2,14.0,1434.0,31.51824868231101,31.51824868231101,25.264,14.0,1434.0,31.51824868231101,505.2,509.0,417.0,575.0,158.0,484.25,527.25,1263.2
510.7555028322938,510.4489795918368,15.0,717.0,17.69245339465481,17.69245339465481,14.417326114119115,15.0,717.0,17.69245339465481,510.4489795918368,510.0,473.0,544.0,71.0,497.0,524.0,706.4489795918367
498.70821128190784,498.6,25.0,560.0,10.38845513057644,10.38845513057644,8.591999999999999,25.0,560.0,10.388455130576444,498.6,499.5,479.0,518.0,39.0,491.0,507.5,429.5999999999999
536.4132735121308,536.12,17.0,790.0,17.73543345960284,17.73543345960284,13.384,17.0,790.0,17.73543345960284,536.12,535.0,495.0,590.0,95.0,527.25,547.75,669.2
571.5614845423412,571.3469387755102,27.0,954.0,15.65906012819072,15.65906012819072,12.980424822990424,27.0,954.0,15.65906012819072,571.3469387755102,571.0,536.0,609.0,73.0,559.0,584.0,636.0408163265307
500.5172618519412,499.6862745098039,30.0,1697.0,28.82978456869884,28.82978456869884,22.79046520569012,30.0,1697.0,28.82978456869884,499.6862745098039,501.0,452.0,591.0,139.0,476.0,514.0,1162.313725490196
505.32049236103614,504.6,21.0,1330.0,26.974803057668467,26.974803057668467,20.96,21.0,1330.0,26.974803057668467,504.6,503.5,438.0,573.0,135.0,487.25,523.25,1048.0
506.5241948811528,505.68,28.0,1757.0,29.231790913319017,29.231790913319017,22.64,28.0,1757.0,29.23179091331901,505.68,506.5,441.0,577.0,136.0,489.0,525.0,1132.0
520.8709629073212,520.64,12.0,560.0,15.50968729536479,15.50968729536479,12.44,12.0,560.0,15.509687295364792,520.64,521.0,492.0,559.0,67.0,509.75,530.0,622.0
512.3862995826488,512.12,14.0,682.0,16.517433214637194,16.517433214637194,13.0752,14.0,682.0,16.517433214637194,512.12,513.0,474.0,549.0,75.0,500.25,522.5,653.76
460.10518362652687,459.74,27.0,1092.0,18.32791313816169,18.32791313816169,14.14,27.0,1092.0,18.32791313816169,459.74,459.5,410.0,500.0,90.0,446.5,471.75,707.0
501.6144136685069,500.66,28.0,1922.0,30.92869864704948,30.92869864704948,24.13920000000001,28.0,1922.0,30.928698647049472,500.66,498.0,448.0,592.0,144.0,475.25,514.5,1206.9600000000005
560.0186621540253,559.8039215686274,24.0,809.0,15.507138909880156,15.507138909880156,11.956939638600538,24.0,809.0,15.507138909880156,559.8039215686274,559.0,514.0,594.0,80.0,549.0,569.5,609.8039215686274
558.7890299567449,558.7,11.0,349.0,9.97446740432791,9.97446740432791,8.175999999999995,11.0,349.0,9.974467404327912,558.7,560.0,534.0,577.0,43.0,551.25,566.75,408.7999999999997
524.1977298691783,521.66,10.0,1309.0,51.51800073760627,51.51800073760627,38.2976,10.0,1309.0,51.51800073760627,521.66,506.5,450.0,655.0,205.0,490.0,532.0,1914.88
511.618314762089,511.18,26.0,1226.0,21.17327560865347,21.17327560865347,16.3,26.0,1226.0,21.173275608653476,511.18,511.5,475.0,572.0,97.0,495.25,521.75,815.0
519.0244310242052,518.6,18.0,949.0,20.98570942331948,20.98570942331948,17.088,18.0,949.0,20.98570942331948,518.6,517.0,475.0,573.0,98.0,503.25,532.75,854.4000000000001
578.6077600585737,575.66,7.0,1109.0,58.3309900481725,58.3309900481725,48.94,7.0,1109.0,58.3309900481725,575.66,577.0,454.0,675.0,221.0,530.25,616.25,2447.0
513.3212639273771,513.0,25.0,1073.0,18.158193742770784,18.158193742770784,14.24,25.0,1073.0,18.158193742770784,513.0,510.5,487.0,564.0,77.0,498.5,522.0,712.0
485.83441623664334,485.48,24.0,998.0,18.553964535915227,18.553964535915227,15.7184,24.0,998.0,18.553964535915227,485.48,480.5,451.0,537.0,86.0,473.25,498.0,785.9200000000001
511.25443763355247,510.94,28.0,1012.0,17.928089691877382,17.928089691877382,13.057599999999995,28.0,1012.0,17.928089691877382,510.94,510.0,477.0,567.0,90.0,501.25,520.75,652.8799999999999
518.9981502857212,517.84,30.0,2359.0,34.65276900912826,34.65276900912826,30.187200000000004,30.0,2359.0,34.65276900912826,517.84,514.0,459.0,576.0,117.0,486.25,547.0,1509.36
532.1323488895351,531.7755102040817,17.0,1010.0,19.48444204699095,19.48444204699095,16.0249895876718,17.0,1010.0,19.484442046990956,531.7755102040817,532.0,495.0,576.0,81.0,520.0,546.0,785.2244897959183
541.018539423558,539.62,18.0,1631.0,38.87564275995961,38.87564275995961,32.02,18.0,1631.0,38.87564275995961,539.62,541.5,433.0,619.0,186.0,517.5,569.5,1601.0
525.7001046223978,525.16,20.0,1192.0,23.82382001275194,23.82382001275194,18.5392,20.0,1192.0,23.82382001275194,525.16,522.5,483.0,583.0,100.0,508.0,539.0,926.9599999999998
520.2272772548552,519.54,23.0,1322.0,26.73216040652158,26.73216040652158,21.856800000000003,23.0,1322.0,26.732160406521583,519.54,523.0,452.0,562.0,110.0,504.5,543.0,1092.84
523.476494219177,522.68,30.0,1748.0,28.866201689865605,28.866201689865605,24.49280000000001,30.0,1748.0,28.866201689865605,522.68,525.5,474.0,593.0,119.0,496.0,546.75,1224.6400000000003
523.4907258013269,522.9,21.0,1238.0,24.86222033527979,24.86222033527979,21.392,21.0,1238.0,24.862220335279797,522.9,528.0,477.0,562.0,85.0,502.5,543.75,1069.6
513.253602033147,512.98,19.0,682.0,16.75647934382399,16.75647934382399,13.22,19.0,682.0,16.75647934382399,512.98,512.0,472.0,548.0,76.0,503.5,522.75,661.0
474.3402787029581,473.66,19.0,1158.0,25.394968005492743,25.394968005492743,19.3808,19.0,1158.0,25.394968005492743,473.66,475.0,408.0,527.0,119.0,460.5,488.0,969.04
506.4859326773055,506.36,22.0,647.0,11.293821319641992,11.293821319641992,9.323200000000002,22.0,647.0,11.293821319641992,506.36,506.0,487.0,536.0,49.0,498.0,514.0,466.1600000000001
519.715864679923,519.38,22.0,1062.0,18.68142392859816,18.68142392859816,14.4296,22.0,1062.0,18.68142392859816,519.38,521.0,469.0,568.0,99.0,509.0,530.75,721.48
521.2254598539868,518.1,15.0,2190.0,56.99447341628835,56.99447341628835,43.88399999999999,15.0,2190.0,56.99447341628835,518.1,528.0,317.0,627.0,310.0,485.0,554.75,2194.2
534.078242046473,533.3725490196078,16.0,1044.0,27.446176050171523,27.446176050171523,22.50211457131872,16.0,1044.0,27.446176050171523,533.3725490196078,529.0,481.0,600.0,119.0,512.5,553.5,1147.6078431372548
487.1669323753409,486.54,28.0,1651.0,24.707253995537425,24.707253995537425,18.746400000000005,28.0,1651.0,24.707253995537425,486.54,485.0,432.0,548.0,116.0,473.25,500.75,937.3200000000002
510.1691596211706,509.59183673469386,22.0,1304.0,24.263787048449963,24.263787048449963,19.7542690545606,22.0,1304.0,24.263787048449963,509.59183673469386,507.0,463.0,564.0,101.0,493.0,529.0,967.9591836734692
506.4599552526436,506.2745098039216,29.0,849.0,13.704269309551949,13.704269309551949,10.946559015763167,29.0,849.0,13.704269309551949,506.2745098039216,505.0,486.0,547.0,61.0,495.5,512.5,558.2745098039215
485.0254990141008,484.4693877551021,23.0,1321.0,23.21953966111593,23.21953966111593,18.440649729279468,23.0,1321.0,23.21953966111593,484.4693877551021,487.0,421.0,532.0,111.0,470.0,501.0,903.591836734694
529.9574511222576,529.22,14.0,1067.0,27.948016029764972,27.948016029764972,20.9976,14.0,1067.0,27.94801602976497,529.22,527.5,461.0,615.0,154.0,513.25,545.0,1049.88
501.4005384919326,501.26,23.0,671.0,11.870652888531447,11.870652888531447,9.6496,23.0,671.0,11.870652888531447,501.26,502.0,472.0,530.0,58.0,494.0,509.75,482.48
580.1797824812581,574.46,2.0,1294.0,81.26677303793967,81.26677303793967,65.48400000000001,2.0,1294.0,81.26677303793967,574.46,543.0,476.0,785.0,309.0,521.25,608.75,3274.2000000000007
539.7981482149846,525.9183673469388,6.0,2482.0,121.6220033688678,121.6220033688678,94.923781757601,6.0,2482.0,121.6220033688678,525.9183673469388,495.0,271.0,797.0,526.0,447.0,571.0,4651.265306122449
632.4789798878694,597.46,1.0,2433.0,207.5360412073045,207.5360412073045,165.25119999999998,1.0,2433.0,207.5360412073045,597.46,667.5,1.0,958.0,957.0,455.25,712.0,8262.56
510.01250965049866,509.44,26.0,1309.0,24.15877480337113,24.15877480337113,18.5728,26.0,1309.0,24.15877480337113,509.44,505.5,470.0,586.0,116.0,493.0,521.75,928.64
556.8084949064624,556.78,19.0,247.0,5.633080862192553,5.633080862192553,4.468800000000001,19.0,247.0,5.633080862192553,556.78,557.0,541.0,567.0,26.0,553.25,560.75,223.44000000000003
536.2305847301141,535.84,20.0,1090.0,20.46300075746468,20.46300075746468,16.467200000000002,20.0,1090.0,20.46300075746468,535.84,535.0,490.0,581.0,91.0,522.25,551.75,823.3600000000001
535.8352172076785,534.22,15.0,1512.0,41.57368879471726,41.57368879471726,33.5536,15.0,1512.0,41.57368879471726,534.22,539.0,430.0,621.0,191.0,510.0,565.75,1677.6799999999998
499.8080831679296,499.64,23.0,691.0,12.96111106348526,12.96111106348526,9.708800000000002,23.0,691.0,12.96111106348526,499.64,500.0,471.0,531.0,60.0,492.0,505.5,485.44000000000005
505.2207438338216,505.12,24.0,586.0,10.088884973078049,10.088884973078049,8.214400000000001,24.0,586.0,10.088884973078049,505.12,504.0,483.0,527.0,44.0,498.0,512.0,410.72
527.1286560224173,527.06,19.0,383.0,8.507432044982787,8.507432044982787,7.304799999999996,19.0,383.0,8.507432044982787,527.06,524.0,511.0,548.0,37.0,521.0,533.75,365.2399999999998
561.3582991281058,560.86,15.0,998.0,23.64741846375625,23.64741846375625,18.2944,15.0,998.0,23.64741846375625,560.86,560.0,518.0,615.0,97.0,547.5,575.0,914.72
521.8105594945354,521.38,24.0,1247.0,21.19329139138138,21.19329139138138,16.3952,24.0,1247.0,21.19329139138138,521.38,520.5,474.0,579.0,105.0,506.25,531.75,819.76
502.5519475636325,501.86,28.0,1533.0,26.36286023935946,26.36286023935946,20.0944,28.0,1533.0,26.36286023935946,501.86,500.0,455.0,603.0,148.0,485.25,517.0,1004.72
465.2177339698047,464.94,25.0,866.0,16.072846667594387,16.072846667594387,12.302400000000002,25.0,866.0,16.072846667594387,464.94,466.0,432.0,503.0,71.0,456.5,473.0,615.1200000000001
463.3458103835622,463.1,25.0,830.0,15.090725628676706,15.090725628676706,11.927999999999995,25.0,830.0,15.090725628676706,463.1,466.0,432.0,499.0,67.0,453.5,470.75,596.3999999999999
487.86604718918494,487.44,25.0,1068.0,20.38446467288263,20.38446467288263,16.057599999999997,25.0,1068.0,20.38446467288263,487.44,484.5,445.0,536.0,91.0,474.5,495.5,802.8799999999999
524.8768998536705,507.68,7.0,2104.0,133.25455939666756,133.25455939666756,82.20639999999999,7.0,2104.0,133.25455939666756,507.68,543.5,0.0,660.0,660.0,510.0,575.75,4110.32
517.1166406140882,516.78,16.0,927.0,18.65614108008406,18.65614108008406,15.66,16.0,927.0,18.65614108008406,516.78,517.0,483.0,551.0,68.0,503.0,528.75,783.0
513.2862554169944,513.1,22.0,780.0,13.826423977297964,13.826423977297964,11.464,22.0,780.0,13.82642397729796,513.1,511.5,494.0,544.0,50.0,500.75,521.0,573.2
515.3351530800126,514.24,20.0,1373.0,33.57889813558509,33.57889813558509,24.44,20.0,1373.0,33.5788981355851,514.24,514.5,435.0,637.0,202.0,495.0,528.75,1222.0
536.5149205753742,536.38,23.0,588.0,12.031442141322875,12.031442141322875,9.34,23.0,588.0,12.031442141322875,536.38,536.5,509.0,568.0,59.0,529.25,544.75,467.0
544.1980521832103,543.88,23.0,974.0,18.602838493090243,18.602838493090243,15.388800000000002,23.0,974.0,18.60283849309024,543.88,547.5,497.0,578.0,81.0,528.5,557.75,769.44
517.4466156039674,516.92,26.0,1341.0,23.339100239726463,23.339100239726463,17.92,26.0,1341.0,23.339100239726463,516.92,516.5,476.0,591.0,115.0,502.0,529.75,896.0
529.8653036385757,528.56,12.0,1036.0,37.16942829799781,37.16942829799781,31.577600000000004,12.0,1036.0,37.16942829799781,528.56,529.5,447.0,583.0,136.0,496.25,561.0,1578.88
516.4001549186445,515.4,26.0,1913.0,32.12413422957886,32.12413422957886,25.983999999999995,26.0,1913.0,32.12413422957886,515.4,506.0,467.0,621.0,154.0,491.25,533.0,1299.1999999999998
507.63041674036833,507.36,12.0,721.0,16.567148215670674,16.567148215670674,13.9088,12.0,721.0,16.567148215670674,507.36,506.0,474.0,541.0,67.0,493.0,521.75,695.44
521.3990026841248,521.12,20.0,834.0,17.054782320510572,17.054782320510572,14.0448,20.0,834.0,17.054782320510572,521.12,520.5,492.0,575.0,83.0,506.5,531.0,702.24
522.0996073547652,521.5102040816327,23.0,1271.0,24.801351550547825,24.801351550547825,21.54019158683882,23.0,1271.0,24.801351550547825,521.5102040816327,526.0,477.0,562.0,85.0,502.0,543.0,1055.4693877551022
494.3352303852114,493.8,23.0,1250.0,22.99739115638989,22.99739115638989,19.68,23.0,1250.0,22.997391156389888,493.8,494.5,445.0,536.0,91.0,476.0,511.75,984.0
526.3416761002305,526.28,26.0,412.0,8.05739411968907,8.05739411968907,6.211199999999999,26.0,412.0,8.05739411968907,526.28,526.0,511.0,552.0,41.0,520.25,530.0,310.55999999999995
517.8431808955294,517.4,25.0,1106.0,21.419617176784463,21.419617176784463,17.176,25.0,1106.0,21.419617176784463,517.4,515.5,481.0,574.0,93.0,502.0,531.0,858.8
493.2201334090084,493.1,30.0,707.0,10.885311203635842,10.885311203635842,8.796000000000003,30.0,707.0,10.885311203635842,493.1,492.0,473.0,521.0,48.0,484.0,501.75,439.8000000000002
511.98490212114655,511.9,19.0,494.0,9.323625904121206,9.323625904121206,7.304000000000001,19.0,494.0,9.323625904121206,511.9,512.0,493.0,538.0,45.0,507.0,517.75,365.2000000000001
495.69157749552295,492.54,14.0,1943.0,55.80760163275251,55.80760163275251,38.472,14.0,1943.0,55.80760163275251,492.54,498.0,275.0,580.0,305.0,479.0,522.0,1923.6
496.45813519369386,494.68,13.0,1258.0,41.98068127127048,41.98068127127048,33.318400000000004,13.0,1258.0,41.98068127127048,494.68,502.0,387.0,593.0,206.0,471.25,523.75,1665.92
527.1625625430345,525.9591836734694,11.0,1133.0,35.599219885784976,35.599219885784976,29.34777176176593,11.0,1133.0,35.59921988578497,525.9591836734694,528.0,447.0,583.0,136.0,499.0,560.0,1438.0408163265306
521.1662690543202,521.08,20.0,430.0,9.482278207266436,9.482278207266436,8.036799999999998,20.0,430.0,9.482278207266438,521.08,522.0,505.0,543.0,38.0,513.25,528.0,401.8399999999999
499.3922105920356,498.98,22.0,1057.0,20.286438820059075,20.286438820059075,16.577600000000004,22.0,1057.0,20.28643882005908,498.98,496.5,466.0,561.0,95.0,485.0,511.75,828.8800000000001
514.1361687335369,514.0408163265306,18.0,506.0,9.901472130649015,9.901472130649015,7.795085381091212,18.0,506.0,9.901472130649015,514.0408163265306,515.0,493.0,539.0,46.0,509.0,521.0,381.9591836734694
494.1016292221672,493.82,15.0,813.0,16.680155874571437,16.680155874571437,13.336000000000004,15.0,813.0,16.680155874571437,493.82,497.0,448.0,531.0,83.0,482.25,504.0,666.8000000000002
508.2522405262961,508.02,20.0,756.0,15.362929408156504,15.362929408156504,12.4616,20.0,756.0,15.362929408156509,508.02,505.5,478.0,547.0,69.0,497.25,518.5,623.0799999999999
517.260823956348,515.28,8.0,1217.0,45.224789662308,45.224789662308,34.6288,8.0,1217.0,45.22478966230799,515.28,516.5,369.0,601.0,232.0,495.25,546.25,1731.44
583.53066757455,582.88,23.0,1320.0,27.54896731276873,27.54896731276873,21.635199999999998,23.0,1320.0,27.54896731276873,582.88,581.5,519.0,640.0,121.0,567.25,603.75,1081.7599999999998
559.667193380976,559.5714285714286,13.0,322.0,10.352954818281964,10.352954818281964,8.256559766763848,13.0,322.0,10.352954818281964,559.5714285714286,559.0,537.0,583.0,46.0,554.0,568.0,404.57142857142856
571.1331893700453,570.24,19.0,1242.0,31.92902128158644,31.92902128158644,26.0496,19.0,1242.0,31.929021281586444,570.24,569.5,509.0,641.0,132.0,549.75,589.0,1302.48
503.1402003661502,503.0,23.0,615.0,11.876919823329445,11.876919823329445,9.877551020408164,23.0,615.0,11.876919823329445,503.0,503.0,480.0,524.0,44.0,494.0,512.0,484.0
510.3839339164194,509.48,21.0,1628.0,30.36263493177099,30.36263493177099,23.1184,21.0,1628.0,30.36263493177099,509.48,506.0,446.0,599.0,153.0,488.25,526.75,1155.92
525.2829523218891,525.14,19.0,591.0,12.253995266850726,12.253995266850726,9.78,19.0,591.0,12.253995266850726,525.14,525.5,495.0,555.0,60.0,518.25,533.75,489.0
496.0282048432327,495.02,12.0,687.0,31.609802277141817,31.609802277141817,24.816000000000003,12.0,687.0,31.609802277141817,495.02,505.0,416.0,539.0,123.0,483.25,517.0,1240.8000000000002
561.864360855892,506.44,5.0,2856.0,243.3312277534472,243.3312277534472,167.71199999999996,5.0,2856.0,243.3312277534472,506.44,543.0,0.0,978.0,978.0,455.0,595.25,8385.599999999999
527.7179170731273,527.68,24.0,361.0,6.325946569486657,6.325946569486657,5.107199999999998,24.0,361.0,6.325946569486656,527.68,527.0,515.0,546.0,31.0,523.0,532.0,255.3599999999999
513.9764002364311,513.62,28.0,1110.0,19.137282983746672,19.137282983746672,15.1248,28.0,1110.0,19.137282983746672,513.62,512.0,470.0,566.0,96.0,501.0,526.0,756.24
498.04964710397314,497.921568627451,25.0,632.0,11.29435593430544,11.29435593430544,8.272971933871588,25.0,632.0,11.29435593430544,497.921568627451,497.0,465.0,533.0,68.0,492.0,503.5,421.921568627451
563.1064712460545,562.6530612244898,17.0,836.0,22.59271240675211,22.59271240675211,17.9316951270304,17.0,836.0,22.59271240675211,562.6530612244898,562.0,509.0,615.0,106.0,549.0,574.0,878.6530612244898
523.4044169411159,523.0,20.0,1133.0,20.571428571428573,20.571428571428573,16.040816326530614,20.0,1133.0,20.571428571428573,523.0,525.0,477.0,592.0,115.0,510.0,535.0,786.0
501.3153498547596,499.96,4.0,759.0,36.83854503098623,36.83854503098623,32.792,4.0,759.0,36.83854503098623,499.96,489.0,450.0,572.0,122.0,468.25,537.5,1639.6
491.671190939636,491.44,25.0,906.0,15.076020695130396,15.076020695130396,11.452799999999998,25.0,906.0,15.0760206951304,491.44,490.5,467.0,535.0,68.0,480.5,498.0,572.6399999999999
521.8764409396568,521.7647058823529,31.0,616.0,10.798671369426303,10.798671369426303,8.592848904267589,31.0,616.0,10.798671369426303,521.7647058823529,523.0,498.0,545.0,47.0,514.5,527.0,438.2352941176471
491.6619773787678,489.94,11.0,1070.0,41.11321442067015,41.11321442067015,30.535200000000003,11.0,1070.0,41.11321442067015,489.94,488.0,417.0,606.0,189.0,462.25,508.5,1526.7600000000002
495.1536933114808,494.98,28.0,784.0,13.114099282832962,13.114099282832962,10.576800000000002,28.0,784.0,13.114099282832962,494.98,492.0,467.0,531.0,64.0,488.0,503.0,528.8400000000001
528.1633919796515,527.9411764705883,19.0,695.0,15.319360766761498,15.319360766761498,12.258362168396769,19.0,695.0,15.3193607667615,527.9411764705883,530.0,484.0,559.0,75.0,517.0,538.5,625.1764705882351
486.0219542366373,465.54,5.0,2651.0,139.6060471469628,139.6060471469628,99.46,5.0,2651.0,139.60604714696282,465.54,474.5,1.0,744.0,743.0,421.5,535.0,4973.0
526.0957466981439,525.8775510204082,27.0,961.0,15.150446417698728,15.150446417698728,12.314035818409,27.0,961.0,15.150446417698728,525.8775510204082,522.0,490.0,557.0,67.0,517.0,536.0,603.387755102041
475.592550940197,472.62745098039215,8.0,1314.0,53.02421229571384,53.02421229571384,43.291810841983846,8.0,1314.0,53.02421229571384,472.62745098039215,468.0,383.0,650.0,267.0,424.5,512.5,2207.882352941176
507.32431441830187,506.04,16.0,1708.0,36.07600864840788,36.07600864840788,27.5232,16.0,1708.0,36.07600864840788,506.04,505.5,431.0,616.0,185.0,484.5,528.75,1376.16
521.5294814293819,521.0,24.0,1245.0,23.49468024894146,23.49468024894146,19.52,24.0,1245.0,23.49468024894146,521.0,521.0,461.0,563.0,102.0,502.0,540.75,976.0
516.4004536901847,516.0816326530612,19.0,864.0,18.14323591808644,18.14323591808644,14.161599333610996,19.0,864.0,18.143235918086443,516.0816326530612,517.0,473.0,559.0,86.0,508.0,527.0,693.9183673469388
512.016940089657,511.8775510204082,26.0,622.0,11.946535067748638,11.946535067748638,9.47188671386922,26.0,622.0,11.946535067748638,511.8775510204082,512.0,477.0,544.0,67.0,505.0,518.0,464.1224489795918
536.0141416044916,535.68,26.0,1065.0,18.92346691280432,18.92346691280432,14.945600000000004,26.0,1065.0,18.92346691280432,535.68,536.0,498.0,577.0,79.0,525.5,546.0,747.2800000000002
524.4127191439964,524.3,26.0,546.0,10.872442227944925,10.872442227944925,8.344000000000005,26.0,546.0,10.872442227944925,524.3,525.5,498.0,547.0,49.0,518.0,530.75,417.2000000000003
569.7093293952628,569.32,17.0,1004.0,21.05843299013485,21.05843299013485,17.358400000000007,17.0,1004.0,21.058432990134857,569.32,565.0,530.0,615.0,85.0,555.0,585.25,867.9200000000003
527.7972515801026,527.734693877551,28.0,436.0,8.125986307994717,8.125986307994717,6.279050395668466,28.0,436.0,8.125986307994717,527.734693877551,527.0,512.0,552.0,40.0,523.0,532.0,307.67346938775484
516.1820027858391,515.74,18.0,915.0,21.35678814803387,21.35678814803387,17.78,18.0,915.0,21.35678814803387,515.74,515.0,478.0,562.0,84.0,500.0,533.25,889.0
503.6972503399239,503.36,10.0,566.0,18.4290640022764,18.4290640022764,15.6144,10.0,566.0,18.4290640022764,503.36,500.0,470.0,546.0,76.0,487.25,516.5,780.72
526.447281311244,525.98,21.0,1002.0,22.176104256609182,22.176104256609182,18.7376,21.0,1002.0,22.176104256609182,525.98,522.0,481.0,579.0,98.0,508.75,543.75,936.88
533.0272038085861,532.52,20.0,1058.0,23.24757191622385,23.24757191622385,19.1808,20.0,1058.0,23.24757191622385,532.52,529.0,486.0,579.0,93.0,519.0,553.25,959.04
538.3276140047062,537.78,15.0,1002.0,24.275329039994496,24.275329039994496,20.1624,15.0,1002.0,24.27532903999449,537.78,533.0,477.0,603.0,126.0,522.0,558.0,1008.12
494.6309735550332,494.52,26.0,571.0,10.477098835078346,10.477098835078346,8.48,26.0,571.0,10.477098835078344,494.52,494.5,476.0,518.0,42.0,487.25,501.0,424.0
519.9711722778485,519.46,25.0,1409.0,23.050561815279035,23.050561815279035,17.924799999999994,25.0,1409.0,23.050561815279035,519.46,521.5,469.0,582.0,113.0,503.25,530.75,896.2399999999998
544.2946260987702,531.8,7.0,1413.0,115.9543013432447,115.9543013432447,94.296,7.0,1413.0,115.9543013432447,531.8,517.5,353.0,785.0,432.0,437.5,608.75,4714.799999999999
541.5347818930932,541.2,19.0,903.0,19.03890753168364,19.03890753168364,15.056000000000004,19.0,903.0,19.03890753168364,541.2,537.0,495.0,590.0,95.0,529.25,550.75,752.8000000000002
538.6410121778697,538.46,14.0,443.0,13.96310853642555,13.96310853642555,11.044799999999997,14.0,443.0,13.96310853642555,538.46,539.0,505.0,564.0,59.0,529.25,547.25,552.2399999999998
507.3451290788156,506.84,24.0,1081.0,22.63392144547648,22.63392144547648,17.96,24.0,1081.0,22.63392144547648,506.84,506.5,446.0,545.0,99.0,495.25,523.75,898.0
521.6150112870603,521.46,17.0,561.0,12.71567536546919,12.71567536546919,10.176800000000004,17.0,561.0,12.71567536546919,521.46,519.5,495.0,550.0,55.0,513.0,529.25,508.84000000000015
523.0527124487551,522.86,19.0,651.0,14.197196906431918,14.197196906431918,11.3512,19.0,651.0,14.197196906431918,522.86,523.5,485.0,554.0,69.0,512.25,531.5,567.56
488.35362187660695,487.46,9.0,677.0,29.52978835007119,29.52978835007119,25.6168,9.0,677.0,29.52978835007119,487.46,481.5,438.0,544.0,106.0,462.25,513.5,1280.84
478.7166803026609,478.42,24.0,849.0,16.85121954043683,16.85121954043683,13.704,24.0,849.0,16.85121954043683,478.42,474.0,442.0,516.0,74.0,468.0,488.75,685.2
532.912438085908,532.3333333333334,19.0,946.0,24.83724801359621,24.83724801359621,19.568627450980397,19.0,946.0,24.83724801359621,532.3333333333334,531.0,473.0,587.0,114.0,516.5,545.0,998.0
476.5666794898695,475.84,20.0,1188.0,26.307687089518147,26.307687089518147,20.3728,20.0,1188.0,26.307687089518147,475.84,480.0,408.0,527.0,119.0,460.5,492.0,1018.64
495.7360386334647,495.42,17.0,880.0,17.698689217001355,17.698689217001355,14.207200000000002,17.0,880.0,17.698689217001355,495.42,493.0,466.0,548.0,82.0,484.25,507.75,710.3600000000001
508.2661704264804,507.86,15.0,918.0,20.315521159940744,20.315521159940744,16.882399999999997,15.0,918.0,20.315521159940744,507.86,511.0,459.0,548.0,89.0,491.25,522.75,844.1199999999999
511.897294386286,511.36,22.0,1151.0,23.447609686277197,23.447609686277197,19.52,22.0,1151.0,23.447609686277197,511.36,510.5,464.0,574.0,110.0,493.0,526.75,976.0
514.6459365427847,512.16,19.0,1705.0,50.52300861983577,50.52300861983577,40.0128,19.0,1705.0,50.52300861983577,512.16,504.0,414.0,650.0,236.0,476.75,536.5,2000.64
399.2715617220941,398.46,21.0,1113.0,25.44422134788172,25.44422134788172,20.115199999999994,21.0,1113.0,25.44422134788172,398.46,394.0,351.0,485.0,134.0,380.0,413.0,1005.7599999999998
524.5022592897003,524.1,20.0,1119.0,20.538013535880243,20.538013535880243,16.723999999999997,20.0,1119.0,20.538013535880243,524.1,526.5,469.0,561.0,92.0,512.25,540.25,836.1999999999998
505.7871291363591,505.7,24.0,542.0,9.387757985802574,9.387757985802574,7.512,24.0,542.0,9.387757985802574,505.7,506.5,486.0,533.0,47.0,498.5,512.0,375.6
495.50592327438426,495.44,30.0,498.0,8.082474868504077,8.082474868504077,6.3824000000000005,30.0,498.0,8.082474868504077,495.44,496.0,478.0,516.0,38.0,490.0,501.0,319.12
490.225580727893,489.52,28.0,1571.0,26.29238673076296,26.29238673076296,20.7216,28.0,1571.0,26.29238673076296,489.52,488.5,434.0,549.0,115.0,471.0,506.75,1036.08
593.4101111373145,579.6,9.0,1670.0,127.27686356914992,127.27686356914992,83.92,9.0,1670.0,127.27686356914992,579.6,546.5,440.0,978.0,538.0,506.5,582.75,4196.0
499.7386375720342,499.2941176470589,14.0,918.0,21.07344218199589,21.07344218199589,17.217993079584772,14.0,918.0,21.073442181995897,499.2941176470589,503.0,450.0,559.0,109.0,485.5,514.0,878.1176470588234
504.817273872438,503.28,22.0,2041.0,39.36650352774552,39.36650352774552,30.5136,22.0,2041.0,39.36650352774552,503.28,495.0,431.0,619.0,188.0,481.0,528.25,1525.6799999999998
549.4728018746697,549.12,13.0,780.0,19.687193807142755,19.687193807142755,15.9648,13.0,780.0,19.687193807142755,549.12,548.0,503.0,593.0,90.0,536.25,563.5,798.24
525.1275273683526,524.36,11.0,1021.0,28.38151511107185,28.38151511107185,23.7712,11.0,1021.0,28.38151511107185,524.36,526.5,453.0,577.0,124.0,507.25,547.75,1188.56
496.4563424914622,493.62,16.0,1899.0,52.9924107773934,52.9924107773934,41.7704,16.0,1899.0,52.9924107773934,493.62,499.0,338.0,604.0,266.0,464.5,530.0,2088.52
514.798348870701,514.34,15.0,819.0,21.71875687050251,21.71875687050251,18.2872,15.0,819.0,21.71875687050251,514.34,513.0,482.0,562.0,80.0,495.0,533.25,914.36
507.1343214573433,506.42,29.0,1781.0,26.907314990537422,26.907314990537422,22.207200000000004,29.0,1781.0,26.907314990537422,506.42,501.5,458.0,567.0,109.0,488.0,528.75,1110.36
499.13795688166215,497.62,6.0,799.0,38.89775829016372,38.89775829016372,34.6792,6.0,799.0,38.89775829016371,497.62,485.5,437.0,572.0,135.0,465.25,537.5,1733.96
508.2395301430223,507.9,23.0,1063.0,18.57444481000711,18.57444481000711,15.116000000000003,23.0,1063.0,18.57444481000711,507.9,512.5,462.0,545.0,83.0,494.5,519.0,755.8000000000002
494.11439970921714,494.0,23.0,601.0,10.63202708800161,10.63202708800161,7.92,23.0,601.0,10.63202708800161,494.0,494.0,466.0,511.0,45.0,489.25,499.75,396.0
489.27918660921966,488.7755102040816,27.0,1241.0,22.19511373521847,22.19511373521847,17.739275301957516,27.0,1241.0,22.195113735218477,488.7755102040816,490.0,456.0,561.0,105.0,473.0,503.0,869.2244897959183
577.9705874869412,577.12,15.0,1371.0,31.34494536603948,31.34494536603948,24.9504,15.0,1371.0,31.34494536603948,577.12,578.0,508.0,640.0,132.0,561.0,603.0,1247.52
511.58663000512433,511.0,16.0,935.0,24.49244781560226,24.49244781560226,20.28,16.0,935.0,24.49244781560226,511.0,507.5,449.0,573.0,124.0,494.0,527.5,1014.0
497.7200216989467,497.58,24.0,662.0,11.805236126397473,11.805236126397473,9.7568,24.0,662.0,11.805236126397473,497.58,498.5,477.0,523.0,46.0,487.5,506.0,487.84
504.8894532469459,504.76,24.0,578.0,11.432515033884714,11.432515033884714,8.6608,24.0,578.0,11.432515033884714,504.76,503.5,487.0,546.0,59.0,496.25,510.0,433.04
502.9654660113357,502.22,22.0,1477.0,27.373921896578864,27.373921896578864,21.797600000000003,22.0,1477.0,27.373921896578867,502.22,500.0,454.0,585.0,131.0,481.5,516.25,1089.88
512.3226522417294,511.66,26.0,1431.0,26.04888481298192,26.04888481298192,18.9128,26.0,1431.0,26.04888481298192,511.66,507.5,450.0,608.0,158.0,498.0,521.75,945.64
526.8176344808514,526.3,20.0,1147.0,23.34801918793112,23.34801918793112,18.232,20.0,1147.0,23.34801918793112,526.3,526.0,469.0,579.0,110.0,511.5,539.75,911.6
483.2868713300621,482.56,22.0,1432.0,26.49615821208803,26.49615821208803,22.1776,22.0,1432.0,26.49615821208803,482.56,489.0,418.0,546.0,128.0,464.25,499.0,1108.88
501.3844632614776,500.74,13.0,1031.0,25.41323277349814,25.41323277349814,19.3992,13.0,1031.0,25.413232773498137,500.74,496.5,443.0,574.0,131.0,486.25,514.75,969.96
532.5480260032892,532.08,18.0,1044.0,22.322042917260063,22.322042917260063,17.796799999999998,18.0,1044.0,22.32204291726006,532.08,534.0,486.0,591.0,105.0,517.0,546.75,889.8399999999999
480.1518093270086,479.76,18.0,824.0,19.393359688305686,19.393359688305686,16.0992,18.0,824.0,19.393359688305686,479.76,481.0,433.0,514.0,81.0,466.0,496.75,804.96
494.4890494237461,493.66,13.0,1005.0,28.622096359281585,28.622096359281585,23.98,13.0,1005.0,28.622096359281574,493.66,493.5,432.0,556.0,124.0,472.0,515.75,1199.0
505.4986844691092,504.84,29.0,1415.0,25.797178140254022,25.797178140254022,19.180799999999994,29.0,1415.0,25.797178140254022,504.84,501.5,454.0,583.0,129.0,493.0,517.0,959.0399999999996
544.0617428196914,531.34,5.0,1440.0,116.96574028321284,116.96574028321284,96.6336,5.0,1440.0,116.96574028321284,531.34,519.5,353.0,785.0,432.0,435.25,608.75,4831.68
512.9429402964818,512.78,24.0,668.0,12.927938737478607,12.927938737478607,10.175999999999997,24.0,668.0,12.927938737478607,512.78,509.5,493.0,548.0,55.0,505.25,521.25,508.7999999999997
514.4257963982756,513.9,28.0,1405.0,23.252741773821,23.252741773821,18.94,28.0,1405.0,23.252741773821,513.9,513.0,469.0,563.0,94.0,500.0,527.75,947.0
523.7243549807475,523.44,13.0,735.0,17.255909132815926,17.255909132815926,13.897600000000002,13.0,735.0,17.255909132815923,523.44,522.0,492.0,563.0,71.0,511.0,532.75,694.8800000000001
532.5468430100774,531.34,10.0,1088.0,35.832169903593616,35.832169903593616,29.312,10.0,1088.0,35.832169903593616,531.34,542.5,443.0,606.0,163.0,509.25,554.0,1465.6
497.9249742682124,496.2,11.0,1147.0,41.41062665548542,41.41062665548542,36.04,11.0,1147.0,41.41062665548542,496.2,496.0,411.0,574.0,163.0,461.5,534.75,1802.0
514.5158306602431,513.9,20.0,1218.0,25.16604855753084,25.16604855753084,19.919999999999995,20.0,1218.0,25.16604855753084,513.9,507.0,458.0,580.0,122.0,497.5,528.75,995.9999999999998
519.090286453326,518.6470588235294,27.0,1378.0,21.44653500914543,21.44653500914543,16.636678200692046,27.0,1378.0,21.446535009145432,518.6470588235294,522.0,469.0,568.0,99.0,507.0,530.5,848.4705882352943
520.3328165703178,520.16,16.0,678.0,13.409489177444458,13.409489177444458,11.0864,16.0,678.0,13.409489177444456,520.16,520.0,490.0,544.0,54.0,511.25,531.0,554.3199999999999
490.3801994371306,485.1,13.0,1743.0,71.76858644281633,71.76858644281633,49.06799999999999,13.0,1743.0,71.76858644281633,485.1,499.0,271.0,615.0,344.0,472.5,521.25,2453.4
534.3518129472379,533.98,15.0,792.0,19.93036878735564,19.93036878735564,16.378400000000003,15.0,792.0,19.930368787355643,533.98,531.5,489.0,583.0,94.0,519.0,548.75,818.9200000000001
500.3928048879934,499.8571428571428,28.0,1416.0,23.147265893995925,23.147265893995925,19.067055393586003,28.0,1416.0,23.147265893995925,499.8571428571428,493.0,450.0,553.0,103.0,485.0,516.0,934.2857142857142
494.7483218372593,493.8627450980392,29.0,1827.0,29.58869657510206,29.58869657510206,23.653210303729328,29.0,1827.0,29.588696575102052,493.8627450980392,492.0,428.0,560.0,132.0,473.0,515.5,1206.3137254901958
496.21386518314864,494.4,11.0,1422.0,42.38914955504533,42.38914955504533,34.544000000000004,11.0,1422.0,42.389149555045336,494.4,495.0,408.0,577.0,169.0,464.25,524.25,1727.2000000000005
508.6908491412048,508.18,25.0,1057.0,22.79183187021175,22.79183187021175,18.18,25.0,1057.0,22.791831870211748,508.18,508.0,449.0,559.0,110.0,494.0,523.0,909.0
503.36348695550015,502.76,20.0,1195.0,24.641071405277817,24.641071405277817,19.0304,20.0,1195.0,24.641071405277817,502.76,502.0,438.0,559.0,121.0,487.25,523.25,951.52
520.2008073811497,520.0,23.0,690.0,14.452681412111732,14.452681412111732,10.72,23.0,690.0,14.452681412111732,520.0,518.0,487.0,565.0,78.0,510.25,528.0,536.0
536.6579543806279,535.88,22.0,1305.0,28.885733502890314,28.885733502890314,22.2208,22.0,1305.0,28.885733502890314,535.88,531.0,462.0,625.0,163.0,519.0,552.0,1111.04
523.8797381078982,523.5,21.0,1067.0,19.9431692566653,19.9431692566653,15.16,21.0,1067.0,19.9431692566653,523.5,522.0,477.0,592.0,115.0,511.5,533.0,758.0
523.6892781029607,523.18,31.0,1409.0,23.08998917279954,23.08998917279954,19.1144,31.0,1409.0,23.089989172799537,523.18,517.5,484.0,591.0,107.0,507.25,539.25,955.7199999999998
494.4699990899347,493.94,28.0,1446.0,22.88790947203348,22.88790947203348,18.4648,28.0,1446.0,22.887909472033485,493.94,497.0,416.0,538.0,122.0,479.0,509.5,923.24
485.3810667918558,484.86,22.0,1280.0,22.484670333362686,22.484670333362686,17.391199999999998,22.0,1280.0,22.484670333362683,484.86,486.0,432.0,530.0,98.0,472.0,498.5,869.56
521.8886854493015,521.52,14.0,892.0,19.613505551022744,19.613505551022744,16.2,14.0,892.0,19.613505551022744,521.52,523.0,484.0,575.0,91.0,505.25,534.75,810.0
480.3264931273311,480.06,25.0,897.0,15.99801237654228,15.99801237654228,12.787200000000002,25.0,897.0,15.99801237654228,480.06,478.5,442.0,516.0,74.0,469.0,488.75,639.3600000000001
522.4539038352121,522.1632653061224,22.0,885.0,17.42429331425069,17.42429331425069,14.384006663890045,22.0,885.0,17.42429331425069,522.1632653061224,521.0,492.0,575.0,83.0,507.0,536.0,704.8163265306121
504.4252769241446,503.18,23.0,1576.0,35.42241663128026,35.42241663128026,25.296,23.0,1576.0,35.42241663128025,503.18,495.0,450.0,656.0,206.0,479.0,518.0,1264.8
529.5999055891155,528.7,17.0,1291.0,30.86049254305576,30.86049254305576,23.492000000000008,17.0,1291.0,30.86049254305576,528.7,527.0,421.0,603.0,182.0,512.0,554.75,1174.6000000000004
512.8202609101945,512.54,28.0,1017.0,16.95194384134162,16.95194384134162,13.355200000000004,28.0,1017.0,16.951943841341617,512.54,514.0,477.0,545.0,68.0,501.25,522.0,667.7600000000002
513.6425410730695,513.38,27.0,953.0,16.420584642454116,16.420584642454116,12.8504,27.0,953.0,16.420584642454116,513.38,512.5,487.0,564.0,77.0,501.0,523.5,642.52
508.0278732510648,507.88,23.0,624.0,12.25665533495986,12.25665533495986,9.9056,23.0,624.0,12.25665533495986,507.88,505.5,479.0,540.0,61.0,501.0,516.0,495.28
515.5888252616555,515.0204081632653,13.0,954.0,24.20363423202153,24.20363423202153,20.473969179508536,13.0,954.0,24.20363423202153,515.0204081632653,511.0,476.0,569.0,93.0,496.0,535.0,1003.2244897959184
589.692173934842,589.42,21.0,1020.0,17.914340624203838,17.914340624203838,14.82,21.0,1020.0,17.914340624203838,589.42,588.5,550.0,626.0,76.0,578.0,602.5,741.0
514.562940756522,514.18,23.0,1192.0,19.848113260458792,19.848113260458792,15.918400000000004,23.0,1192.0,19.84811326045879,514.18,515.5,462.0,552.0,90.0,499.5,526.75,795.9200000000003
546.6605711042274,545.66,16.0,930.0,33.05970961759949,33.05970961759949,24.1128,16.0,930.0,33.05970961759949,545.66,543.0,449.0,638.0,189.0,527.0,558.0,1205.64
526.1608879420819,525.32,28.0,1862.0,29.735124011848345,29.735124011848345,23.88,28.0,1862.0,29.735124011848345,525.32,525.5,470.0,587.0,117.0,503.75,544.75,1194.0
487.780893434747,484.08,19.0,2468.0,59.97294056489143,59.97294056489143,45.6928,19.0,2468.0,59.97294056489143,484.08,473.5,369.0,643.0,274.0,452.25,523.75,2284.64
498.6915680057163,498.56,21.0,647.0,11.454536219332496,11.454536219332496,9.1872,21.0,647.0,11.454536219332496,498.56,497.0,476.0,524.0,48.0,491.25,506.0,459.36
527.7872866979651,527.54,19.0,679.0,16.15451639635183,16.15451639635183,12.096800000000004,19.0,679.0,16.154516396351827,527.54,528.5,477.0,563.0,86.0,520.25,538.5,604.8400000000001
521.9891378180201,521.86,25.0,706.0,11.610357444971278,11.610357444971278,9.4488,25.0,706.0,11.610357444971278,521.86,520.0,489.0,546.0,57.0,515.0,531.0,472.44000000000005
508.9459106820685,508.82,24.0,627.0,11.320229679648731,11.320229679648731,9.4784,24.0,627.0,11.320229679648731,508.82,507.5,487.0,533.0,46.0,499.25,517.0,473.92
494.9238325237531,494.56,25.0,1069.0,18.973834615069247,18.973834615069247,15.68,25.0,1069.0,18.97383461506925,494.56,494.5,448.0,539.0,91.0,480.25,508.0,784.0
530.837696476051,530.14,10.0,1072.0,27.20735929854274,27.20735929854274,22.04320000000001,10.0,1072.0,27.20735929854274,530.14,533.0,445.0,578.0,133.0,513.25,553.5,1102.1600000000003
500.3656263173961,500.24,23.0,564.0,11.21170816602002,11.21170816602002,8.7904,23.0,564.0,11.21170816602002,500.24,501.0,474.0,526.0,52.0,492.25,506.25,439.52
494.1697076915986,494.06,24.0,528.0,10.412319626288852,10.412319626288852,8.7096,24.0,528.0,10.412319626288852,494.06,491.5,471.0,519.0,48.0,487.0,501.75,435.48
539.0874882614138,538.96,19.0,461.0,11.72341247248428,11.72341247248428,9.6416,19.0,461.0,11.72341247248428,538.96,539.0,515.0,568.0,53.0,531.5,548.0,482.0799999999999
573.4888490633449,552.98,7.0,3035.0,151.99532755976415,151.99532755976415,119.816,7.0,3035.0,151.99532755976418,552.98,527.5,151.0,866.0,715.0,474.25,687.75,5990.799999999999
508.24100582302486,508.12,23.0,548.0,11.089887285270308,11.089887285270308,9.0304,23.0,548.0,11.089887285270308,508.12,509.0,484.0,538.0,54.0,500.0,516.75,451.52
586.857049100061,586.5686274509804,24.0,1033.0,18.396776041044383,18.396776041044383,15.408688965782396,24.0,1033.0,18.396776041044376,586.5686274509804,586.0,550.0,625.0,75.0,575.0,600.5,785.8431372549022
523.1566304654849,522.18,17.0,1538.0,31.951644715100347,31.951644715100347,24.1328,17.0,1538.0,31.951644715100347,522.18,523.0,456.0,619.0,163.0,506.0,542.25,1206.64
499.9933599559098,499.36,24.0,1389.0,25.15850552000257,25.15850552000257,20.097600000000003,24.0,1389.0,25.15850552000257,499.36,494.5,456.0,581.0,125.0,480.0,513.5,1004.88
496.6537634855028,496.2156862745098,32.0,1481.0,20.855538339515192,20.855538339515192,17.88081507112649,32.0,1481.0,20.855538339515192,496.2156862745098,497.0,463.0,538.0,75.0,479.0,512.5,911.921568627451
524.4575673970202,524.38,23.0,493.0,9.01973392068746,9.01973392068746,7.1,23.0,493.0,9.01973392068746,524.38,524.5,499.0,542.0,43.0,519.0,530.75,355.0
502.4694219552071,502.32,27.0,697.0,12.253064922704034,12.253064922704034,10.4272,27.0,697.0,12.253064922704032,502.32,506.5,466.0,520.0,54.0,493.25,511.75,521.36
516.3444974045913,510.96,15.0,2032.0,74.3741783147888,74.3741783147888,55.71359999999999,15.0,2032.0,74.3741783147888,510.96,502.5,367.0,761.0,394.0,464.5,537.75,2785.6799999999994
515.7370454020149,515.3,27.0,1216.0,21.22757640429072,21.22757640429072,17.516000000000005,27.0,1216.0,21.22757640429072,515.3,517.0,476.0,560.0,84.0,500.5,530.75,875.8000000000002
235.6713813766958,227.48,4.0,1177.0,61.59423349632658,61.59423349632658,49.9792,4.0,1177.0,61.59423349632659,227.48,222.0,97.0,358.0,261.0,191.5,270.5,2498.96
510.49930460285645,510.1,21.0,992.0,20.18737229061772,20.18737229061772,16.112000000000002,21.0,992.0,20.18737229061772,510.1,509.5,463.0,559.0,96.0,494.25,523.0,805.6000000000001
473.35559572059566,473.12,22.0,749.0,14.932702367622548,14.932702367622548,11.7648,22.0,749.0,14.932702367622545,473.12,473.0,438.0,501.0,63.0,466.0,483.5,588.24
527.6169761004546,527.3061224489796,27.0,992.0,18.10874642843883,18.10874642843883,14.949604331528532,27.0,992.0,18.10874642843883,527.3061224489796,525.0,480.0,564.0,84.0,516.0,542.0,732.5306122448982
525.3232528643673,525.24,20.0,419.0,9.35213344643884,9.35213344643884,7.238400000000001,20.0,419.0,9.35213344643884,525.24,524.0,501.0,554.0,53.0,519.25,529.0,361.9200000000001
560.7826138531757,560.14,20.0,1147.0,26.838785367449105,26.838785367449105,22.0656,20.0,1147.0,26.838785367449105,560.14,560.0,503.0,619.0,116.0,540.5,581.5,1103.2799999999995
510.33116698865257,510.02,30.0,1099.0,17.818518456931262,17.818518456931262,13.820799999999998,30.0,1099.0,17.818518456931262,510.02,510.0,477.0,567.0,90.0,501.0,521.75,691.04
490.25070637587135,489.4693877551021,28.0,1605.0,27.667192714230705,27.667192714230705,22.666389004581426,28.0,1605.0,27.667192714230705,489.4693877551021,493.0,422.0,558.0,136.0,472.0,510.0,1110.6530612244896
520.0352872642394,519.5,23.0,1337.0,23.589192440607203,23.589192440607203,19.0,23.0,1337.0,23.589192440607203,519.5,520.0,469.0,565.0,96.0,504.0,535.5,950.0
545.6529299838863,545.28,26.0,1157.0,20.1703148215391,20.1703148215391,16.046400000000002,26.0,1157.0,20.170314821539105,545.28,546.5,507.0,591.0,84.0,532.5,557.5,802.3200000000002
509.611322480182,509.02,17.0,1225.0,24.542607848392965,24.542607848392965,20.54,17.0,1225.0,24.542607848392965,509.02,509.0,456.0,560.0,104.0,491.0,529.0,1027.0
548.0643392887372,547.96,15.0,425.0,10.693848699135405,10.693848699135405,8.76,15.0,425.0,10.693848699135406,547.96,547.5,526.0,569.0,43.0,539.5,555.0,438.0
511.411341289964,511.16,21.0,769.0,16.031668659250666,16.031668659250666,11.532800000000002,21.0,769.0,16.031668659250663,511.16,510.5,462.0,564.0,102.0,502.0,520.0,576.6400000000001
535.1304700724861,534.82,29.0,1092.0,18.22601437506292,18.22601437506292,14.812800000000005,29.0,1092.0,18.22601437506292,534.82,532.5,503.0,587.0,84.0,521.0,543.75,740.6400000000001
525.2806868713145,525.16,21.0,565.0,11.25941383909482,11.25941383909482,8.713600000000001,21.0,565.0,11.259413839094822,525.16,526.0,498.0,553.0,55.0,519.25,531.0,435.68000000000006
519.9541710574116,519.86,25.0,516.0,9.895473712763833,9.895473712763833,8.031199999999998,25.0,516.0,9.895473712763833,519.86,520.5,498.0,537.0,39.0,513.0,526.75,401.56
522.3819101002637,521.98,26.0,1202.0,20.487547437406946,20.487547437406946,15.7408,26.0,1202.0,20.487547437406946,521.98,523.5,463.0,575.0,112.0,508.75,533.5,787.04
530.9969303112778,530.7,17.0,877.0,17.755280904564703,17.755280904564703,13.363999999999995,17.0,877.0,17.755280904564703,530.7,533.0,477.0,566.0,89.0,521.0,541.75,668.1999999999998
525.1560529975828,525.0,26.0,734.0,12.801562404644208,12.801562404644208,11.16,26.0,734.0,12.801562404644208,525.0,522.0,504.0,552.0,48.0,514.25,534.0,558.0
474.8266209891775,474.64,23.0,683.0,13.311288442521256,13.311288442521256,10.68,23.0,683.0,13.311288442521258,474.64,474.0,445.0,501.0,56.0,466.0,483.0,534.0
500.2066173092875,499.46,24.0,1508.0,27.319743776250903,27.319743776250903,21.3152,24.0,1508.0,27.319743776250903,499.46,497.5,451.0,558.0,107.0,482.25,514.5,1065.76
522.7067437866093,522.46,20.0,930.0,16.05890407219621,16.05890407219621,13.398400000000002,20.0,930.0,16.05890407219621,522.46,520.5,491.0,566.0,75.0,509.75,533.75,669.9200000000001
501.36098771244656,500.04,15.0,1483.0,36.37084546721453,36.37084546721453,29.9248,15.0,1483.0,36.37084546721453,500.04,497.0,436.0,593.0,157.0,472.25,523.5,1496.24
512.7126875746299,512.5,14.0,588.0,14.76651617681029,14.76651617681029,12.34,14.0,588.0,14.76651617681029,512.5,510.5,479.0,552.0,73.0,502.25,523.75,617.0
492.3047633326332,491.02,8.0,1049.0,35.54348885520385,35.54348885520385,30.858400000000003,8.0,1049.0,35.54348885520385,491.02,492.5,422.0,556.0,134.0,460.25,519.5,1542.92
521.106246364405,519.68,12.0,1151.0,38.52814036519281,38.52814036519281,27.585600000000003,12.0,1151.0,38.52814036519282,519.68,525.5,399.0,615.0,216.0,504.0,543.0,1379.2800000000002
528.3326982120262,527.28,30.0,1972.0,33.33529060920273,33.33529060920273,26.3136,30.0,1972.0,33.33529060920274,527.28,524.5,479.0,640.0,161.0,504.5,547.75,1315.6799999999998
514.2601287286425,513.68,22.0,1254.0,24.42002457001221,24.42002457001221,18.228799999999996,22.0,1254.0,24.42002457001221,513.68,511.0,442.0,575.0,133.0,502.0,525.5,911.4399999999996
516.7209498365631,516.14,22.0,1213.0,24.49572207549718,24.49572207549718,20.1568,22.0,1213.0,24.495722075497184,516.14,512.0,463.0,570.0,107.0,499.75,535.5,1007.84
517.8797039420467,517.1428571428571,19.0,1344.0,27.61617390632688,27.61617390632688,21.49271137026239,19.0,1344.0,27.61617390632688,517.1428571428571,517.0,464.0,592.0,128.0,501.0,532.0,1053.142857142857
515.3787927340434,505.22,7.0,2189.0,101.8236298704775,101.8236298704775,72.1664,7.0,2189.0,101.8236298704775,505.22,486.5,271.0,797.0,526.0,449.0,535.0,3608.32
511.98777329151136,511.6,17.0,798.0,19.922851201572527,19.922851201572527,17.0,17.0,798.0,19.92285120157253,511.6,512.0,465.0,547.0,82.0,495.5,528.0,850.0
516.5854817936718,515.96,25.0,1125.0,25.413350821959707,25.413350821959707,17.244799999999994,25.0,1125.0,25.413350821959703,515.96,518.5,421.0,551.0,130.0,508.25,533.5,862.2399999999998
539.1827148564761,538.04,15.0,1247.0,35.085016745043745,35.085016745043745,21.966399999999997,15.0,1247.0,35.085016745043745,538.04,535.0,477.0,702.0,225.0,516.25,551.75,1098.3199999999997
502.1527456860114,501.66,30.0,1337.0,22.2401528771724,22.2401528771724,16.46,30.0,1337.0,22.2401528771724,501.66,501.5,442.0,550.0,108.0,489.5,512.0,823.0
540.1399078016732,539.76,17.0,866.0,20.25493520108124,20.25493520108124,15.6496,17.0,866.0,20.25493520108124,539.76,540.0,485.0,587.0,102.0,528.25,554.75,782.48
493.2256887064987,493.1,30.0,731.0,11.134181604410806,11.134181604410806,9.276000000000003,30.0,731.0,11.134181604410806,493.1,492.0,473.0,521.0,48.0,484.0,501.75,463.8000000000002
543.5579085985228,543.28,19.0,849.0,17.379344061269975,17.379344061269975,14.1424,19.0,849.0,17.379344061269975,543.28,541.5,503.0,587.0,84.0,532.0,557.5,707.1199999999999
525.0928395970359,524.7254901960785,25.0,1197.0,19.637976844971316,19.637976844971316,15.281814686658976,25.0,1197.0,19.637976844971316,524.7254901960785,526.0,473.0,567.0,94.0,511.5,535.0,779.3725490196077
572.7052121292419,572.5,24.0,945.0,15.33003587732266,15.33003587732266,11.96,24.0,945.0,15.33003587732266,572.5,571.0,544.0,614.0,70.0,562.25,579.75,598.0
563.6703646636038,563.44,36.0,1129.0,16.11354709553424,16.11354709553424,12.835200000000004,36.0,1129.0,16.11354709553424,563.44,562.5,530.0,602.0,72.0,553.25,573.75,641.7600000000002
534.26570168784,533.92,25.0,1033.0,19.216492916242547,19.216492916242547,15.2832,25.0,1033.0,19.216492916242547,533.92,536.0,498.0,577.0,79.0,524.25,545.0,764.1600000000001
497.3813024230002,497.28,15.0,447.0,10.038007770469198,10.038007770469198,7.633599999999997,15.0,447.0,10.038007770469198,497.28,497.0,473.0,522.0,49.0,490.25,501.75,381.67999999999984
